SKU,PhotoURL
005035663,https://resources.cdn-kaspi.kz/img/m/p/pe0/pd7/128883934.png?format=gallery-large
006060923,https://resources.cdn-kaspi.kz/img/m/p/pde/p1d/132132428.jpg?format=gallery-large
007956226,https://resources.cdn-kaspi.kz/img/m/p/pfe/pf9/158547048.?format=gallery-large
011387707,https://resources.cdn-kaspi.kz/img/m/p/p59/pf7/132329162.jpg?format=gallery-large
021143210,https://resources.cdn-kaspi.kz/img/m/p/p14/p39/108402761.png?format=gallery-large
028195882,https://resources.cdn-kaspi.kz/img/m/p/p9a/pad/108426627.jpg?format=gallery-large
028590442,https://resources.cdn-kaspi.kz/img/m/p/p71/p6b/108543979.png?format=gallery-large
046332866,https://resources.cdn-kaspi.kz/img/m/p/p50/p44/108402609.png?format=gallery-large
046528698,https://resources.cdn-kaspi.kz/img/m/p/paf/p4d/108822167.png?format=gallery-large
052044615,https://resources.cdn-kaspi.kz/img/m/p/p49/pa7/108402529.png?format=gallery-large
058123134,https://resources.cdn-kaspi.kz/img/m/p/p6a/pde/41660427.jpg?format=gallery-large
059644753,https://resources.cdn-kaspi.kz/img/m/p/pa8/p75/117930752.jpeg?format=gallery-large
070958260,https://resources.cdn-kaspi.kz/img/m/p/p0a/p0e/122419918.jpeg?format=gallery-large
081080016,https://resources.cdn-kaspi.kz/img/m/p/p08/p14/132132905.jpg?format=gallery-large
081947003,https://resources.cdn-kaspi.kz/img/m/p/pb3/p20/121443160.jpeg?format=gallery-large
085086338,https://resources.cdn-kaspi.kz/img/m/p/pd9/p11/55418709.jpeg?format=gallery-large
086421889,https://resources.cdn-kaspi.kz/img/m/p/h27/hf0/86912141983774.jpg?format=gallery-large
088213838,https://resources.cdn-kaspi.kz/img/m/p/pea/p4e/132133348.jpg?format=gallery-large
089075499,https://resources.cdn-kaspi.kz/img/m/p/p86/p91/108584632.png?format=gallery-large
089467213,https://resources.cdn-kaspi.kz/img/m/p/pcf/pf7/121444946.jpeg?format=gallery-large
100111919_116421084,https://resources.cdn-kaspi.kz/img/m/p/h65/h63/63855765979166.jpg?format=gallery-large
100328867_496499472,https://resources.cdn-kaspi.kz/img/m/p/pea/p4c/38355319.jpg?format=gallery-large
100330542_346060634,https://resources.cdn-kaspi.kz/img/m/p/hf1/h31/63923042418718.jpg?format=gallery-large
100389612_138340509,https://resources.cdn-kaspi.kz/img/m/p/hc1/h64/63905624686622.jpg?format=gallery-large
100806238_620906959,https://resources.cdn-kaspi.kz/img/m/p/h44/h88/63854412398622.jpg?format=gallery-large
100994666_422284002,https://resources.cdn-kaspi.kz/img/m/p/h63/hc1/64094521917470.jpg?format=gallery-large
101489258_795281587,https://resources.cdn-kaspi.kz/img/m/p/p5b/p1f/36100894.jpg?format=gallery-large
101522172_923186143,https://resources.cdn-kaspi.kz/img/m/p/h92/h93/64224867876894.jpg?format=gallery-large
101598560_136083516,https://resources.cdn-kaspi.kz/img/m/p/hfa/hc1/64340160643102.jpg?format=gallery-large
101969891_860799644,https://resources.cdn-kaspi.kz/img/m/p/pe0/p03/36712370.jpg?format=gallery-large
102969257_319800441,https://resources.cdn-kaspi.kz/img/m/p/h30/h3c/64023057203230.jpg?format=gallery-large
103070688_758657708,https://resources.cdn-kaspi.kz/img/m/p/h7d/hda/64241770037278.jpg?format=gallery-large
103332696_291246610,https://resources.cdn-kaspi.kz/img/m/p/he4/hbb/64350267080734.jpg?format=gallery-large
103362010_465374930,https://resources.cdn-kaspi.kz/img/m/p/h9e/hce/64187523006494.jpg?format=gallery-large
103860233_356483053,https://resources.cdn-kaspi.kz/img/m/p/h7f/h77/64280091066398.jpg?format=gallery-large
103860252_045692694,https://resources.cdn-kaspi.kz/img/m/p/hc3/h87/64817219993630.jpg?format=gallery-large
103872974_793591136,https://resources.cdn-kaspi.kz/img/m/p/h9a/h16/64392498118686.jpg?format=gallery-large
103885169_792460782,https://resources.cdn-kaspi.kz/img/m/p/hf7/h23/80564440137758.jpg?format=gallery-large
103887911_501558877,https://resources.cdn-kaspi.kz/img/m/p/h71/hd9/64311182753822.jpg?format=gallery-large
103936458_418799188,https://resources.cdn-kaspi.kz/img/m/p/hbb/h76/64376626315294.jpg?format=gallery-large
104164630_506324821,https://resources.cdn-kaspi.kz/img/m/p/h7b/h62/64706533490718.jpg?format=gallery-large
104500286_637362545,https://resources.cdn-kaspi.kz/img/m/p/hf4/h97/64440028987422.jpg?format=gallery-large
104757101_310482676,https://resources.cdn-kaspi.kz/img/m/p/h05/he4/64902625001502.jpg?format=gallery-large
104826312_347086329,https://resources.cdn-kaspi.kz/img/m/p/p20/pe2/37032062.jpg?format=gallery-large
104846639_646249774,https://resources.cdn-kaspi.kz/img/m/p/hd0/h80/85880336678942.png?format=gallery-large
104873916_941281735,https://resources.cdn-kaspi.kz/img/m/p/h5b/hec/65122310127646.jpg?format=gallery-large
104886181_543580155,https://resources.cdn-kaspi.kz/img/m/p/h6e/h29/64537383239710.jpg?format=gallery-large
105087150_388959751,https://resources.cdn-kaspi.kz/img/m/p/p8e/pb7/37032602.jpg?format=gallery-large
105280716_126120162,https://resources.cdn-kaspi.kz/img/m/p/p58/pc0/37305483.jpg?format=gallery-large
105280716_419016037,https://resources.cdn-kaspi.kz/img/m/p/h07/h85/86590599561246.jpg?format=gallery-large
105361607_234151162,https://resources.cdn-kaspi.kz/img/m/p/pc4/p7e/37033243.jpg?format=gallery-large
106086894_148709735,https://resources.cdn-kaspi.kz/img/m/p/pdd/pbb/37153704.jpg?format=gallery-large
106183439_193584983,https://resources.cdn-kaspi.kz/img/m/p/pd5/p14/141687523.jpeg?format=gallery-large
106374852_105885128,https://resources.cdn-kaspi.kz/img/m/p/h72/he5/64482526199838.jpg?format=gallery-large
106806862_078008502,https://resources.cdn-kaspi.kz/img/m/p/pac/p17/9260349.jpeg?format=gallery-large
106923250_918235166,https://resources.cdn-kaspi.kz/img/m/p/hbb/h22/86307026698270.jpg?format=gallery-large
107135950_012114643,https://resources.cdn-kaspi.kz/img/m/p/hdc/heb/63822644150302.jpg?format=gallery-large
107214955_328758723,https://resources.cdn-kaspi.kz/img/m/p/p72/pb2/50483420.jpg?format=gallery-large
107667706_813233255,https://resources.cdn-kaspi.kz/img/m/p/hc2/h16/65999748169758.jpg?format=gallery-large
107741855_565183077,https://resources.cdn-kaspi.kz/img/m/p/hae/h37/66173841539102.jpg?format=gallery-large
107903020_310165602,https://resources.cdn-kaspi.kz/img/m/p/hff/h96/66538557145118.jpg?format=gallery-large
108272500_947195992,https://resources.cdn-kaspi.kz/img/m/p/h9a/h58/67431910506526.jpg?format=gallery-large
108548414_203978671,https://resources.cdn-kaspi.kz/img/m/p/h3a/h4e/68134071468062.jpg?format=gallery-large
108592048_023023157,https://resources.cdn-kaspi.kz/img/m/p/ha1/h9b/68248849416222.jpg?format=gallery-large
108777301_369711555,https://resources.cdn-kaspi.kz/img/m/p/h6b/h29/68705822015518.jpg?format=gallery-large
108809970_352766506,https://resources.cdn-kaspi.kz/img/m/p/h3b/hf0/68782484848670.jpg?format=gallery-large
109017831_453880941,https://resources.cdn-kaspi.kz/img/m/p/p73/pa6/23046226.jpg?format=gallery-large
109034001_527068053,https://resources.cdn-kaspi.kz/img/m/p/hba/h3b/69332876230686.jpg?format=gallery-large
109311896_510473333,https://resources.cdn-kaspi.kz/img/m/p/p23/p0a/37198899.jpg?format=gallery-large
109401830_259141017,https://resources.cdn-kaspi.kz/img/m/p/h2f/h01/70167086628894.jpg?format=gallery-large
109488802_863532365,https://resources.cdn-kaspi.kz/img/m/p/ha2/h36/79165706600478.jpg?format=gallery-large
109521799_688713739,https://resources.cdn-kaspi.kz/img/m/p/h77/h76/79249808162846.jpg?format=gallery-large
109563421,https://resources.cdn-kaspi.kz/img/m/p/p2d/p4d/70897595.jpeg?format=gallery-large
109782650_882028535,https://resources.cdn-kaspi.kz/img/m/p/p3c/p26/37199175.jpg?format=gallery-large
109972948_569784426,https://resources.cdn-kaspi.kz/img/m/p/h6b/h23/80264837693470.jpg?format=gallery-large
110048226_622001554,https://resources.cdn-kaspi.kz/img/m/p/hc1/h3a/80454594789406.jpg?format=gallery-large
110494114_705022937,https://resources.cdn-kaspi.kz/img/m/p/pc2/p12/104392751.png?format=gallery-large
110700807_945320717,https://resources.cdn-kaspi.kz/img/m/p/hfe/hd4/81111676059678.jpg?format=gallery-large
1110000,https://resources.cdn-kaspi.kz/img/m/p/p20/pca/117930586.jpeg?format=gallery-large
111010351_279156719,https://resources.cdn-kaspi.kz/img/m/p/h79/he1/81413944705054.jpg?format=gallery-large
111386737_580370750,https://resources.cdn-kaspi.kz/img/m/p/h15/h23/81762827370526.jpg?format=gallery-large
112209318_588506326,https://resources.cdn-kaspi.kz/img/m/p/h78/h2d/82376667365406.jpg?format=gallery-large
112289366_989248739,https://resources.cdn-kaspi.kz/img/m/p/he7/h9c/82465120616478.jpg?format=gallery-large
112371282_931748610,https://resources.cdn-kaspi.kz/img/m/p/hf7/hf8/82574749532190.jpg?format=gallery-large
112708746_096599856,https://resources.cdn-kaspi.kz/img/m/p/p72/p80/53929640.png?format=gallery-large
112708746_414951126,https://resources.cdn-kaspi.kz/img/m/p/p72/p80/53929640.png?format=gallery-large
112725045_842409675,https://resources.cdn-kaspi.kz/img/m/p/ha8/h88/83009548550174.jpg?format=gallery-large
113221206_597116090,https://resources.cdn-kaspi.kz/img/m/p/h9a/h4f/83648569901086.jpg?format=gallery-large
113468450_106539484,https://resources.cdn-kaspi.kz/img/m/p/h25/h4c/83960567496734.jpg?format=gallery-large
113518537_462948675,https://resources.cdn-kaspi.kz/img/m/p/h5c/h24/84011903680542.png?format=gallery-large
113518537_957036830,https://resources.cdn-kaspi.kz/img/m/p/h5c/h24/84011903680542.png?format=gallery-large
113588117_934029071,https://resources.cdn-kaspi.kz/img/m/p/hac/hb6/86532877189150.jpg?format=gallery-large
113624344_090757716,https://resources.cdn-kaspi.kz/img/m/p/h44/hdd/84097886126110.jpg?format=gallery-large
11387707,https://resources.cdn-kaspi.kz/img/m/p/p59/pf7/132329162.jpg?format=gallery-large
114056377_929580212,https://resources.cdn-kaspi.kz/img/m/p/he0/h18/84343964237854.jpg?format=gallery-large
114097991_996642107,https://resources.cdn-kaspi.kz/img/m/p/p22/pc7/14464220.jpg?format=gallery-large
114337762_069179836,https://resources.cdn-kaspi.kz/img/m/p/h99/hf7/84451782492190.jpg?format=gallery-large
114371776_130773016,https://resources.cdn-kaspi.kz/img/m/p/hf1/h5f/84461446070302.jpg?format=gallery-large
114430416_191251900,https://resources.cdn-kaspi.kz/img/m/p/h6e/h85/84472864407582.jpg?format=gallery-large
114521726_778833915,https://resources.cdn-kaspi.kz/img/m/p/pd9/p40/10432510.jpg?format=gallery-large
114656733,https://resources.cdn-kaspi.kz/img/m/p/ha1/h20/85291842568222.jpg?format=gallery-large
114826281_790012306,https://resources.cdn-kaspi.kz/img/m/p/hcb/ha3/84568048271390.jpg?format=gallery-large
114879982_315563968,https://resources.cdn-kaspi.kz/img/m/p/he5/hdb/84582096961566.jpg?format=gallery-large
115193369_803568938,https://resources.cdn-kaspi.kz/img/m/p/h74/h23/84669480566814.jpg?format=gallery-large
115729551_866653539,https://resources.cdn-kaspi.kz/img/m/p/pf4/p8f/41491711.jpg?format=gallery-large
115757290_096159913,https://resources.cdn-kaspi.kz/img/m/p/h2c/hfd/84820160151582.jpg?format=gallery-large
115757332_511530342,https://resources.cdn-kaspi.kz/img/m/p/hc8/haa/84820161855518.jpg?format=gallery-large
115757392_220227329,https://resources.cdn-kaspi.kz/img/m/p/hae/hff/84820233715742.jpg?format=gallery-large
115862542_049744026,https://resources.cdn-kaspi.kz/img/m/p/h18/hd2/84879033204766.jpg?format=gallery-large
116148818_284482288,https://resources.cdn-kaspi.kz/img/m/p/h86/ha5/86592174063646.jpg?format=gallery-large
116150747,https://resources.cdn-kaspi.kz/img/m/p/ped/p7e/130974508.jpeg?format=gallery-large
116201066_143718433,https://resources.cdn-kaspi.kz/img/m/p/p62/p07/37577735.jpg?format=gallery-large
116223660_503684716,https://resources.cdn-kaspi.kz/img/m/p/h2d/h77/85017450610718.jpg?format=gallery-large
116429224_295427397,https://resources.cdn-kaspi.kz/img/m/p/h68/h97/85092629839902.jpg?format=gallery-large
116684987_394145061,https://resources.cdn-kaspi.kz/img/m/p/h68/h53/85191223705630.jpg?format=gallery-large
116882208_370233511,https://resources.cdn-kaspi.kz/img/m/p/h8e/ha9/85247862407198.jpg?format=gallery-large
116969861_097224061,https://resources.cdn-kaspi.kz/img/m/p/he7/hbb/85273902972958.jpg?format=gallery-large
117084016_764475312,https://resources.cdn-kaspi.kz/img/m/p/h4d/h5e/85315603267614.jpg?format=gallery-large
117084016_971529027,https://resources.cdn-kaspi.kz/img/m/p/h4d/h5e/85315603267614.jpg?format=gallery-large
117084019_902332516,https://resources.cdn-kaspi.kz/img/m/p/hd1/he5/85315632267294.jpg?format=gallery-large
117155763_322446166,https://resources.cdn-kaspi.kz/img/m/p/h23/hff/85341731291166.png?format=gallery-large
117227938_345815302,https://resources.cdn-kaspi.kz/img/m/p/h30/h81/85365903360030.jpg?format=gallery-large
117603070_708685781,https://resources.cdn-kaspi.kz/img/m/p/hba/hc3/85484890128414.jpg?format=gallery-large
117692333_580029721,https://resources.cdn-kaspi.kz/img/m/p/h1c/h72/86165640052766.jpg?format=gallery-large
117784497_965977362,https://resources.cdn-kaspi.kz/img/m/p/hc9/h52/85536309379102.jpg?format=gallery-large
117784503_060667485,https://resources.cdn-kaspi.kz/img/m/p/pd7/pf2/24777474.jpg?format=gallery-large
118294242_939419879,https://resources.cdn-kaspi.kz/img/m/p/h20/h86/85704189673502.jpg?format=gallery-large
118712317_587388241,https://resources.cdn-kaspi.kz/img/m/p/h98/h7c/85830140559390.jpg?format=gallery-large
118889054_625974022,https://resources.cdn-kaspi.kz/img/m/p/h0c/h2f/85882488684574.jpg?format=gallery-large
119005671_575231936,https://resources.cdn-kaspi.kz/img/m/p/h9b/had/85916105768990.jpg?format=gallery-large
119388709_369832255,https://resources.cdn-kaspi.kz/img/m/p/h88/h90/86012753838110.jpg?format=gallery-large
119393194_511530029,https://resources.cdn-kaspi.kz/img/m/p/h6f/h1e/86015082364958.jpg?format=gallery-large
119393309_311694507,https://resources.cdn-kaspi.kz/img/m/p/hd8/h3d/86015087312926.jpg?format=gallery-large
120168458_586253796,https://resources.cdn-kaspi.kz/img/m/p/h45/hc8/86221063913502.jpg?format=gallery-large
120220026_046077875,https://resources.cdn-kaspi.kz/img/m/p/he2/h24/87004224585758.png?format=gallery-large
120305659_413278179,https://resources.cdn-kaspi.kz/img/m/p/pb6/p9c/30975609.jpg?format=gallery-large
120322900_268017621,https://resources.cdn-kaspi.kz/img/m/p/h48/hdd/86260735180830.png?format=gallery-large
120322904_840579760,https://resources.cdn-kaspi.kz/img/m/p/h95/hba/86260735508510.png?format=gallery-large
120610406,https://resources.cdn-kaspi.kz/img/m/p/pf3/p10/95703354.jpeg?format=gallery-large
121013659_727154898,https://resources.cdn-kaspi.kz/img/m/p/h09/h51/86436291182622.jpg?format=gallery-large
121396198_091376129,https://resources.cdn-kaspi.kz/img/m/p/hd1/hee/84461446135838.jpg?format=gallery-large
121473626_889019795,https://resources.cdn-kaspi.kz/img/m/p/h47/h7b/86551370137630.jpg?format=gallery-large
121660995_024070481,https://resources.cdn-kaspi.kz/img/m/p/ha5/hae/86586728022046.jpg?format=gallery-large
121660995_059688293,https://resources.cdn-kaspi.kz/img/m/p/ha5/hae/86586728022046.jpg?format=gallery-large
121715011_067101266,https://resources.cdn-kaspi.kz/img/m/p/p52/pf8/26438743.jpg?format=gallery-large
121721894_752922564,https://resources.cdn-kaspi.kz/img/m/p/p74/p26/64337671.png?format=gallery-large
121795855_620821093,https://resources.cdn-kaspi.kz/img/m/p/h8a/h1e/86619421016094.png?format=gallery-large
121804890_024121379,https://resources.cdn-kaspi.kz/img/m/p/hac/hb5/86621762322462.jpg?format=gallery-large
121822910_552585234,https://resources.cdn-kaspi.kz/img/m/p/hc6/he6/86625294057502.png?format=gallery-large
121963144_296079516,https://resources.cdn-kaspi.kz/img/m/p/hd6/h9b/86661098209310.jpg?format=gallery-large
122039851,https://resources.cdn-kaspi.kz/img/m/p/p70/p9d/107654501.png?format=gallery-large
122053278_349192747,https://resources.cdn-kaspi.kz/img/m/p/h7b/he6/86693226315806.jpg?format=gallery-large
122251174_282429831,https://resources.cdn-kaspi.kz/img/m/p/h7c/h4d/86751157026846.jpg?format=gallery-large
122478060_452348030,https://resources.cdn-kaspi.kz/img/m/p/h47/h50/86823330086942.jpg?format=gallery-large
122634678_965938831,https://resources.cdn-kaspi.kz/img/m/p/hd4/hc7/86922165026846.jpg?format=gallery-large
122634692_528566721,https://resources.cdn-kaspi.kz/img/m/p/hc0/h0f/86922275192862.jpg?format=gallery-large
122822446_864168355,https://resources.cdn-kaspi.kz/img/m/p/h0d/ha6/86925036945438.jpg?format=gallery-large
122893496_100910975,https://resources.cdn-kaspi.kz/img/m/p/had/h70/86947027845150.jpg?format=gallery-large
123114203_916679483,https://resources.cdn-kaspi.kz/img/m/p/pff/pf3/3194863.jpg?format=gallery-large
123147985_678688521,https://resources.cdn-kaspi.kz/img/m/p/h13/hea/87012193566750.jpg?format=gallery-large
123369067_330601708,https://resources.cdn-kaspi.kz/img/m/p/p7d/p9e/90724493.jpg?format=gallery-large
123369067_781597483,https://resources.cdn-kaspi.kz/img/m/p/p7d/p9e/90724493.jpg?format=gallery-large
123441892_003486810,https://resources.cdn-kaspi.kz/img/m/p/h08/hbe/87091689390110.jpg?format=gallery-large
124246677,https://resources.cdn-kaspi.kz/img/m/p/p3b/p95/109701317.png?format=gallery-large
128294764_458043085,https://resources.cdn-kaspi.kz/img/m/p/pea/pb9/2204864.jpg?format=gallery-large
128542391_454721617,https://resources.cdn-kaspi.kz/img/m/p/pba/pe6/3241395.jpeg?format=gallery-large
128772731,https://resources.cdn-kaspi.kz/img/m/p/pa5/p5a/132331121.jpg?format=gallery-large
128791664,https://resources.cdn-kaspi.kz/img/m/p/p25/p34/132439598.jpg?format=gallery-large
129215450_175129886,https://resources.cdn-kaspi.kz/img/m/p/p8f/pe3/5671113.jpg?format=gallery-large
129454716_736000904,https://resources.cdn-kaspi.kz/img/m/p/p9a/pc2/6434430.jpeg?format=gallery-large
129455288_040600056,https://resources.cdn-kaspi.kz/img/m/p/p34/p1e/6436100.jpeg?format=gallery-large
129455345_871805101,https://resources.cdn-kaspi.kz/img/m/p/p6d/p03/6436236.jpeg?format=gallery-large
129985266_127031986,https://resources.cdn-kaspi.kz/img/m/p/pa7/p93/8113540.jpg?format=gallery-large
130255765_791056414,https://resources.cdn-kaspi.kz/img/m/p/pa6/p01/9071093.png?format=gallery-large
130372537_070895537,https://resources.cdn-kaspi.kz/img/m/p/p1d/p24/9523245.jpg?format=gallery-large
130372589_796724750,https://resources.cdn-kaspi.kz/img/m/p/p90/pfb/9523459.jpg?format=gallery-large
130377820_366047778,https://resources.cdn-kaspi.kz/img/m/p/pd3/pef/9543393.jpg?format=gallery-large
130377827_387011714,https://resources.cdn-kaspi.kz/img/m/p/p4f/pc2/26146836.jpg?format=gallery-large
130676926_102602371,https://resources.cdn-kaspi.kz/img/m/p/pe7/p42/15650483.jpg?format=gallery-large
130676926_236426499,https://resources.cdn-kaspi.kz/img/m/p/pe7/p42/15650483.jpg?format=gallery-large
130692490_600120682,https://resources.cdn-kaspi.kz/img/m/p/p2b/pf4/10613144.png?format=gallery-large
130715762_936631518,https://resources.cdn-kaspi.kz/img/m/p/p51/p43/10691552.jpg?format=gallery-large
131185441_741259571,https://resources.cdn-kaspi.kz/img/m/p/p97/p7d/12369485.jpg?format=gallery-large
131366639_837454996,https://resources.cdn-kaspi.kz/img/m/p/ped/pb0/12990815.jpg?format=gallery-large
131438373_037548816,https://resources.cdn-kaspi.kz/img/m/p/p6e/pb8/13245333.jpg?format=gallery-large
131463215_295521248,https://resources.cdn-kaspi.kz/img/m/p/pcd/p59/13327438.jpg?format=gallery-large
131463323_603839015,https://resources.cdn-kaspi.kz/img/m/p/pc5/p6d/13327944.jpg?format=gallery-large
131554976_003977951,https://resources.cdn-kaspi.kz/img/m/p/pdb/pb4/13615435.jpg?format=gallery-large
131632153_852180517,https://resources.cdn-kaspi.kz/img/m/p/pc5/p5a/13884731.jpg?format=gallery-large
132137678_495951387,https://resources.cdn-kaspi.kz/img/m/p/p86/p23/15661415.jpg?format=gallery-large
132378908_197290747,https://resources.cdn-kaspi.kz/img/m/p/p5c/pe1/16537483.jpg?format=gallery-large
132403383_882896473,https://resources.cdn-kaspi.kz/img/m/p/ped/pb0/16623053.jpg?format=gallery-large
132862944_088973559,https://resources.cdn-kaspi.kz/img/m/p/p6c/pa3/18138014.png?format=gallery-large
132872391_131120543,https://resources.cdn-kaspi.kz/img/m/p/p7f/p43/132043005.bin?format=gallery-large
132908656_002808907,https://resources.cdn-kaspi.kz/img/m/p/p55/pd1/18280771.png?format=gallery-large
133595686_021315208,https://resources.cdn-kaspi.kz/img/m/p/p39/p98/20828797.jpg?format=gallery-large
133926491_029492910,https://resources.cdn-kaspi.kz/img/m/p/p1e/p74/22018052.jpg?format=gallery-large
134868130_638297817,https://resources.cdn-kaspi.kz/img/m/p/p2e/pb0/152020056.jpeg?format=gallery-large
134889772_803709461,https://resources.cdn-kaspi.kz/img/m/p/pce/pef/41491333.jpg?format=gallery-large
135516891_662595255,https://resources.cdn-kaspi.kz/img/m/p/pb6/pb3/27550459.jpg?format=gallery-large
135575624_391853357,https://resources.cdn-kaspi.kz/img/m/p/p51/pf5/27664479.jpg?format=gallery-large
136122054_925113445,https://resources.cdn-kaspi.kz/img/m/p/p30/pe3/29479823.jpeg?format=gallery-large
136139007_564212470,https://resources.cdn-kaspi.kz/img/m/p/p16/p09/32181572.jpg?format=gallery-large
136139007_715327970,https://resources.cdn-kaspi.kz/img/m/p/p2f/pbe/29537684.jpg?format=gallery-large
136458098_541365748,https://resources.cdn-kaspi.kz/img/m/p/p51/p8a/150066912.bin?format=gallery-large
136633707_463691029,https://resources.cdn-kaspi.kz/img/m/p/p2c/pd5/31289043.jpg?format=gallery-large
136648338_604724815,https://resources.cdn-kaspi.kz/img/m/p/pbf/p13/31341022.jpg?format=gallery-large
136668071_209867826,https://resources.cdn-kaspi.kz/img/m/p/p1b/p18/32805221.jpeg?format=gallery-large
136694980_585147376,https://pkbookshop.com/cdn/shop/files/English_Grammar_in_Use_Fifth_Edition.webp?v=1754834457
136720609_947824928,https://resources.cdn-kaspi.kz/img/m/p/pc4/p8e/31583686.jpg?format=gallery-large
136723958_044354724,https://resources.cdn-kaspi.kz/img/m/p/pd0/p68/31595211.jpg?format=gallery-large
136894909_618860666,https://resources.cdn-kaspi.kz/img/m/p/p4f/p03/32187325.jpg?format=gallery-large
136894909_624159980,https://resources.cdn-kaspi.kz/img/m/p/p4f/p03/32187325.jpg?format=gallery-large
136963947_124505602,https://resources.cdn-kaspi.kz/img/m/p/p76/pe5/32421130.jpg?format=gallery-large
136963947_586997036,https://resources.cdn-kaspi.kz/img/m/p/p76/pe5/32421130.jpg?format=gallery-large
137085208_499905514,https://resources.cdn-kaspi.kz/img/m/p/p2f/p9c/32850125.jpg?format=gallery-large
137120863_032461094,https://resources.cdn-kaspi.kz/img/m/p/p40/pa4/33063883.jpeg?format=gallery-large
137128533_819130528,https://resources.cdn-kaspi.kz/img/m/p/pec/pe7/33079352.jpeg?format=gallery-large
137332261_169628635,https://resources.cdn-kaspi.kz/img/m/p/pfa/p7c/157449952.bin?format=gallery-large
137353682_322040256,https://resources.cdn-kaspi.kz/img/m/p/pb2/p25/33946108.jpg?format=gallery-large
137677749_901090006,https://resources.cdn-kaspi.kz/img/m/p/p1f/pc0/35119865.jpeg?format=gallery-large
137836913_599126371,https://resources.cdn-kaspi.kz/img/m/p/pac/p17/35681782.jpg?format=gallery-large
137836913_819280945,https://resources.cdn-kaspi.kz/img/m/p/hfd/h9c/86533085429790.jpg?format=gallery-large
137837350_041305935,https://resources.cdn-kaspi.kz/img/m/p/ped/p4a/35683937.jpg?format=gallery-large
137880818_435463374,https://resources.cdn-kaspi.kz/img/m/p/p5d/p98/35841438.jpeg?format=gallery-large
138665037_432602046,https://resources.cdn-kaspi.kz/img/m/p/pb9/p47/38678843.jpg?format=gallery-large
139070305_288509218,https://resources.cdn-kaspi.kz/img/m/p/p9d/pac/40139798.jpg?format=gallery-large
139680459_450195628,https://resources.cdn-kaspi.kz/img/m/p/pd4/pea/42324422.jpg?format=gallery-large
139771167_643627707,https://resources.cdn-kaspi.kz/img/m/p/p77/pf7/42647310.jpg?format=gallery-large
139909946_992606540,https://resources.cdn-kaspi.kz/img/m/p/p2d/p22/43141415.jpg?format=gallery-large
139953398_598105866,https://resources.cdn-kaspi.kz/img/m/p/p69/p16/43292286.jpg?format=gallery-large
139953400_447909789,https://resources.cdn-kaspi.kz/img/m/p/p6c/p37/43292300.jpg?format=gallery-large
140283167_555448055,https://resources.cdn-kaspi.kz/img/m/p/pf8/pf7/45703468.jpg?format=gallery-large
140346503_519195052,https://resources.cdn-kaspi.kz/img/m/p/p30/pb4/44753218.PNG?format=gallery-large
140402283_282983886,https://resources.cdn-kaspi.kz/img/m/p/p26/pf4/44956282.jpg?format=gallery-large
140441928_441708816,https://resources.cdn-kaspi.kz/img/m/p/pc6/p23/45093996.jpg?format=gallery-large
140483055_597419233,https://resources.cdn-kaspi.kz/img/m/p/p5b/p08/45242183.jpg?format=gallery-large
140526625_846077707,https://resources.cdn-kaspi.kz/img/m/p/pbc/pa9/45382339.jpg?format=gallery-large
140665123_546839722,https://resources.cdn-kaspi.kz/img/m/p/pd9/pf0/45874241.jpg?format=gallery-large
141099905_269016274,https://resources.cdn-kaspi.kz/img/m/p/p00/pfd/51689544.jpg?format=gallery-large
141338454_389398628,https://resources.cdn-kaspi.kz/img/m/p/p9f/p43/48816032.jpg?format=gallery-large
141338631_503953024,https://resources.cdn-kaspi.kz/img/m/p/p27/pd4/48816744.jpg?format=gallery-large
141487282_714607697,https://resources.cdn-kaspi.kz/img/m/p/pa3/pa5/49362759.jpg?format=gallery-large
141675136_613318019,https://resources.cdn-kaspi.kz/img/m/p/pd0/pa8/49995717.jpg?format=gallery-large
141831524_045858389,https://resources.cdn-kaspi.kz/img/m/p/p51/pbb/162313677.bin?format=gallery-large
141921315_322233351,https://resources.cdn-kaspi.kz/img/m/p/p61/p58/50921414.jpg?format=gallery-large
142023401_415016886,https://resources.cdn-kaspi.kz/img/m/p/p31/p5e/51309160.jpg?format=gallery-large
142027968_811062246,https://resources.cdn-kaspi.kz/img/m/p/p21/pab/51323380.jpg?format=gallery-large
142040856_451176644,https://resources.cdn-kaspi.kz/img/m/p/pdd/p20/51363580.jpg?format=gallery-large
142261851_024122520,https://resources.cdn-kaspi.kz/img/m/p/p12/p43/52178845.jpeg?format=gallery-large
142343497_508428154,https://resources.cdn-kaspi.kz/img/m/p/pfc/p37/52445667.jpeg?format=gallery-large
142552194_032068077,https://resources.cdn-kaspi.kz/img/m/p/p21/p6d/53126571.png?format=gallery-large
142554110_550220170,https://resources.cdn-kaspi.kz/img/m/p/p7f/pea/53133072.jpg?format=gallery-large
142585673_586594714,https://resources.cdn-kaspi.kz/img/m/p/p7e/pf7/53243719.jpg?format=gallery-large
142681338_761804275,https://resources.cdn-kaspi.kz/img/m/p/p61/p04/53608233.png?format=gallery-large
142933377_222640742,https://resources.cdn-kaspi.kz/img/m/p/ped/pa5/54552611.jpeg?format=gallery-large
142990879_446277789,https://resources.cdn-kaspi.kz/img/m/p/p0e/pa7/54726661.jpeg?format=gallery-large
143098878_516702378,https://resources.cdn-kaspi.kz/img/m/p/p52/pba/55070361.jpeg?format=gallery-large
143557258_209759189,https://resources.cdn-kaspi.kz/img/m/p/p03/p7f/56685051.jpg?format=gallery-large
143569244_812574903,https://resources.cdn-kaspi.kz/img/m/p/p79/p11/56740883.jpg?format=gallery-large
143654326_078013334,https://resources.cdn-kaspi.kz/img/m/p/p1a/p28/57063292.jpg?format=gallery-large
143913601_081510130,https://resources.cdn-kaspi.kz/img/m/p/p73/p9c/57945028.jpeg?format=gallery-large
143913676_083477359,https://resources.cdn-kaspi.kz/img/m/p/pde/p9d/57945361.jpeg?format=gallery-large
143939533_807949210,https://resources.cdn-kaspi.kz/img/m/p/pa0/pcc/58043588.jpeg?format=gallery-large
143939534_562718628,https://resources.cdn-kaspi.kz/img/m/p/p4d/p77/58043592.jpeg?format=gallery-large
143939535_105675623,https://resources.cdn-kaspi.kz/img/m/p/p7a/p70/58043594.jpeg?format=gallery-large
143939536_254209827,https://resources.cdn-kaspi.kz/img/m/p/p10/p6d/58043595.jpeg?format=gallery-large
143939548_150823386,https://resources.cdn-kaspi.kz/img/m/p/p49/p4e/58043644.jpeg?format=gallery-large
143979075_079134712,https://resources.cdn-kaspi.kz/img/m/p/p1d/pda/58187124.jpeg?format=gallery-large
143983458_970096071,https://resources.cdn-kaspi.kz/img/m/p/p26/pb9/58204620.jpeg?format=gallery-large
143989244_209974676,https://resources.cdn-kaspi.kz/img/m/p/pd9/p49/58217052.jpg?format=gallery-large
144188231_811174794,https://resources.cdn-kaspi.kz/img/m/p/p93/p4c/58905584.jpeg?format=gallery-large
144232735_433853299,https://resources.cdn-kaspi.kz/img/m/p/p20/pc5/59092659.jpeg?format=gallery-large
144439472,https://resources.cdn-kaspi.kz/img/m/p/p06/p5e/131969260.jpg?format=gallery-large
144508909_222850499,https://resources.cdn-kaspi.kz/img/m/p/pf8/pa1/60099670.jpeg?format=gallery-large
144508909_576802332,https://resources.cdn-kaspi.kz/img/m/p/pf8/pa1/60099670.jpeg?format=gallery-large
144617207_428728125,https://resources.cdn-kaspi.kz/img/m/p/p2c/pf1/60505902.jpeg?format=gallery-large
144665900,https://resources.cdn-kaspi.kz/img/m/p/p98/p76/69239407.png?format=gallery-large
144690989_531272834,https://resources.cdn-kaspi.kz/img/m/p/pc7/pf0/60819530.jpeg?format=gallery-large
144690989_752818526,https://resources.cdn-kaspi.kz/img/m/p/pc7/pf0/60819530.jpeg?format=gallery-large
144714465_560054284,https://resources.cdn-kaspi.kz/img/m/p/pc3/p24/60902786.jpeg?format=gallery-large
144714556,https://resources.cdn-kaspi.kz/img/m/p/pda/pbb/130933059.jpeg?format=gallery-large
144902575_326667253,https://resources.cdn-kaspi.kz/img/m/p/p17/pe6/61648889.png?format=gallery-large
144940458_469436908,https://resources.cdn-kaspi.kz/img/m/p/p1c/p4b/61801355.png?format=gallery-large
144953068_723370673,https://resources.cdn-kaspi.kz/img/m/p/p11/p93/61844524.jpeg?format=gallery-large
145721633_682073633,https://resources.cdn-kaspi.kz/img/m/p/pa4/p1e/65000674.jpeg?format=gallery-large
146422157_479710499,https://resources.cdn-kaspi.kz/img/m/p/pbb/pd1/67264337.jpg?format=gallery-large
146422827_057076619,https://resources.cdn-kaspi.kz/img/m/p/pc4/pc3/67266309.jpg?format=gallery-large
146438772_497779859,https://resources.cdn-kaspi.kz/img/m/p/pea/p54/67315215.jpg?format=gallery-large
146453308_392690351,https://resources.cdn-kaspi.kz/img/m/p/p0c/p66/67358105.jpeg?format=gallery-large
146453310_166683933,https://resources.cdn-kaspi.kz/img/m/p/pe6/p09/67358111.jpeg?format=gallery-large
146476340_382120131,https://resources.cdn-kaspi.kz/img/m/p/p7f/p0a/67435713.jpg?format=gallery-large
146732268_132606620,https://resources.cdn-kaspi.kz/img/m/p/p06/pc1/68357624.jpg?format=gallery-large
146771578_274446462,https://resources.cdn-kaspi.kz/img/m/p/pa3/p50/68494328.jpeg?format=gallery-large
146869780_887455871,https://resources.cdn-kaspi.kz/img/m/p/p4e/pf6/68844216.jpg?format=gallery-large
147543955_265266788,https://resources.cdn-kaspi.kz/img/m/p/p51/p8b/71099656.jpeg?format=gallery-large
147587419_676517831,https://resources.cdn-kaspi.kz/img/m/p/p21/pe1/71251915.jpg?format=gallery-large
147725922_721248606,https://resources.cdn-kaspi.kz/img/m/p/pce/pca/71642194.jpg?format=gallery-large
147769503_044159437,https://resources.cdn-kaspi.kz/img/m/p/pc1/p5f/71779018.jpeg?format=gallery-large
147782136_883704979,https://resources.cdn-kaspi.kz/img/m/p/peb/pd8/71822095.jpeg?format=gallery-large
147798546_345896268,https://resources.cdn-kaspi.kz/img/m/p/pde/p17/71875621.jpeg?format=gallery-large
147958948_834403235,https://resources.cdn-kaspi.kz/img/m/p/pf4/p4b/72435784.png?format=gallery-large
148389768_285343138,https://resources.cdn-kaspi.kz/img/m/p/pdb/p38/73942531.jpeg?format=gallery-large
148475157_039478447,https://resources.cdn-kaspi.kz/img/m/p/pa2/p4e/74213125.jpg?format=gallery-large
148477535_814177279,https://resources.cdn-kaspi.kz/img/m/p/p8f/p7d/74221086.png?format=gallery-large
148580269_225122362,https://resources.cdn-kaspi.kz/img/m/p/p01/pb6/74576141.jpeg?format=gallery-large
148657623_279762253,https://resources.cdn-kaspi.kz/img/m/p/pa9/pe4/74827860.jpg?format=gallery-large
148807623_986293066,https://resources.cdn-kaspi.kz/img/m/p/pf6/p6f/75239108.jpeg?format=gallery-large
149597435_989362122,https://resources.cdn-kaspi.kz/img/m/p/pdc/pbf/78047985.jpg?format=gallery-large
149876924_065442563,https://resources.cdn-kaspi.kz/img/m/p/p6e/p6b/79087258.jpeg?format=gallery-large
150100030_427052042,https://resources.cdn-kaspi.kz/img/m/p/p0c/paa/79900753.jpeg?format=gallery-large
150210674_080164124,https://resources.cdn-kaspi.kz/img/m/p/pfb/paf/84343009.png?format=gallery-large
150210674_150366744,https://resources.cdn-kaspi.kz/img/m/p/pfb/paf/84343009.png?format=gallery-large
150210674_493590544,https://resources.cdn-kaspi.kz/img/m/p/pa4/p64/80245505.jpeg?format=gallery-large
150238007_812941330,https://resources.cdn-kaspi.kz/img/m/p/p14/p23/80339800.jpeg?format=gallery-large
150238007_983762988,https://resources.cdn-kaspi.kz/img/m/p/p14/p23/80339800.jpeg?format=gallery-large
150285899_097261196,https://resources.cdn-kaspi.kz/img/m/p/p42/p6b/80510571.jpeg?format=gallery-large
150355917_558198313,https://resources.cdn-kaspi.kz/img/m/p/p53/p7c/80743803.jpeg?format=gallery-large
150380988_540798762,https://resources.cdn-kaspi.kz/img/m/p/pc5/p1c/80828580.jpg?format=gallery-large
150471963_689785944,https://resources.cdn-kaspi.kz/img/m/p/pd2/p7d/81132432.jpeg?format=gallery-large
150472703_069431396,https://resources.cdn-kaspi.kz/img/m/p/p43/pa1/81135578.jpg?format=gallery-large
150472719_482770168,https://resources.cdn-kaspi.kz/img/m/p/p83/pf2/81135602.jpg?format=gallery-large
150605190_744704791,https://resources.cdn-kaspi.kz/img/m/p/p0f/p2b/81601969.jpeg?format=gallery-large
150746791_618663071,https://resources.cdn-kaspi.kz/img/m/p/p57/pbd/82070126.jpg?format=gallery-large
150746821_939420664,https://resources.cdn-kaspi.kz/img/m/p/p89/pcb/82070263.jpg?format=gallery-large
150879950_829577816,https://resources.cdn-kaspi.kz/img/m/p/pd1/pc0/82419755.jpg?format=gallery-large
151244557_897187317,https://resources.cdn-kaspi.kz/img/m/p/p48/p2a/83549788.jpg?format=gallery-large
151244623_808935136,https://resources.cdn-kaspi.kz/img/m/p/p62/pb3/83550013.jpg?format=gallery-large
151499457_926986802,https://resources.cdn-kaspi.kz/img/m/p/p99/p3a/84340259.jpg?format=gallery-large
151673504_119896204,https://resources.cdn-kaspi.kz/img/m/p/pfa/p88/84917282.jpg?format=gallery-large
151844968_598502747,https://resources.cdn-kaspi.kz/img/m/p/p56/p69/85473460.png?format=gallery-large
151845138_033225184,https://resources.cdn-kaspi.kz/img/m/p/p03/p58/85473963.png?format=gallery-large
152306121_896590617,https://resources.cdn-kaspi.kz/img/m/p/p29/p4e/87011901.jpg?format=gallery-large
152325556_854840380,https://resources.cdn-kaspi.kz/img/m/p/pee/p9f/87083416.jpg?format=gallery-large
152558298_875570059,https://resources.cdn-kaspi.kz/img/m/p/p3e/p8d/87881079.png?format=gallery-large
152588258_970611517,https://resources.cdn-kaspi.kz/img/m/p/p74/p90/87974024.jpg?format=gallery-large
152588503_122837322,https://resources.cdn-kaspi.kz/img/m/p/p54/p7a/87974770.jpg?format=gallery-large
152588521_891082486,https://resources.cdn-kaspi.kz/img/m/p/p5f/p21/87974822.jpg?format=gallery-large
152589044_825169064,https://resources.cdn-kaspi.kz/img/m/p/pfc/p2f/87976401.jpg?format=gallery-large
152589381_414485022,https://resources.cdn-kaspi.kz/img/m/p/ped/pa6/87977424.jpg?format=gallery-large
152589474_784647014,https://resources.cdn-kaspi.kz/img/m/p/p87/p1f/87977710.jpg?format=gallery-large
152595252_334963583,https://resources.cdn-kaspi.kz/img/m/p/pe8/p39/87995087.jpg?format=gallery-large
152596845_352376304,https://resources.cdn-kaspi.kz/img/m/p/paa/p4f/87999873.jpg?format=gallery-large
152608975_156110700,https://resources.cdn-kaspi.kz/img/m/p/p41/p6e/88037080.jpg?format=gallery-large
152608981_470629491,https://resources.cdn-kaspi.kz/img/m/p/p29/pc0/88037110.jpg?format=gallery-large
152608991_044696275,https://resources.cdn-kaspi.kz/img/m/p/p64/pcb/88037149.jpg?format=gallery-large
152608993_127666338,https://resources.cdn-kaspi.kz/img/m/p/pff/pd1/88037167.jpg?format=gallery-large
152609001_211994900,https://resources.cdn-kaspi.kz/img/m/p/p3c/pdc/88037197.jpg?format=gallery-large
152609016_237189003,https://resources.cdn-kaspi.kz/img/m/p/pe6/pc0/88037276.jpg?format=gallery-large
152609018_315324739,https://resources.cdn-kaspi.kz/img/m/p/pad/pc0/88037278.jpg?format=gallery-large
152609032_411482489,https://resources.cdn-kaspi.kz/img/m/p/ped/p5d/88037356.jpg?format=gallery-large
152609070_831653985,https://resources.cdn-kaspi.kz/img/m/p/p3b/pd5/88037626.jpg?format=gallery-large
152609078_084729100,https://resources.cdn-kaspi.kz/img/m/p/p99/pe9/88037685.jpg?format=gallery-large
152609083_173976946,https://resources.cdn-kaspi.kz/img/m/p/pe8/pc7/88037705.jpg?format=gallery-large
152609094_229993531,https://resources.cdn-kaspi.kz/img/m/p/p74/pb0/88037771.jpg?format=gallery-large
152791499_842076297,https://resources.cdn-kaspi.kz/img/m/p/pac/p96/88639010.jpg?format=gallery-large
152791520_242696501,https://resources.cdn-kaspi.kz/img/m/p/p47/p25/88639137.jpg?format=gallery-large
153334861_575351509,https://resources.cdn-kaspi.kz/img/m/p/pd1/pae/90577896.jpg?format=gallery-large
153334927_138137819,https://resources.cdn-kaspi.kz/img/m/p/p53/pf9/90578264.jpg?format=gallery-large
153334953_943817707,https://resources.cdn-kaspi.kz/img/m/p/pbe/p92/90578393.jpg?format=gallery-large
153334961_006978936,https://resources.cdn-kaspi.kz/img/m/p/p57/p3a/90578440.jpg?format=gallery-large
153433346,https://resources.cdn-kaspi.kz/img/m/p/p35/paa/107655645.png?format=gallery-large
153647569_636472048,https://resources.cdn-kaspi.kz/img/m/p/p74/p51/91766041.jpg?format=gallery-large
153647735_781289163,https://resources.cdn-kaspi.kz/img/m/p/p2a/p7b/91766313.png?format=gallery-large
153648159_079071851,https://resources.cdn-kaspi.kz/img/m/p/p76/p02/91767281.jpg?format=gallery-large
153660801_431263342,https://resources.cdn-kaspi.kz/img/m/p/p1b/p69/91816483.jpeg?format=gallery-large
153680124_067327837,https://resources.cdn-kaspi.kz/img/m/p/p7a/p9c/91885280.jpg?format=gallery-large
153724702_562555954,https://resources.cdn-kaspi.kz/img/m/p/p3a/p52/92048290.jpg?format=gallery-large
153733583_718364850,https://resources.cdn-kaspi.kz/img/m/p/pf6/pde/92083272.png?format=gallery-large
154038770_156030974,https://resources.cdn-kaspi.kz/img/m/p/p62/pcc/93168999.jpeg?format=gallery-large
154140424_572908110,https://resources.cdn-kaspi.kz/img/m/p/pc7/p29/93518168.jpeg?format=gallery-large
154249349_580698271,https://resources.cdn-kaspi.kz/img/m/p/pf5/p9c/93897693.jpg?format=gallery-large
154249437_042779573,https://resources.cdn-kaspi.kz/img/m/p/p86/p10/93898141.jpg?format=gallery-large
154256176_150858061,https://resources.cdn-kaspi.kz/img/m/p/p29/pc0/93940022.jpg?format=gallery-large
154312749_915384678,https://resources.cdn-kaspi.kz/img/m/p/p1a/pb8/94221932.jpg?format=gallery-large
154312810_215111415,https://resources.cdn-kaspi.kz/img/m/p/pd6/p5b/94222020.jpg?format=gallery-large
154328594_932095564,https://resources.cdn-kaspi.kz/img/m/p/p49/p6e/94310088.jpg?format=gallery-large
154329007_691986448,https://resources.cdn-kaspi.kz/img/m/p/p62/p4d/94311892.jpg?format=gallery-large
154330568_391282377,https://resources.cdn-kaspi.kz/img/m/p/p3e/p50/94318915.jpg?format=gallery-large
154527642_862723695,https://resources.cdn-kaspi.kz/img/m/p/p17/pe6/95169346.jpeg?format=gallery-large
154653278_477045488,https://resources.cdn-kaspi.kz/img/m/p/p6d/p79/95583498.jpeg?format=gallery-large
154790546_122099711,https://resources.cdn-kaspi.kz/img/m/p/p5b/p37/96195920.jpeg?format=gallery-large
154802516_419862220,https://resources.cdn-kaspi.kz/img/m/p/p5f/pf3/96236052.jpeg?format=gallery-large
154891747_205554148,https://resources.cdn-kaspi.kz/img/m/p/pc6/p96/96572100.jpg?format=gallery-large
154891761_809222223,https://resources.cdn-kaspi.kz/img/m/p/pd2/p9d/96572122.jpg?format=gallery-large
154891763_200074479,https://resources.cdn-kaspi.kz/img/m/p/p5f/p9e/96572127.jpg?format=gallery-large
154891798_786329548,https://resources.cdn-kaspi.kz/img/m/p/pee/pb5/96572194.jpg?format=gallery-large
154891802_829723129,https://resources.cdn-kaspi.kz/img/m/p/pa7/pfe/96572207.jpg?format=gallery-large
154891804_493577182,https://resources.cdn-kaspi.kz/img/m/p/p6e/pfe/96572209.jpg?format=gallery-large
154891806_280211339,https://resources.cdn-kaspi.kz/img/m/p/pe6/pfb/96572211.jpg?format=gallery-large
154891810_004310924,https://resources.cdn-kaspi.kz/img/m/p/p44/pf8/96572223.jpg?format=gallery-large
154891811_743850345,https://resources.cdn-kaspi.kz/img/m/p/p28/pf8/96572224.jpg?format=gallery-large
154891995_789454155,https://resources.cdn-kaspi.kz/img/m/p/pa9/pbf/96572670.jpg?format=gallery-large
154932940_582874120,https://resources.cdn-kaspi.kz/img/m/p/pdf/pf0/96755745.jpg?format=gallery-large
155112436_511786992,https://resources.cdn-kaspi.kz/img/m/p/pbe/p01/133857707.bin?format=gallery-large
156833866_625960726,https://resources.cdn-kaspi.kz/img/m/p/p4e/p95/104602832.jpeg?format=gallery-large
157472890_164861157,https://resources.cdn-kaspi.kz/img/m/p/p63/p87/107022480.png?format=gallery-large
157472899_423292847,https://resources.cdn-kaspi.kz/img/m/p/p4e/pe4/107022547.png?format=gallery-large
157472904_345574631,https://resources.cdn-kaspi.kz/img/m/p/p5c/pea/107022560.png?format=gallery-large
157472909_804049192,https://resources.cdn-kaspi.kz/img/m/p/p0d/pb9/107022624.png?format=gallery-large
157472910_043387152,https://resources.cdn-kaspi.kz/img/m/p/p80/pb8/107022629.png?format=gallery-large
159437192_045488339,https://resources.cdn-kaspi.kz/img/m/p/pb0/pe9/114334302.png?format=gallery-large
159437192_882200074,https://resources.cdn-kaspi.kz/img/m/p/pb0/pe9/114334302.png?format=gallery-large
159959263_367843484,https://resources.cdn-kaspi.kz/img/m/p/p57/p29/116243151.jpeg?format=gallery-large
161151638_437252126,https://resources.cdn-kaspi.kz/img/m/p/p7e/pcd/120507966.jpeg?format=gallery-large
162751825_436131700,https://resources.cdn-kaspi.kz/img/m/p/p6e/pb3/126463162.jpg?format=gallery-large
162773826_478761297,https://resources.cdn-kaspi.kz/img/m/p/pf9/p2e/126539303.jpeg?format=gallery-large
162828103,https://resources.cdn-kaspi.kz/img/m/p/pae/p2a/94706026.jpeg?format=gallery-large
163990682_866042885,https://resources.cdn-kaspi.kz/img/m/p/p0e/p2a/130966340.jpeg?format=gallery-large
166128998_832307966,https://resources.cdn-kaspi.kz/img/m/p/pc0/p81/138128697.bin?format=gallery-large
167445435,https://resources.cdn-kaspi.kz/img/m/p/p95/p29/117930501.jpeg?format=gallery-large
171003412,https://resources.cdn-kaspi.kz/img/m/p/p40/p05/120507784.jpeg?format=gallery-large
171145833,https://resources.cdn-kaspi.kz/img/m/p/p77/p27/109074826.png?format=gallery-large
177307128,https://basket-29.wbbasket.ru/vol5765/part576518/576518080/images/big/1.webp
177629394,https://basket-38.wbbasket.ru/vol8596/part859660/859660385/images/big/1.webp
179071767,https://resources.cdn-kaspi.kz/img/m/p/p9c/p1c/55883871.jpeg?format=gallery-large
183864615,https://resources.cdn-kaspi.kz/img/m/p/p7c/pdf/110167993.png?format=gallery-large
187101146,https://resources.cdn-kaspi.kz/img/m/p/p3b/p24/79101872.jpeg?format=gallery-large
188913252,https://resources.cdn-kaspi.kz/img/m/p/pf5/p0a/133129797.jpeg?format=gallery-large
193333983,https://resources.cdn-kaspi.kz/img/m/p/pb4/p98/132140414.png?format=gallery-large
194425023,https://resources.cdn-kaspi.kz/img/m/p/pbd/paf/121206652.jpeg?format=gallery-large
195177099,https://resources.cdn-kaspi.kz/img/m/p/pdd/p1e/122734511.jpeg?format=gallery-large
197721709,https://resources.cdn-kaspi.kz/img/m/p/p2f/pc6/132133937.jpg?format=gallery-large
200264416,https://basket-35.wbbasket.ru/vol7675/part767533/767533654/images/big/1.webp
200283518,https://basket-29.wbbasket.ru/vol5776/part577678/577678582/images/big/1.webp
201957732,https://resources.cdn-kaspi.kz/img/m/p/p23/p26/122320702.jpeg?format=gallery-large
202141206,https://resources.cdn-kaspi.kz/img/m/p/h0d/h12/63761782177822.jpg?format=gallery-large
203763081,https://resources.cdn-kaspi.kz/img/m/p/p35/p50/101255116.jpeg?format=gallery-large
204634086,https://resources.cdn-kaspi.kz/img/m/p/p08/p17/107653879.png?format=gallery-large
205080128,https://resources.cdn-kaspi.kz/img/m/p/pbc/pd6/117930498.jpeg?format=gallery-large
208242152,https://resources.cdn-kaspi.kz/img/m/p/p88/p66/132134948.jpg?format=gallery-large
208758950,https://resources.cdn-kaspi.kz/img/m/p/pc3/pd9/93352334.jpeg?format=gallery-large
211225072,https://resources.cdn-kaspi.kz/img/m/p/pb8/p07/108424212.jpg?format=gallery-large
216435814,https://resources.cdn-kaspi.kz/img/m/p/pd9/pcd/101443421.jpeg?format=gallery-large
219381150,https://resources.cdn-kaspi.kz/img/m/p/p41/p0a/129235823.jpg?format=gallery-large
222539685,https://resources.cdn-kaspi.kz/img/m/p/p04/pee/122320693.jpeg?format=gallery-large
223664394,https://resources.cdn-kaspi.kz/img/m/p/pcf/p35/108980944.png?format=gallery-large
228852330,https://resources.cdn-kaspi.kz/img/m/p/p83/p46/108424645.jpg?format=gallery-large
231065937,https://resources.cdn-kaspi.kz/img/m/p/pf4/p9c/125538601.jpg?format=gallery-large
247255224,https://basket-01.wbbasket.ru/vol29/part2990/2990205/images/big/1.webp
251015959,https://resources.cdn-kaspi.kz/img/m/p/p31/pe7/122320695.jpeg?format=gallery-large
259194770,https://resources.cdn-kaspi.kz/img/m/p/pe3/pc0/107210746.png?format=gallery-large
259983797,https://resources.cdn-kaspi.kz/img/m/p/pbc/pbf/93076858.jpeg?format=gallery-large
26000798_766072214,https://resources.cdn-kaspi.kz/img/m/p/h49/h78/63772958425118.jpg?format=gallery-large
26008475_828735002,https://resources.cdn-kaspi.kz/img/m/p/p8b/pad/38099063.jpg?format=gallery-large
26010446_295433590,https://resources.cdn-kaspi.kz/img/m/p/hb2/h00/63780993761310.jpg?format=gallery-large
26012122_166973313,https://resources.cdn-kaspi.kz/img/m/p/h14/h2b/63781896781854.jpg?format=gallery-large
26015746_910883442,https://resources.cdn-kaspi.kz/img/m/p/hc9/h3f/63824800186398.jpg?format=gallery-large
26017679_661922667,https://resources.cdn-kaspi.kz/img/m/p/h34/had/63811180265502.jpg?format=gallery-large
26017904_239759617,https://resources.cdn-kaspi.kz/img/m/p/h49/h55/63812064739358.jpg?format=gallery-large
26027189_098768761,https://resources.cdn-kaspi.kz/img/m/p/p2b/pfd/38357278.jpg?format=gallery-large
263497294,https://resources.cdn-kaspi.kz/img/m/p/pd1/p36/107654707.png?format=gallery-large
270381377,https://resources.cdn-kaspi.kz/img/m/p/pee/pb3/109700593.png?format=gallery-large
276962749,https://resources.cdn-kaspi.kz/img/m/p/p1a/p15/117930507.jpeg?format=gallery-large
282464364,https://basket-17.wbbasket.ru/vol2824/part282464/282464364/images/big/1.webp
286166769,https://resources.cdn-kaspi.kz/img/m/p/p90/pab/109159629.png?format=gallery-large
293077030,https://resources.cdn-kaspi.kz/img/m/p/p2e/pe5/107654951.png?format=gallery-large
296612838,https://resources.cdn-kaspi.kz/img/m/p/p8a/pce/108921177.png?format=gallery-large
300282207,https://resources.cdn-kaspi.kz/img/m/p/pef/pe4/117930452.jpeg?format=gallery-large
305410556,https://resources.cdn-kaspi.kz/img/m/p/p6e/p50/99782918.jpeg?format=gallery-large
312827249,https://resources.cdn-kaspi.kz/img/m/p/pba/pdd/108850064.png?format=gallery-large
316310469,https://resources.cdn-kaspi.kz/img/m/p/pc9/p51/131950363.jpg?format=gallery-large
324275901,https://resources.cdn-kaspi.kz/img/m/p/pbd/p3a/108667437.png?format=gallery-large
327716598,https://resources.cdn-kaspi.kz/img/m/p/p48/p24/121206591.jpeg?format=gallery-large
330894917,https://basket-38.wbbasket.ru/vol8540/part854072/854072938/images/big/1.webp
330984025,https://basket-39.wbbasket.ru/vol8930/part893044/893044960/images/big/1.webp
335448249,https://resources.cdn-kaspi.kz/img/m/p/p3c/p32/121252605.jpeg?format=gallery-large
336271928,https://resources.cdn-kaspi.kz/img/m/p/pfc/pa2/108152813.png?format=gallery-large
338315733,https://resources.cdn-kaspi.kz/img/m/p/pb1/pf5/122320853.jpeg?format=gallery-large
344735478,https://resources.cdn-kaspi.kz/img/m/p/p33/p99/132436891.jpg?format=gallery-large
345077438,https://resources.cdn-kaspi.kz/img/m/p/pac/pd7/79952053.jpeg?format=gallery-large
346130918,https://resources.cdn-kaspi.kz/img/m/p/p17/p5d/114273178.jpeg?format=gallery-large
348571513,https://resources.cdn-kaspi.kz/img/m/p/pca/pc1/101493564.jpeg?format=gallery-large
348706586,https://resources.cdn-kaspi.kz/img/m/p/pc9/p82/121252684.jpeg?format=gallery-large
354224374,https://resources.cdn-kaspi.kz/img/m/p/pf3/p22/109701198.png?format=gallery-large
356527163,https://resources.cdn-kaspi.kz/img/m/p/p63/p3a/109062037.png?format=gallery-large
365654698,https://resources.cdn-kaspi.kz/img/m/p/p6a/p3c/108724363.png?format=gallery-large
367614528,https://basket-33.wbbasket.ru/vol7034/part703467/703467044/images/big/1.webp
368406670,https://resources.cdn-kaspi.kz/img/m/p/p9a/p5d/142693058.jpg?format=gallery-large
368407127,https://basket-36.wbbasket.ru/vol7697/part769788/769788498/images/big/1.webp
370233803,https://resources.cdn-kaspi.kz/img/m/p/p16/p0f/108920135.png?format=gallery-large
378703774,https://basket-16.wbbasket.ru/vol2474/part247406/247406677/images/big/1.webp
392634743,https://resources.cdn-kaspi.kz/img/m/p/p33/p08/121206700.jpeg?format=gallery-large
398595984,https://resources.cdn-kaspi.kz/img/m/p/pb4/pc5/89990531.jpeg?format=gallery-large
400254072,https://resources.cdn-kaspi.kz/img/m/p/p46/pa4/108584359.png?format=gallery-large
408555909,https://resources.cdn-kaspi.kz/img/m/p/pfb/p74/131969516.jpg?format=gallery-large
409956013,https://resources.cdn-kaspi.kz/img/m/p/pb3/p97/108669448.png?format=gallery-large
41675966,https://resources.cdn-kaspi.kz/img/m/p/p68/pf6/79256917.jpeg?format=gallery-large
423245934,https://resources.cdn-kaspi.kz/img/m/p/p86/p1d/121206544.jpeg?format=gallery-large
423965829,https://resources.cdn-kaspi.kz/img/m/p/p48/p36/122320914.jpeg?format=gallery-large
426200245,https://resources.cdn-kaspi.kz/img/m/p/p21/pcd/53764767.jpeg?format=gallery-large
427294729,https://resources.cdn-kaspi.kz/img/m/p/p09/pda/108823210.png?format=gallery-large
428550249,https://resources.cdn-kaspi.kz/img/m/p/p79/pf6/113720092.jpeg?format=gallery-large
429813339,https://resources.cdn-kaspi.kz/img/m/p/p79/pe3/121206560.jpeg?format=gallery-large
433748578,https://resources.cdn-kaspi.kz/img/m/p/pae/pa4/110166245.png?format=gallery-large
436798207,https://resources.cdn-kaspi.kz/img/m/p/p5b/p02/131969655.jpg?format=gallery-large
438358926,https://resources.cdn-kaspi.kz/img/m/p/p51/pc5/117930529.jpeg?format=gallery-large
454190432,https://resources.cdn-kaspi.kz/img/m/p/pb5/pd7/117930537.jpeg?format=gallery-large
454493079,https://resources.cdn-kaspi.kz/img/m/p/pce/p5c/99782671.jpeg?format=gallery-large
456424273,https://basket-39.wbbasket.ru/vol8784/part878457/878457238/images/big/1.webp
457883772,https://resources.cdn-kaspi.kz/img/m/p/p87/pa7/108666517.png?format=gallery-large
459141318,https://resources.cdn-kaspi.kz/img/m/p/p22/p10/98760687.jpeg?format=gallery-large
459777959,https://resources.cdn-kaspi.kz/img/m/p/p18/pdf/108921673.png?format=gallery-large
460271058,https://resources.cdn-kaspi.kz/img/m/p/p68/p10/93352317.jpeg?format=gallery-large
465299691,https://resources.cdn-kaspi.kz/img/m/p/p2d/pbe/132138593.png?format=gallery-large
470858563,https://resources.cdn-kaspi.kz/img/m/p/pe0/pec/132342478.jpg?format=gallery-large
471740588,https://resources.cdn-kaspi.kz/img/m/p/pe8/p07/108525544.png?format=gallery-large
479468807,https://resources.cdn-kaspi.kz/img/m/p/pf8/p4d/110172355.png?format=gallery-large
481029049,https://resources.cdn-kaspi.kz/img/m/p/p5b/pa0/107654354.png?format=gallery-large
481528938,https://resources.cdn-kaspi.kz/img/m/p/p03/p0c/142693607.jpg?format=gallery-large
488784563,https://resources.cdn-kaspi.kz/img/m/p/h1f/ha0/86261097758750.jpg?format=gallery-large
489546401,https://basket-34.wbbasket.ru/vol7367/part736781/736781044/images/big/1.webp
493219974,https://resources.cdn-kaspi.kz/img/m/p/pe9/pdb/128883499.png?format=gallery-large
501794197,https://resources.cdn-kaspi.kz/img/m/p/p67/p5b/68829440.png?format=gallery-large
5035663,https://resources.cdn-kaspi.kz/img/m/p/pe0/pd7/128883934.png?format=gallery-large
505887226,https://resources.cdn-kaspi.kz/img/m/p/p2c/p10/108544636.png?format=gallery-large
508359714,https://resources.cdn-kaspi.kz/img/m/p/pd9/p7e/108667899.png?format=gallery-large
518991047,https://resources.cdn-kaspi.kz/img/m/p/p9d/p89/121252682.jpeg?format=gallery-large
520552037,https://resources.cdn-kaspi.kz/img/m/p/p19/pee/132437741.jpg?format=gallery-large
523376972,https://basket-35.wbbasket.ru/vol7446/part744681/744681038/images/big/1.webp
523470100,https://basket-34.wbbasket.ru/vol7067/part706700/706700065/images/big/1.webp
524662240,https://resources.cdn-kaspi.kz/img/m/p/pc6/p3c/159079143.?format=gallery-large
551307986,https://basket-29.wbbasket.ru/vol5513/part551307/551307986/images/big/1.webp
551655478,https://resources.cdn-kaspi.kz/img/m/p/pab/p69/145985676.jpeg?format=gallery-large
557257049,https://resources.cdn-kaspi.kz/img/m/p/p72/p55/109162025.png?format=gallery-large
558722531,https://resources.cdn-kaspi.kz/img/m/p/p85/pad/121252539.jpeg?format=gallery-large
563769031,https://resources.cdn-kaspi.kz/img/m/p/pc1/pb3/117930650.jpeg?format=gallery-large
564281743,https://basket-39.wbbasket.ru/vol8930/part893044/893044960/images/big/1.webp
564805448,https://resources.cdn-kaspi.kz/img/m/p/pbe/p64/133129623.jpg?format=gallery-large
570891500,https://resources.cdn-kaspi.kz/img/m/p/p5c/p28/107210719.jpeg?format=gallery-large
574374561,https://resources.cdn-kaspi.kz/img/m/p/p43/p86/132135212.jpg?format=gallery-large
577429320,https://basket-39.wbbasket.ru/vol8852/part885261/885261057/images/big/1.webp
580191266,https://resources.cdn-kaspi.kz/img/m/p/pcb/p6e/128882576.png?format=gallery-large
58123134,https://resources.cdn-kaspi.kz/img/m/p/p6a/pde/41660427.jpg?format=gallery-large
58156044,https://resources.cdn-kaspi.kz/img/m/p/p30/p9c/107655151.png?format=gallery-large
591881168,https://resources.cdn-kaspi.kz/img/m/p/p13/p7c/110180667.png?format=gallery-large
595957288,https://resources.cdn-kaspi.kz/img/m/p/pc0/pc3/120507837.jpeg?format=gallery-large
59644753,https://resources.cdn-kaspi.kz/img/m/p/pa8/p75/117930752.jpeg?format=gallery-large
598557180,https://resources.cdn-kaspi.kz/img/m/p/ped/p59/117930679.jpeg?format=gallery-large
605949801,https://resources.cdn-kaspi.kz/img/m/p/p98/pf0/161167598.bin?format=gallery-large
6060923,https://resources.cdn-kaspi.kz/img/m/p/pde/p1d/132132428.jpg?format=gallery-large
609348814,https://resources.cdn-kaspi.kz/img/m/p/p46/p3c/109701265.png?format=gallery-large
611510364,https://resources.cdn-kaspi.kz/img/m/p/p3c/p63/134720107.png?format=gallery-large
626877326,https://resources.cdn-kaspi.kz/img/m/p/ped/p11/108525572.png?format=gallery-large
632308245,https://resources.cdn-kaspi.kz/img/m/p/paa/p08/120507783.jpeg?format=gallery-large
634294941,https://resources.cdn-kaspi.kz/img/m/p/p86/p19/108525599.png?format=gallery-large
640529696,https://resources.cdn-kaspi.kz/img/m/p/p3f/p52/110184179.png?format=gallery-large
652751064,https://resources.cdn-kaspi.kz/img/m/p/p19/pdb/121252598.jpeg?format=gallery-large
654448710,https://resources.cdn-kaspi.kz/img/m/p/p82/pf6/109701449.png?format=gallery-large
655830241,https://resources.cdn-kaspi.kz/img/m/p/pda/p0a/130966524.jpg?format=gallery-large
663926898,https://resources.cdn-kaspi.kz/img/m/p/pf5/p0a/130974566.jpeg?format=gallery-large
672834899,https://resources.cdn-kaspi.kz/img/m/p/p4a/p4d/131969213.jpg?format=gallery-large
673253906,https://resources.cdn-kaspi.kz/img/m/p/p28/pa9/109701372.png?format=gallery-large
673940378,https://resources.cdn-kaspi.kz/img/m/p/pae/pe2/68830369.jpg?format=gallery-large
676177672,https://resources.cdn-kaspi.kz/img/m/p/p2b/pb5/9812838.jpeg?format=gallery-large
676761398,https://resources.cdn-kaspi.kz/img/m/p/pa2/p9b/70987042.jpeg?format=gallery-large
678705917,https://resources.cdn-kaspi.kz/img/m/p/pac/p59/132131755.jpg?format=gallery-large
678928021,https://resources.cdn-kaspi.kz/img/m/p/pce/p8d/108919727.png?format=gallery-large
67993096,https://resources.cdn-kaspi.kz/img/m/p/p70/p82/79256975.jpeg?format=gallery-large
685396892,https://resources.cdn-kaspi.kz/img/m/p/p7f/pfb/108667714.png?format=gallery-large
70958260,https://resources.cdn-kaspi.kz/img/m/p/p0a/p0e/122419918.jpeg?format=gallery-large
712841564,https://resources.cdn-kaspi.kz/img/m/p/p14/p17/132139025.png?format=gallery-large
713949311,https://resources.cdn-kaspi.kz/img/m/p/p74/pce/108920813.png?format=gallery-large
716109326,https://resources.cdn-kaspi.kz/img/m/p/ped/p7d/69096006.png?format=gallery-large
720375739,https://resources.cdn-kaspi.kz/img/m/p/p52/p8c/107655816.png?format=gallery-large
721166864,https://basket-34.wbbasket.ru/vol7211/part721166/721166864/images/big/1.webp
723095178,https://resources.cdn-kaspi.kz/img/m/p/pe0/p62/130932943.jpeg?format=gallery-large
726620052,https://resources.cdn-kaspi.kz/img/m/p/p3a/p7c/10758117.png?format=gallery-large
735348190,https://resources.cdn-kaspi.kz/img/m/p/p66/pfa/110149116.png?format=gallery-large
741925332,https://resources.cdn-kaspi.kz/img/m/p/p40/pb4/117930524.jpeg?format=gallery-large
743839579,https://resources.cdn-kaspi.kz/img/m/p/p9f/p4f/70909316.jpeg?format=gallery-large
746303445,https://resources.cdn-kaspi.kz/img/m/p/p9f/pe3/107210800.png?format=gallery-large
747285328,https://resources.cdn-kaspi.kz/img/m/p/pc2/p97/109701061.png?format=gallery-large
747750633,https://resources.cdn-kaspi.kz/img/m/p/p8e/p9e/108543017.png?format=gallery-large
748586477,https://resources.cdn-kaspi.kz/img/m/p/p17/p65/68829415.jpg?format=gallery-large
750273367,https://resources.cdn-kaspi.kz/img/m/p/pf5/p60/108920556.png?format=gallery-large
773811237,https://resources.cdn-kaspi.kz/img/m/p/p92/p84/132438908.jpg?format=gallery-large
773963945,https://resources.cdn-kaspi.kz/img/m/p/p07/pde/131950553.jpg?format=gallery-large
776760589,https://resources.cdn-kaspi.kz/img/m/p/h19/h83/84465793105950.jpg?format=gallery-large
782421311,https://resources.cdn-kaspi.kz/img/m/p/p82/pd6/77838848.jpeg?format=gallery-large
783066277,https://resources.cdn-kaspi.kz/img/m/p/p7d/pe7/93077758.jpeg?format=gallery-large
795409439,https://resources.cdn-kaspi.kz/img/m/p/p75/p34/109701144.png?format=gallery-large
798042724,https://resources.cdn-kaspi.kz/img/m/p/p92/pf1/108829585.png?format=gallery-large
807475610,https://resources.cdn-kaspi.kz/img/m/p/pca/p2f/78968857.jpeg?format=gallery-large
807765924,https://resources.cdn-kaspi.kz/img/m/p/p41/p76/114140615.jpeg?format=gallery-large
81080016,https://resources.cdn-kaspi.kz/img/m/p/p08/p14/132132905.jpg?format=gallery-large
813341065,https://resources.cdn-kaspi.kz/img/m/p/p56/p7d/105359590.JPG?format=gallery-large
818018175,https://resources.cdn-kaspi.kz/img/m/p/p1d/p31/109701604.png?format=gallery-large
820193751,https://resources.cdn-kaspi.kz/img/m/p/pec/p57/108822137.png?format=gallery-large
823682392,https://resources.cdn-kaspi.kz/img/m/p/hc7/h7a/84512085540894.jpg?format=gallery-large
830993599,https://resources.cdn-kaspi.kz/img/m/p/p41/pd6/109528406.png?format=gallery-large
83416655,https://resources.cdn-kaspi.kz/img/m/p/pa5/p77/105759387.jpeg?format=gallery-large
835441770,https://resources.cdn-kaspi.kz/img/m/p/pbe/p94/108668640.png?format=gallery-large
837374044,https://resources.cdn-kaspi.kz/img/m/p/p51/paa/70897349.jpeg?format=gallery-large
841213572,https://resources.cdn-kaspi.kz/img/m/p/hfc/hc8/84669460250654.jpg?format=gallery-large
85086338,https://resources.cdn-kaspi.kz/img/m/p/pd9/p11/55418709.jpeg?format=gallery-large
855140049,https://resources.cdn-kaspi.kz/img/m/p/p2e/pa8/122320683.jpeg?format=gallery-large
859560949,https://resources.cdn-kaspi.kz/img/m/p/p2c/p0e/132343054.jpg?format=gallery-large
863993975,https://resources.cdn-kaspi.kz/img/m/p/p86/p5a/117930771.jpeg?format=gallery-large
868932495,https://resources.cdn-kaspi.kz/img/m/p/p98/pab/122320684.jpeg?format=gallery-large
871629378,https://resources.cdn-kaspi.kz/img/m/p/p26/p6e/110190388.png?format=gallery-large
87248077,https://resources.cdn-kaspi.kz/img/m/p/p14/p8d/78122547.jpeg?format=gallery-large
872944484,https://resources.cdn-kaspi.kz/img/m/p/p6f/pb2/69239166.png?format=gallery-large
873108499,https://resources.cdn-kaspi.kz/img/m/p/pf9/pd4/70253817.png?format=gallery-large
874184518,https://resources.cdn-kaspi.kz/img/m/p/pb4/p4e/48675458.jpeg?format=gallery-large
876571997,https://resources.cdn-kaspi.kz/img/m/p/p2f/p74/108822311.png?format=gallery-large
879831549,https://resources.cdn-kaspi.kz/img/m/p/hef/h56/86226338086942.jpg?format=gallery-large
88213838,https://resources.cdn-kaspi.kz/img/m/p/pea/p4e/132133348.jpg?format=gallery-large
882696471,https://resources.cdn-kaspi.kz/img/m/p/p99/p1b/130974480.jpeg?format=gallery-large
884724742,https://resources.cdn-kaspi.kz/img/m/p/pa0/p33/107655415.png?format=gallery-large
889010726,https://resources.cdn-kaspi.kz/img/m/p/p54/p08/110187117.png?format=gallery-large
889218915,https://resources.cdn-kaspi.kz/img/m/p/h12/h14/64403666927646.jpg?format=gallery-large
89075499,https://resources.cdn-kaspi.kz/img/m/p/p86/p91/108584632.png?format=gallery-large
891521616,https://resources.cdn-kaspi.kz/img/m/p/p9a/pbf/109159685.png?format=gallery-large
892569748,https://resources.cdn-kaspi.kz/img/m/p/pb7/p1d/108666220.png?format=gallery-large
895914447,https://resources.cdn-kaspi.kz/img/m/p/p86/pf7/121206647.jpeg?format=gallery-large
8AND80003,https://resources.cdn-kaspi.kz/img/m/p/p86/pf7/132827173.png?format=gallery-large
8AND80004,https://resources.cdn-kaspi.kz/img/m/p/pb8/pfa/132827181.png?format=gallery-large
8AND8000400,https://resources.cdn-kaspi.kz/img/m/p/pfb/p7a/133751573.png?format=gallery-large
8AND8000401,https://resources.cdn-kaspi.kz/img/m/p/p0f/pe9/133750877.png?format=gallery-large
8AND8000402,https://resources.cdn-kaspi.kz/img/m/p/p75/p43/133684887.png?format=gallery-large
8AND8000403,https://resources.cdn-kaspi.kz/img/m/p/p88/p7b/133751578.png?format=gallery-large
8AND8000404,https://resources.cdn-kaspi.kz/img/m/p/pd2/pb7/133750943.png?format=gallery-large
8AND8000406,https://resources.cdn-kaspi.kz/img/m/p/p07/p82/133751595.png?format=gallery-large
8AND8000407,https://resources.cdn-kaspi.kz/img/m/p/p0c/p67/133685329.png?format=gallery-large
8AND8000408,https://resources.cdn-kaspi.kz/img/m/p/p17/pdb/133751648.png?format=gallery-large
8AND8000409,https://resources.cdn-kaspi.kz/img/m/p/pe5/p0d/133684912.png?format=gallery-large
8AND8000411,https://resources.cdn-kaspi.kz/img/m/p/p1f/pbb/133750934.png?format=gallery-large
8AND8000412,https://resources.cdn-kaspi.kz/img/m/p/p36/p6d/133685343.png?format=gallery-large
8AND8000413,https://resources.cdn-kaspi.kz/img/m/p/p68/pb4/133750953.png?format=gallery-large
8AND8000414,https://resources.cdn-kaspi.kz/img/m/p/pb2/pe1/133751666.png?format=gallery-large
8AND8000415,https://resources.cdn-kaspi.kz/img/m/p/p1a/pb1/133750962.png?format=gallery-large
8AND8000416,https://resources.cdn-kaspi.kz/img/m/p/pe4/p77/133685377.png?format=gallery-large
8AND8000418,https://resources.cdn-kaspi.kz/img/m/p/p9b/p7e/133685396.png?format=gallery-large
8AND8000419,https://resources.cdn-kaspi.kz/img/m/p/pa8/pbb/133751743.png?format=gallery-large
8AND8000420,https://resources.cdn-kaspi.kz/img/m/p/p6d/pa6/133750996.png?format=gallery-large
8AND8000421,https://resources.cdn-kaspi.kz/img/m/p/p03/pd7/133685443.png?format=gallery-large
8AND8000422,https://resources.cdn-kaspi.kz/img/m/p/pf1/pdd/133685002.png?format=gallery-large
8AND8000423,https://resources.cdn-kaspi.kz/img/m/p/p73/pd7/133685447.png?format=gallery-large
8AND8000425,https://resources.cdn-kaspi.kz/img/m/p/p15/pdb/133685459.png?format=gallery-large
8AND8000426,https://resources.cdn-kaspi.kz/img/m/p/p0e/pde/133685465.png?format=gallery-large
8AND8000429,https://resources.cdn-kaspi.kz/img/m/p/pea/pb7/133751756.png?format=gallery-large
8AND8000434,https://resources.cdn-kaspi.kz/img/m/p/p58/pc6/133685520.png?format=gallery-large
8AND80006,https://resources.cdn-kaspi.kz/img/m/p/p66/p7f/134215747.png?format=gallery-large
8AND80011,https://resources.cdn-kaspi.kz/img/m/p/p7d/pfb/132827188.png?format=gallery-large
8AND800120,https://resources.cdn-kaspi.kz/img/m/p/pa7/pcb/135102778.png?format=gallery-large
8AND800121,https://resources.cdn-kaspi.kz/img/m/p/pb7/pe0/134796745.png?format=gallery-large
8AND800122,https://resources.cdn-kaspi.kz/img/m/p/pa2/pdd/134796752.png?format=gallery-large
8AND800123,https://resources.cdn-kaspi.kz/img/m/p/p46/pac/135100063.png?format=gallery-large
8AND800124,https://resources.cdn-kaspi.kz/img/m/p/p7f/pe0/134796747.png?format=gallery-large
8AND800125,https://resources.cdn-kaspi.kz/img/m/p/pf9/pdc/134796758.png?format=gallery-large
8AND800126,https://resources.cdn-kaspi.kz/img/m/p/pb8/p85/135099088.png?format=gallery-large
8AND800127,https://resources.cdn-kaspi.kz/img/m/p/p71/pda/134796760.png?format=gallery-large
8AND800230,https://resources.cdn-kaspi.kz/img/m/p/p18/pd5/134742438.png?format=gallery-large
8AND800231,https://resources.cdn-kaspi.kz/img/m/p/pd8/pd7/134742442.png?format=gallery-large
8AND800232,https://resources.cdn-kaspi.kz/img/m/p/p65/pd8/134742447.png?format=gallery-large
8AND800233,https://resources.cdn-kaspi.kz/img/m/p/p0a/pdb/134742450.png?format=gallery-large
8AND800234,https://resources.cdn-kaspi.kz/img/m/p/peb/pdb/134742458.png?format=gallery-large
8AND800235,https://resources.cdn-kaspi.kz/img/m/p/pbd/p53/135097249.png?format=gallery-large
8AND800236,https://resources.cdn-kaspi.kz/img/m/p/p10/pea/135095925.png?format=gallery-large
8AND800290,https://resources.cdn-kaspi.kz/img/m/p/pfe/pf2/132832868.png?format=gallery-large
8AND800291,https://resources.cdn-kaspi.kz/img/m/p/pba/pdc/133128954.png?format=gallery-large
8AND800292,https://resources.cdn-kaspi.kz/img/m/p/p30/p7e/134191215.png?format=gallery-large
8AND800294,https://resources.cdn-kaspi.kz/img/m/p/p07/pef/132832853.png?format=gallery-large
8AND800298,https://resources.cdn-kaspi.kz/img/m/p/pa9/p91/132975254.png?format=gallery-large
8AND850000,https://resources.cdn-kaspi.kz/img/m/p/pdd/pe4/135113724.png?format=gallery-large
8AND850001,https://resources.cdn-kaspi.kz/img/m/p/pfb/pb1/135112816.png?format=gallery-large
8AND850002,https://resources.cdn-kaspi.kz/img/m/p/p64/p6c/134879858.png?format=gallery-large
8AND850003,https://resources.cdn-kaspi.kz/img/m/p/pd5/p6c/134879854.png?format=gallery-large
8AND850004,https://resources.cdn-kaspi.kz/img/m/p/pb2/p6f/134879849.png?format=gallery-large
8AND850005,https://resources.cdn-kaspi.kz/img/m/p/p80/p0c/135107948.png?format=gallery-large
8AND850006,https://resources.cdn-kaspi.kz/img/m/p/p17/p69/134879867.png?format=gallery-large
8AND850007,https://resources.cdn-kaspi.kz/img/m/p/pde/p68/134879869.png?format=gallery-large
8AND8ATLAS0002,https://resources.cdn-kaspi.kz/img/m/p/p7d/pfc/15756444.jpg?format=gallery-large
8AND8ATLAS0003,https://resources.cdn-kaspi.kz/img/m/p/hec/h8d/83904469565470.png?format=gallery-large
8AND8ATLAS0005,https://resources.cdn-kaspi.kz/img/m/p/p34/p3f/58411405.jpg?format=gallery-large
8AND8ATLAS0006,https://resources.cdn-kaspi.kz/img/m/p/pca/pa1/63013754.jpeg?format=gallery-large
8AND8ATLAS0007,https://resources.cdn-kaspi.kz/img/m/p/p86/pfa/63013749.jpeg?format=gallery-large
8AND8ATLAS0008,https://resources.cdn-kaspi.kz/img/m/p/p5a/p6d/62915033.jpeg?format=gallery-large
8AND8ATLAS0009,https://resources.cdn-kaspi.kz/img/m/p/pd5/p77/39554272.jpg?format=gallery-large
8AND8ATLAS0011,https://resources.cdn-kaspi.kz/img/m/p/p3b/pba/34657553.png?format=gallery-large
8AND8ATLAS0012,https://resources.cdn-kaspi.kz/img/m/p/pf6/pd8/17608811.png?format=gallery-large
8AND8ATLAS0013,https://resources.cdn-kaspi.kz/img/m/p/p9c/pc7/17609243.png?format=gallery-large
8AND8ATLAS0014,https://resources.cdn-kaspi.kz/img/m/p/h5f/hbe/86164668842014.jpg?format=gallery-large
8AND8ATLAS0015,https://resources.cdn-kaspi.kz/img/m/p/he5/h14/82352689807390.jpg?format=gallery-large
8AND8ATLAS0016,https://resources.cdn-kaspi.kz/img/m/p/h0b/h94/64080152002590.jpg?format=gallery-large
8AND8ATLAS0019,https://resources.cdn-kaspi.kz/img/m/p/p10/pb5/82595160.jpg?format=gallery-large
8AND8ATLAS0020,https://resources.cdn-kaspi.kz/img/m/p/p02/p73/62635675.jpeg?format=gallery-large
8AND8ATLAS0021,https://resources.cdn-kaspi.kz/img/m/p/p0b/pe0/28712588.jpg?format=gallery-large
8AND8ATLAS0022,https://resources.cdn-kaspi.kz/img/m/p/p00/pb3/17608941.png?format=gallery-large
904413468,https://resources.cdn-kaspi.kz/img/m/p/pe3/pbe/131950472.jpg?format=gallery-large
908593707,https://resources.cdn-kaspi.kz/img/m/p/p58/pbf/6975968.jpeg?format=gallery-large
911905678,https://resources.cdn-kaspi.kz/img/m/p/p7f/p3d/110163450.png?format=gallery-large
913179940,https://resources.cdn-kaspi.kz/img/m/p/p9b/pe3/131969895.jpg?format=gallery-large
917261334,https://resources.cdn-kaspi.kz/img/m/p/pe4/p56/120507790.jpeg?format=gallery-large
923908296,https://resources.cdn-kaspi.kz/img/m/p/p7f/p8f/107654093.png?format=gallery-large
925874840,https://resources.cdn-kaspi.kz/img/m/p/pd4/p30/129098917.jpeg?format=gallery-large
927322745,https://resources.cdn-kaspi.kz/img/m/p/h69/hb0/84908075515934.jpg?format=gallery-large
934530551,https://resources.cdn-kaspi.kz/img/m/p/pc5/p07/131969626.jpg?format=gallery-large
939880560,https://resources.cdn-kaspi.kz/img/m/p/p21/p5c/110192288.png?format=gallery-large
944399152,https://resources.cdn-kaspi.kz/img/m/p/p51/p95/108666812.png?format=gallery-large
950485927,https://resources.cdn-kaspi.kz/img/m/p/p51/pb5/79257026.jpeg?format=gallery-large
970850518,https://resources.cdn-kaspi.kz/img/m/p/p86/pcd/130932791.jpeg?format=gallery-large
974439914,https://resources.cdn-kaspi.kz/img/m/p/h98/h6a/86493443063838.jpg?format=gallery-large
974514123,https://resources.cdn-kaspi.kz/img/m/p/p1c/p90/110224359.png?format=gallery-large
975788843,https://resources.cdn-kaspi.kz/img/m/p/p5c/p8e/108152301.png?format=gallery-large
982187731,https://resources.cdn-kaspi.kz/img/m/p/p33/pe7/108667205.png?format=gallery-large
982834964,https://resources.cdn-kaspi.kz/img/m/p/p70/p18/67812574.png?format=gallery-large
985752284,https://resources.cdn-kaspi.kz/img/m/p/peb/pe3/109159748.png?format=gallery-large
993822245,https://resources.cdn-kaspi.kz/img/m/p/p08/p11/122320878.jpeg?format=gallery-large
996910881,https://resources.cdn-kaspi.kz/img/m/p/p35/p9e/110158126.png?format=gallery-large
999941895,https://resources.cdn-kaspi.kz/img/m/p/p4f/pf5/107653645.png?format=gallery-large
ALMATYKITAP00000,https://resources.cdn-kaspi.kz/img/m/p/pdc/p50/135387750.jpg?format=gallery-large
ALMATYKITAP00001,https://resources.cdn-kaspi.kz/img/m/p/p46/p54/135387760.jpg?format=gallery-large
ALMATYKITAP00002,https://resources.cdn-kaspi.kz/img/m/p/p7e/p54/135387762.jpg?format=gallery-large
ALMATYKITAP00003,https://resources.cdn-kaspi.kz/img/m/p/h74/hc9/64410299105310.jpg?format=gallery-large
ALMATYKITAP00004,https://resources.cdn-kaspi.kz/img/m/p/pb6/p54/135387764.jpg?format=gallery-large
ALMATYKITAP00005,https://resources.cdn-kaspi.kz/img/m/p/h62/h72/83054756462622.jpg?format=gallery-large
ALMATYKITAP00007,https://resources.cdn-kaspi.kz/img/m/p/h3c/hdc/66124470976542.jpg?format=gallery-large
ALMATYKITAP00008,https://resources.cdn-kaspi.kz/img/m/p/p74/p58/135387777.jpg?format=gallery-large
ALMATYKITAP00009,https://resources.cdn-kaspi.kz/img/m/p/pad/p58/135387779.jpg?format=gallery-large
ALMATYKITAP00010,https://resources.cdn-kaspi.kz/img/m/p/p19/p5b/135387780.jpg?format=gallery-large
ALMATYKITAP00011,https://resources.cdn-kaspi.kz/img/m/p/pdd/pd3/135598026.jpg?format=gallery-large
ALMATYKITAP00070,https://resources.cdn-kaspi.kz/img/m/p/p35/p1a/135423206.jpg?format=gallery-large
ALMATYKITAP00071,https://resources.cdn-kaspi.kz/img/m/p/p18/p1a/135423207.jpg?format=gallery-large
ALMATYKITAP00072,https://resources.cdn-kaspi.kz/img/m/p/pfc/p19/135423208.jpg?format=gallery-large
ALMATYKITAP00073,https://resources.cdn-kaspi.kz/img/m/p/pe0/p19/135423209.jpg?format=gallery-large
ALMATYKITAP00074,https://resources.cdn-kaspi.kz/img/m/p/p74/p17/135423210.jpg?format=gallery-large
ALMATYKITAP00075,https://resources.cdn-kaspi.kz/img/m/p/p58/p17/135423211.jpg?format=gallery-large
ALMATYKITAP00077,https://resources.cdn-kaspi.kz/img/m/p/pb4/p84/135597591.jpg?format=gallery-large
ALMATYKITAP00078,https://resources.cdn-kaspi.kz/img/m/p/p03/p17/135423214.jpg?format=gallery-large
ALMATYKITAP00080,https://resources.cdn-kaspi.kz/img/m/p/p3c/p17/135423212.jpg?format=gallery-large
ALMATYKITAP00081,https://resources.cdn-kaspi.kz/img/m/p/p1f/p17/135423213.jpg?format=gallery-large
ALMATYKITAP00082,https://resources.cdn-kaspi.kz/img/m/p/h85/h6c/64526219509790.jpg?format=gallery-large
ALMATYKITAP00083,https://resources.cdn-kaspi.kz/img/m/p/p0a/p14/135423220.jpg?format=gallery-large
ALMATYKITAP00085,https://resources.cdn-kaspi.kz/img/m/p/pee/p13/135423221.jpg?format=gallery-large
ALMATYKITAP00086,https://resources.cdn-kaspi.kz/img/m/p/pd2/p13/135423222.jpg?format=gallery-large
ALMATYKITAP00087,https://resources.cdn-kaspi.kz/img/m/p/p29/p13/135423228.jpg?format=gallery-large
ALMATYKITAP00088,https://resources.cdn-kaspi.kz/img/m/p/p45/p13/135423227.jpg?format=gallery-large
ALMATYKITAP00089,https://resources.cdn-kaspi.kz/img/m/p/pa1/p10/135423230.jpg?format=gallery-large
ALMATYKITAP00090,https://resources.cdn-kaspi.kz/img/m/p/p4c/p10/135423233.jpg?format=gallery-large
ALMATYKITAP00091,https://resources.cdn-kaspi.kz/img/m/p/p68/p10/135423232.jpg?format=gallery-large
ALMATYKITAP00092,https://resources.cdn-kaspi.kz/img/m/p/p84/p10/135423231.jpg?format=gallery-large
ALMATYKITAP00093,https://resources.cdn-kaspi.kz/img/m/p/p0d/p13/135423229.jpg?format=gallery-large
ALMATYKITAP00094,https://resources.cdn-kaspi.kz/img/m/p/pf7/p0f/135423236.jpg?format=gallery-large
ALMATYKITAP00095,https://resources.cdn-kaspi.kz/img/m/p/pbf/p0f/135423238.jpg?format=gallery-large
ALMATYKITAP00096,https://resources.cdn-kaspi.kz/img/m/p/p14/p10/135423235.jpg?format=gallery-large
ALMATYKITAP00097,https://resources.cdn-kaspi.kz/img/m/p/p30/p10/135423234.jpg?format=gallery-large
ALMATYKITAP00098,https://resources.cdn-kaspi.kz/img/m/p/pa3/p0f/135423239.jpg?format=gallery-large
ALMATYKITAP00099,https://resources.cdn-kaspi.kz/img/m/p/pdb/p0f/135423237.jpg?format=gallery-large
ALMATYKITAP00100,https://resources.cdn-kaspi.kz/img/m/p/p30/p01/135427422.jpg?format=gallery-large
ALMATYKITAP00101,https://resources.cdn-kaspi.kz/img/m/p/p13/p01/135427423.jpg?format=gallery-large
ALMATYKITAP00103,https://resources.cdn-kaspi.kz/img/m/p/p1d/p02/135427431.jpg?format=gallery-large
ALMATYKITAP00104,https://resources.cdn-kaspi.kz/img/m/p/p39/p02/135427432.jpg?format=gallery-large
ALMATYKITAP00105,https://resources.cdn-kaspi.kz/img/m/p/p73/p66/135597324.jpg?format=gallery-large
ALMATYKITAP00106,https://resources.cdn-kaspi.kz/img/m/p/p55/p02/135427433.jpg?format=gallery-large
ALMATYKITAP00109,https://resources.cdn-kaspi.kz/img/m/p/p80/pc6/135597129.jpg?format=gallery-large
ALMATYKITAP00110,https://resources.cdn-kaspi.kz/img/m/p/p71/p02/135427434.jpg?format=gallery-large
ALMATYKITAP00111,https://resources.cdn-kaspi.kz/img/m/p/paa/p02/135427436.jpg?format=gallery-large
ALMATYKITAP00112,https://resources.cdn-kaspi.kz/img/m/p/p8e/p02/135427435.jpg?format=gallery-large
AR194234524,https://resources.cdn-kaspi.kz/img/m/p/p5e/p14/75832562.jpeg?format=gallery-large
AR194234525,https://resources.cdn-kaspi.kz/img/m/p/ha1/h64/86760466448414.jpg?format=gallery-large
AR194234533,https://resources.cdn-kaspi.kz/img/m/p/p85/pb1/31581753.jpg?format=gallery-large
AR194234534,https://resources.cdn-kaspi.kz/img/m/p/p37/p18/75832539.JPG?format=gallery-large
AR194234539,https://resources.cdn-kaspi.kz/img/m/p/p5a/p42/74883215.jpeg?format=gallery-large
AR194234542,https://resources.cdn-kaspi.kz/img/m/p/he9/hb0/81480701345822.jpg?format=gallery-large
AR194234543,https://resources.cdn-kaspi.kz/img/m/p/p9f/p96/10996262.jpeg?format=gallery-large
AR194234544,https://resources.cdn-kaspi.kz/img/m/p/h3e/he0/68555543347230.jpg?format=gallery-large
AR194234547,https://resources.cdn-kaspi.kz/img/m/p/p05/pe2/75979268.JPG?format=gallery-large
AR194234548,https://resources.cdn-kaspi.kz/img/m/p/pcb/pd1/75790889.JPG?format=gallery-large
AR194234550,https://resources.cdn-kaspi.kz/img/m/p/p00/p3c/75810453.JPG?format=gallery-large
AR194234553,https://resources.cdn-kaspi.kz/img/m/p/pec/pae/75800119.JPG?format=gallery-large
AR194234555,https://resources.cdn-kaspi.kz/img/m/p/p5e/p11/75792710.JPG?format=gallery-large
AR194234556,https://resources.cdn-kaspi.kz/img/m/p/hc7/hb7/84600110776350.jpg?format=gallery-large
AR194234557,https://resources.cdn-kaspi.kz/img/m/p/p24/p38/75810584.JPG?format=gallery-large
AR194234558,https://resources.cdn-kaspi.kz/img/m/p/p59/p9b/73968085.jpeg?format=gallery-large
AR194234559,https://resources.cdn-kaspi.kz/img/m/p/pa3/p5e/3043678.jpg?format=gallery-large
AR194234561,https://resources.cdn-kaspi.kz/img/m/p/pc1/p0f/76957173.jpg?format=gallery-large
AR194234563,https://resources.cdn-kaspi.kz/img/m/p/p29/p0a/37185284.jpeg?format=gallery-large
AR194234575,https://resources.cdn-kaspi.kz/img/m/p/p26/pfb/33067378.jpg?format=gallery-large
AR194234577,https://resources.cdn-kaspi.kz/img/m/p/p1f/paa/33067400.jpg?format=gallery-large
AR194234579,https://resources.cdn-kaspi.kz/img/m/p/h20/hde/63903807668254.jpg?format=gallery-large
AR194234580,https://resources.cdn-kaspi.kz/img/m/p/he2/ha8/86687250677790.png?format=gallery-large
AR194234581,https://resources.cdn-kaspi.kz/img/m/p/pd6/p8e/76980821.png?format=gallery-large
AR194234582,https://resources.cdn-kaspi.kz/img/m/p/p4e/p8c/76980819.jpg?format=gallery-large
AR194234583,https://resources.cdn-kaspi.kz/img/m/p/h50/h74/87139658104862.png?format=gallery-large
AR194234584,https://resources.cdn-kaspi.kz/img/m/p/p7b/p16/141905683.bin?format=gallery-large
AR194234586,https://resources.cdn-kaspi.kz/img/m/p/hb0/he4/83705767034910.jpg?format=gallery-large
AR194234587,https://resources.cdn-kaspi.kz/img/m/p/pf5/p2c/76583569.png?format=gallery-large
AR194234588,https://resources.cdn-kaspi.kz/img/m/p/hd8/h1d/86736993189918.jpg?format=gallery-large
AR194234590,https://resources.cdn-kaspi.kz/img/m/p/pc5/pdf/76571517.jpeg?format=gallery-large
AR194234591,https://resources.cdn-kaspi.kz/img/m/p/p67/p0e/76378745.png?format=gallery-large
AR194234595,https://resources.cdn-kaspi.kz/img/m/p/pb4/p9f/76572362.jpg?format=gallery-large
AR194234598,https://resources.cdn-kaspi.kz/img/m/p/ha5/h22/85783187750942.jpg?format=gallery-large
AR194234599,https://resources.cdn-kaspi.kz/img/m/p/ped/pec/27752171.jpg?format=gallery-large
AR194234601,https://resources.cdn-kaspi.kz/img/m/p/h67/h67/82779676246046.jpg?format=gallery-large
AR194234603,https://resources.cdn-kaspi.kz/img/m/p/hd9/h44/84967599374366.jpg?format=gallery-large
AR194234604,https://resources.cdn-kaspi.kz/img/m/p/pad/p84/51742049.jpg?format=gallery-large
AR194234605,https://resources.cdn-kaspi.kz/img/m/p/hbd/h52/84389450612766.png?format=gallery-large
AR194234606,https://resources.cdn-kaspi.kz/img/m/p/h42/h3f/87254239412254.jpg?format=gallery-large
AR194234607,https://resources.cdn-kaspi.kz/img/m/p/pdc/pb4/76382808.png?format=gallery-large
AR194234608,https://resources.cdn-kaspi.kz/img/m/p/p2b/p60/47596493.PNG?format=gallery-large
AR194234611,https://resources.cdn-kaspi.kz/img/m/p/pe5/p88/76980809.png?format=gallery-large
AR194234613,https://resources.cdn-kaspi.kz/img/m/p/hc9/h8f/86772531593246.jpg?format=gallery-large
AR194234614,https://resources.cdn-kaspi.kz/img/m/p/h06/h86/85314978349086.jpg?format=gallery-large
AR194234618,https://resources.cdn-kaspi.kz/img/m/p/p6f/p04/31151042.jpeg?format=gallery-large
AR194234619,https://resources.cdn-kaspi.kz/img/m/p/h3d/he0/86575536930846.jpg?format=gallery-large
AR194234626,https://resources.cdn-kaspi.kz/img/m/p/p44/pc8/53522732.jpeg?format=gallery-large
AR194234631,https://resources.cdn-kaspi.kz/img/m/p/p81/p4f/141971099.bin?format=gallery-large
AR194234637,https://resources.cdn-kaspi.kz/img/m/p/hfb/h99/84581926797342.jpg?format=gallery-large
AR194234639,https://resources.cdn-kaspi.kz/img/m/p/hbf/h66/66675986956318.jpg?format=gallery-large
AR194234641,https://resources.cdn-kaspi.kz/img/m/p/h5a/haf/66113184563230.jpg?format=gallery-large
AR194234642,https://resources.cdn-kaspi.kz/img/m/p/h6a/hd7/66279092125726.jpg?format=gallery-large
AR194234643,https://resources.cdn-kaspi.kz/img/m/p/h2d/h61/66279093174302.jpg?format=gallery-large
AR194234645,https://resources.cdn-kaspi.kz/img/m/p/ha1/h77/69883184152606.jpg?format=gallery-large
AR194234646,https://resources.cdn-kaspi.kz/img/m/p/hc1/he6/69875373834270.jpg?format=gallery-large
AR194234649,https://resources.cdn-kaspi.kz/img/m/p/p75/pa1/52806342.jpeg?format=gallery-large
AR194234650,https://resources.cdn-kaspi.kz/img/m/p/h65/h9e/85972900085790.jpg?format=gallery-large
AR194234651,https://resources.cdn-kaspi.kz/img/m/p/p63/p6a/88840830.bin?format=gallery-large
AR194234652,https://resources.cdn-kaspi.kz/img/m/p/hd2/h7f/68764944695326.jpg?format=gallery-large
AR194234653,https://resources.cdn-kaspi.kz/img/m/p/pd9/pd6/21448467.jpg?format=gallery-large
AR194234654,https://resources.cdn-kaspi.kz/img/m/p/pb2/p69/89734002.bin?format=gallery-large
AR194234655,https://resources.cdn-kaspi.kz/img/m/p/p49/pa7/22212721.jpg?format=gallery-large
AR194234656,https://resources.cdn-kaspi.kz/img/m/p/pf6/pef/12865251.jpg?format=gallery-large
AR194234658,https://resources.cdn-kaspi.kz/img/m/p/p27/p59/79619729.jpeg?format=gallery-large
AR194234659,https://resources.cdn-kaspi.kz/img/m/p/hbf/hab/86403430514718.jpg?format=gallery-large
AR194234663,https://resources.cdn-kaspi.kz/img/m/p/p1a/pdc/79513461.jpg?format=gallery-large
ARUNA0000001,https://resources.cdn-kaspi.kz/img/m/p/ha0/h2f/85171167002654.jpg?format=gallery-large
ARUNA0000003,https://resources.cdn-kaspi.kz/img/m/p/p62/p8e/26429444.jpg?format=gallery-large
ARUNA0000005,https://resources.cdn-kaspi.kz/img/m/p/hdd/h87/63822643626014.jpg?format=gallery-large
ARUNA0000006,https://resources.cdn-kaspi.kz/img/m/p/p90/p91/27016930.jpg?format=gallery-large
ARUNA0000007,https://resources.cdn-kaspi.kz/img/m/p/hed/h84/83962482917406.jpg?format=gallery-large
ARUNA0000010,https://resources.cdn-kaspi.kz/img/m/p/p27/p2f/26429511.jpg?format=gallery-large
ARUNA0000011,https://resources.cdn-kaspi.kz/img/m/p/pcc/p46/95132936.jpeg?format=gallery-large
ARUNA0000013,https://resources.cdn-kaspi.kz/img/m/p/h5e/h01/64389126455326.jpg?format=gallery-large
ARUNA0000014,https://resources.cdn-kaspi.kz/img/m/p/hff/h98/83962481639454.jpg?format=gallery-large
ARUNA0000015,https://resources.cdn-kaspi.kz/img/m/p/hba/hbf/83962369114142.jpg?format=gallery-large
ARUNA0000016,https://resources.cdn-kaspi.kz/img/m/p/hee/hf8/63822644674590.jpg?format=gallery-large
ARUNA0000017,https://resources.cdn-kaspi.kz/img/m/p/h57/hd4/85794834645022.jpg?format=gallery-large
ARUNA0000019,https://resources.cdn-kaspi.kz/img/m/p/p0e/p4b/45382401.jpg?format=gallery-large
ARUNA0000020,https://resources.cdn-kaspi.kz/img/m/p/h2f/h03/64345062866974.jpg?format=gallery-large
ARUNA0000021,https://resources.cdn-kaspi.kz/img/m/p/h79/he1/64343615406110.jpg?format=gallery-large
ARUNA0000022,https://resources.cdn-kaspi.kz/img/m/p/p23/p68/38134076.jpg?format=gallery-large
ARUNA0000023,https://resources.cdn-kaspi.kz/img/m/p/hac/h1e/86201121538078.jpg?format=gallery-large
ARUNA0000025,https://resources.cdn-kaspi.kz/img/m/p/hc5/h11/85704634826782.jpg?format=gallery-large
ARUNA0000026,https://resources.cdn-kaspi.kz/img/m/p/h2b/hef/84951420370974.jpg?format=gallery-large
ARUNA0000027,https://resources.cdn-kaspi.kz/img/m/p/h7c/h49/85541294211102.jpg?format=gallery-large
ARUNA0000028,https://resources.cdn-kaspi.kz/img/m/p/hcf/h2a/85426604015646.jpg?format=gallery-large
ARUNA0000029,https://resources.cdn-kaspi.kz/img/m/p/hf0/h26/81342698422302.jpg?format=gallery-large
ARUNA0000031,https://resources.cdn-kaspi.kz/img/m/p/p25/pd0/45188063.png?format=gallery-large
ARUNA0000032,https://resources.cdn-kaspi.kz/img/m/p/pec/pcf/45188065.png?format=gallery-large
ARUNA0000033,https://resources.cdn-kaspi.kz/img/m/p/pdb/pcd/45187178.png?format=gallery-large
ARUNA0000034,https://resources.cdn-kaspi.kz/img/m/p/h76/h99/84640660226078.jpg?format=gallery-large
ARUNA0000035,https://resources.cdn-kaspi.kz/img/m/p/h0c/hc3/84916644315166.jpg?format=gallery-large
ARUNA0000036,https://resources.cdn-kaspi.kz/img/m/p/h17/h03/85409142013982.jpg?format=gallery-large
ARUNA0000038,https://resources.cdn-kaspi.kz/img/m/p/hd9/h7d/63993802981406.jpg?format=gallery-large
ARUNA0000039,https://resources.cdn-kaspi.kz/img/m/p/hbf/h67/64153435013150.jpg?format=gallery-large
ARUNA0000040,https://resources.cdn-kaspi.kz/img/m/p/h43/h75/87199308087326.jpg?format=gallery-large
ARUNA0000041,https://resources.cdn-kaspi.kz/img/m/p/h65/h48/63994916175902.jpg?format=gallery-large
ARUNA0000043,https://resources.cdn-kaspi.kz/img/m/p/h0a/h57/64199809466398.jpg?format=gallery-large
ARUNA0000044,https://resources.cdn-kaspi.kz/img/m/p/h95/h1e/64844733087774.jpg?format=gallery-large
ARUNA0000045,https://resources.cdn-kaspi.kz/img/m/p/p4a/pe2/8498183.jpeg?format=gallery-large
ARUNA0000046,https://resources.cdn-kaspi.kz/img/m/p/h91/h5b/87199307333662.jpg?format=gallery-large
ARUNA0000047,https://resources.cdn-kaspi.kz/img/m/p/h23/h0b/84675893887006.jpg?format=gallery-large
ARUNA000890,https://resources.cdn-kaspi.kz/img/m/p/p03/p1d/132569258.png?format=gallery-large
ARUNA000891,https://resources.cdn-kaspi.kz/img/m/p/pd9/p16/132569272.png?format=gallery-large
ARUNA000892,https://resources.cdn-kaspi.kz/img/m/p/p43/p1a/132569262.png?format=gallery-large
ARUNA000893,https://resources.cdn-kaspi.kz/img/m/p/p84/p16/132569275.png?format=gallery-large
ARUNA000894,https://resources.cdn-kaspi.kz/img/m/p/p0a/p1a/132569264.png?format=gallery-large
ARUNA000896,https://resources.cdn-kaspi.kz/img/m/p/p7b/p1a/132569260.png?format=gallery-large
ARUNA000898,https://resources.cdn-kaspi.kz/img/m/p/p78/p3e/132569312.png?format=gallery-large
ARUNA000901,https://resources.cdn-kaspi.kz/img/m/p/p79/p0f/132569297.png?format=gallery-large
ARUNA000902,https://resources.cdn-kaspi.kz/img/m/p/p53/p13/132569283.png?format=gallery-large
ARUNA000903,https://resources.cdn-kaspi.kz/img/m/p/p4c/p16/132569277.png?format=gallery-large
ARUNA000904,https://resources.cdn-kaspi.kz/img/m/p/p14/p16/132569279.png?format=gallery-large
ARUNA000905,https://resources.cdn-kaspi.kz/img/m/p/p8c/p13/132569281.png?format=gallery-large
ARUNA000906,https://resources.cdn-kaspi.kz/img/m/p/p47/p3b/132569304.png?format=gallery-large
ARUNA000907,https://resources.cdn-kaspi.kz/img/m/p/pd6/p3a/132569300.png?format=gallery-large
ARUNA000908,https://resources.cdn-kaspi.kz/img/m/p/pb1/p3e/132569314.png?format=gallery-large
ARUNA000909,https://resources.cdn-kaspi.kz/img/m/p/p40/p3e/132569310.png?format=gallery-large
ARUNA000912,https://resources.cdn-kaspi.kz/img/m/p/pe9/p3e/132569316.png?format=gallery-large
ARUNA000914,https://resources.cdn-kaspi.kz/img/m/p/p3e/p3f/132569319.png?format=gallery-large
ARUNA0802380,https://resources.cdn-kaspi.kz/img/m/p/p17/p0d/135598714.jpg?format=gallery-large
ARUNA0802381,https://resources.cdn-kaspi.kz/img/m/p/h8a/h94/83961282691102.jpg?format=gallery-large
ARUNA0802382,https://resources.cdn-kaspi.kz/img/m/p/p9d/p74/135378194.jpg?format=gallery-large
ARUNA0802383,https://resources.cdn-kaspi.kz/img/m/p/pa2/p69/35665677.jpg?format=gallery-large
ARUNA0802384,https://resources.cdn-kaspi.kz/img/m/p/p1a/pe5/135377712.jpg?format=gallery-large
ARUNA0802385,https://resources.cdn-kaspi.kz/img/m/p/p35/p14/135598286.jpg?format=gallery-large
ARUNA0802386,https://resources.cdn-kaspi.kz/img/m/p/p4b/p19/135379511.jpg?format=gallery-large
ARUNA0802387,https://resources.cdn-kaspi.kz/img/m/p/hed/h29/85426604539934.jpg?format=gallery-large
ARUNA0802388,https://resources.cdn-kaspi.kz/img/m/p/p37/pe5/135377711.jpg?format=gallery-large
ARUNA0802390,https://resources.cdn-kaspi.kz/img/m/p/p2d/pae/135598588.jpg?format=gallery-large
ARUNA0802391,https://resources.cdn-kaspi.kz/img/m/p/p56/p0e/135378283.jpg?format=gallery-large
ARUNA723942350,https://resources.cdn-kaspi.kz/img/m/p/p96/pa8/132544037.png?format=gallery-large
ARUNA723942354,https://resources.cdn-kaspi.kz/img/m/p/p4d/paf/132544056.png?format=gallery-large
ARUNA723942355,https://resources.cdn-kaspi.kz/img/m/p/pd3/pb2/132544067.png?format=gallery-large
ARUNA896756343,https://resources.cdn-kaspi.kz/img/m/p/pc4/p90/132570689.png?format=gallery-large
ARUNA896756344,https://resources.cdn-kaspi.kz/img/m/p/pe1/p90/132570688.png?format=gallery-large
ARUNA896756348,https://resources.cdn-kaspi.kz/img/m/p/pef/p42/132570703.png?format=gallery-large
ARUNA983712,https://resources.cdn-kaspi.kz/img/m/p/pda/p76/132539747.png?format=gallery-large
ARUNA983713,https://resources.cdn-kaspi.kz/img/m/p/p27/p7a/132539756.png?format=gallery-large
ARUNA983714,https://resources.cdn-kaspi.kz/img/m/p/pd2/pa9/132541156.png?format=gallery-large
ARUNA983715,https://resources.cdn-kaspi.kz/img/m/p/pef/pa9/132541157.png?format=gallery-large
ARUNA983716,https://resources.cdn-kaspi.kz/img/m/p/pcf/pc5/132540879.png?format=gallery-large
ARUNA983718,https://resources.cdn-kaspi.kz/img/m/p/pac/pc8/132540884.png?format=gallery-large
ARUNA983719,https://resources.cdn-kaspi.kz/img/m/p/p58/pad/132541167.png?format=gallery-large
ARUNA983720,https://resources.cdn-kaspi.kz/img/m/p/pf7/pff/133648500.png?format=gallery-large
ARUNA98381,https://resources.cdn-kaspi.kz/img/m/p/pe6/p6f/132514348.jpg?format=gallery-large
ARUNA98382,https://resources.cdn-kaspi.kz/img/m/p/pae/p51/134534195.jpg?format=gallery-large
ARUNA98383,https://resources.cdn-kaspi.kz/img/m/p/p61/p7e/132520131.jpg?format=gallery-large
ARUNA98386,https://resources.cdn-kaspi.kz/img/m/p/p8b/p72/132514351.jpg?format=gallery-large
ARUNA98387,https://resources.cdn-kaspi.kz/img/m/p/p72/p77/132520152.jpg?format=gallery-large
ARUNA98393,https://resources.cdn-kaspi.kz/img/m/p/pfb/p72/132514355.jpg?format=gallery-large
ARUNA98396,https://resources.cdn-kaspi.kz/img/m/p/p29/p7e/132520133.jpg?format=gallery-large
ARUNA98398,https://resources.cdn-kaspi.kz/img/m/p/p22/p0f/134428527.jpg?format=gallery-large
ARUNA98399,https://resources.cdn-kaspi.kz/img/m/p/p16/p7a/132520149.jpg?format=gallery-large
ARUNA98400,https://resources.cdn-kaspi.kz/img/m/p/pec/p73/132520163.jpg?format=gallery-large
ATAMURA00100,https://resources.cdn-kaspi.kz/img/m/p/p15/pb0/135538614.jpg?format=gallery-large
ATAMURA00101,https://resources.cdn-kaspi.kz/img/m/p/p31/pb0/135538615.jpg?format=gallery-large
ATAMURA00102,https://resources.cdn-kaspi.kz/img/m/p/p4d/pb0/135538616.jpg?format=gallery-large
ATAMURA00103,https://resources.cdn-kaspi.kz/img/m/p/p86/pb0/135538618.jpg?format=gallery-large
ATAMURA00104,https://resources.cdn-kaspi.kz/img/m/p/p6a/pb0/135538617.jpg?format=gallery-large
ATAMURA00105,https://resources.cdn-kaspi.kz/img/m/p/pa2/pb0/135538619.jpg?format=gallery-large
ATAMURA00106,https://resources.cdn-kaspi.kz/img/m/p/p2a/pb3/135538621.jpg?format=gallery-large
ATAMURA00107,https://resources.cdn-kaspi.kz/img/m/p/p0e/pb3/135538620.jpg?format=gallery-large
ATAMURA00108,https://resources.cdn-kaspi.kz/img/m/p/p46/pb3/135538622.jpg?format=gallery-large
ATAMURA00109,https://resources.cdn-kaspi.kz/img/m/p/p63/pb3/135538623.jpg?format=gallery-large
ATAMURA00110,https://resources.cdn-kaspi.kz/img/m/p/p7f/pb3/135538624.jpg?format=gallery-large
ATAMURA00111,https://resources.cdn-kaspi.kz/img/m/p/hc1/h15/68021014429726.jpg?format=gallery-large
ATAMURA00112,https://resources.cdn-kaspi.kz/img/m/p/p9f/p15/32127093.jpg?format=gallery-large
ATAMURA00113,https://resources.cdn-kaspi.kz/img/m/p/pd9/pdc/32129901.jpg?format=gallery-large
ATAMURA00114,https://resources.cdn-kaspi.kz/img/m/p/p9b/pb3/135538625.jpg?format=gallery-large
ATAMURA00115,https://resources.cdn-kaspi.kz/img/m/p/pb7/pb3/135538626.jpg?format=gallery-large
ATAMURA00116,https://resources.cdn-kaspi.kz/img/m/p/pd3/pb3/135538627.jpg?format=gallery-large
ATAMURA00200,https://resources.cdn-kaspi.kz/img/m/p/p12/p57/135539826.jpg?format=gallery-large
ATAMURA00201,https://resources.cdn-kaspi.kz/img/m/p/p2f/p57/135539827.jpg?format=gallery-large
ATAMURA00202,https://resources.cdn-kaspi.kz/img/m/p/pd3/p59/135539830.jpg?format=gallery-large
ATAMURA00203,https://resources.cdn-kaspi.kz/img/m/p/p4b/p57/135539828.jpg?format=gallery-large
ATAMURA00204,https://resources.cdn-kaspi.kz/img/m/p/p67/p57/135539829.jpg?format=gallery-large
ATAMURA00205,https://resources.cdn-kaspi.kz/img/m/p/pef/p59/135539831.jpg?format=gallery-large
ATAMURA00206,https://resources.cdn-kaspi.kz/img/m/p/p5d/pff/32144814.jpg?format=gallery-large
ATAMURA00207,https://resources.cdn-kaspi.kz/img/m/p/p0b/p5a/135539832.jpg?format=gallery-large
ATAMURA00208,https://resources.cdn-kaspi.kz/img/m/p/p44/p5a/135539834.jpg?format=gallery-large
BAL12000034,https://resources.cdn-kaspi.kz/img/m/p/p88/pdb/151882657.jpg?format=gallery-large
BAL12000036,https://resources.cdn-kaspi.kz/img/m/p/p6d/pe7/151681888.jpg?format=gallery-large
BAL12000037,https://resources.cdn-kaspi.kz/img/m/p/he2/hb3/85880321671198.jpg?format=gallery-large
BAL12000038,https://resources.cdn-kaspi.kz/img/m/p/p59/p67/127565528.jpg?format=gallery-large
BAL12000039,https://resources.cdn-kaspi.kz/img/m/p/h7e/h2c/65478544818206.jpg?format=gallery-large
BAL12000040,https://resources.cdn-kaspi.kz/img/m/p/p05/pab/7325382.jpeg?format=gallery-large
BAL12000041,https://resources.cdn-kaspi.kz/img/m/p/h13/h83/86144636911646.jpg?format=gallery-large
BAL12000042,https://resources.cdn-kaspi.kz/img/m/p/pe2/p9c/28849691.jpg?format=gallery-large
BAL12000043,https://resources.cdn-kaspi.kz/img/m/p/pe9/pa9/23039701.jpg?format=gallery-large
BAL12000044,https://resources.cdn-kaspi.kz/img/m/p/p7b/pf2/85504601.jpg?format=gallery-large
BAL12000045,https://resources.cdn-kaspi.kz/img/m/p/ha7/h4a/70028348620830.jpg?format=gallery-large
BAL12000046,https://resources.cdn-kaspi.kz/img/m/p/hbc/h00/68529859985438.jpg?format=gallery-large
BAL12000047,https://resources.cdn-kaspi.kz/img/m/p/h97/h13/65126889783326.jpg?format=gallery-large
BAL12000048,https://resources.cdn-kaspi.kz/img/m/p/hae/hf0/66670004207646.jpg?format=gallery-large
BAL12000049,https://resources.cdn-kaspi.kz/img/m/p/h39/h16/66669503774750.jpg?format=gallery-large
BAL12000050,https://resources.cdn-kaspi.kz/img/m/p/h89/hb1/68346125811742.jpg?format=gallery-large
BAL12000051,https://resources.cdn-kaspi.kz/img/m/p/h42/h07/65030178406430.jpg?format=gallery-large
BAL12000052,https://resources.cdn-kaspi.kz/img/m/p/p35/p32/151686500.jpg?format=gallery-large
BAL12000053,https://resources.cdn-kaspi.kz/img/m/p/h60/h4b/84355455352862.jpg?format=gallery-large
BAL12000054,https://resources.cdn-kaspi.kz/img/m/p/pca/p28/147951358.jpg?format=gallery-large
BAL12000055,https://resources.cdn-kaspi.kz/img/m/p/pfd/p91/31249299.png?format=gallery-large
BAL12000056,https://resources.cdn-kaspi.kz/img/m/p/h82/h1a/84869428936734.jpg?format=gallery-large
BAL12000057,https://resources.cdn-kaspi.kz/img/m/p/p57/pbd/31338216.png?format=gallery-large
BAL12000058,https://resources.cdn-kaspi.kz/img/m/p/p7c/p32/47038720.jpeg?format=gallery-large
BAL12000059,https://resources.cdn-kaspi.kz/img/m/p/p6b/p46/27896505.jpg?format=gallery-large
BAL12000060,https://resources.cdn-kaspi.kz/img/m/p/hfb/hec/63909176311838.jpg?format=gallery-large
BAL12000061,https://resources.cdn-kaspi.kz/img/m/p/h89/h3b/86645807349790.jpg?format=gallery-large
BAL12000062,https://resources.cdn-kaspi.kz/img/m/p/h3d/h05/64161467924510.jpg?format=gallery-large
BAL12000063,https://resources.cdn-kaspi.kz/img/m/p/h74/hd0/63947476205598.jpg?format=gallery-large
BAL12000064,https://resources.cdn-kaspi.kz/img/m/p/h52/hac/84586930798622.jpg?format=gallery-large
BAL12000065,https://resources.cdn-kaspi.kz/img/m/p/pc6/p35/151681539.jpg?format=gallery-large
BAL12000066,https://resources.cdn-kaspi.kz/img/m/p/p23/pfd/151682180.jpg?format=gallery-large
BAL12000067,https://resources.cdn-kaspi.kz/img/m/p/pd1/pff/3240668.jpg?format=gallery-large
BAL12000068,https://resources.cdn-kaspi.kz/img/m/p/p86/pd5/24974151.jpg?format=gallery-large
BAL12000069,https://resources.cdn-kaspi.kz/img/m/p/p01/p34/151680825.jpg?format=gallery-large
BAL12000070,https://resources.cdn-kaspi.kz/img/m/p/h18/hc6/64576791150622.jpg?format=gallery-large
BAL12000071,https://resources.cdn-kaspi.kz/img/m/p/p08/p94/31337976.png?format=gallery-large
BAL12000072,https://resources.cdn-kaspi.kz/img/m/p/h38/h03/64535430791198.jpg?format=gallery-large
BAL12000074,https://resources.cdn-kaspi.kz/img/m/p/p1d/p2f/75562131.jpeg?format=gallery-large
BAL12000076,https://resources.cdn-kaspi.kz/img/m/p/hef/h9b/65104887447582.jpg?format=gallery-large
BAL12000077,https://resources.cdn-kaspi.kz/img/m/p/h7d/hea/65105060003870.jpg?format=gallery-large
BAL12000078,https://resources.cdn-kaspi.kz/img/m/p/h2b/h03/83601128947742.png?format=gallery-large
BAL12000079,https://resources.cdn-kaspi.kz/img/m/p/h5c/hd3/81397441757214.jpg?format=gallery-large
BAL12000080,https://resources.cdn-kaspi.kz/img/m/p/h99/hbd/83476771340318.jpg?format=gallery-large
BAL12000081,https://resources.cdn-kaspi.kz/img/m/p/pef/p1c/47854979.jpg?format=gallery-large
BAL12000082,https://resources.cdn-kaspi.kz/img/m/p/pe7/pc4/54196430.jpg?format=gallery-large
BAL12000083,https://resources.cdn-kaspi.kz/img/m/p/ha1/hbe/64106774298654.jpg?format=gallery-large
BAL12000084,https://resources.cdn-kaspi.kz/img/m/p/h8f/he5/85697827962910.jpg?format=gallery-large
BAL12000085,https://resources.cdn-kaspi.kz/img/m/p/hc6/h57/85697809416222.jpg?format=gallery-large
BAL12000086,https://resources.cdn-kaspi.kz/img/m/p/ha5/h6d/63985009950750.jpg?format=gallery-large
BAL12000087,https://resources.cdn-kaspi.kz/img/m/p/p4f/p44/147951249.jpg?format=gallery-large
BAL12000088,https://resources.cdn-kaspi.kz/img/m/p/heb/h59/85508122705950.jpg?format=gallery-large
BAL12000089,https://resources.cdn-kaspi.kz/img/m/p/pcf/p20/8444822.jpeg?format=gallery-large
BAL12000090,https://resources.cdn-kaspi.kz/img/m/p/h34/h5c/65104873881630.jpg?format=gallery-large
BAL12000091,https://resources.cdn-kaspi.kz/img/m/p/he9/hd3/64405326495774.jpg?format=gallery-large
BAL12000092,https://resources.cdn-kaspi.kz/img/m/p/h10/hd2/81396729872414.jpg?format=gallery-large
BAL12000093,https://resources.cdn-kaspi.kz/img/m/p/h28/h52/65109261713438.jpg?format=gallery-large
BAL12000094,https://resources.cdn-kaspi.kz/img/m/p/p15/pad/151683851.jpg?format=gallery-large
BAL12000095,https://resources.cdn-kaspi.kz/img/m/p/h35/h3c/68382589059102.jpg?format=gallery-large
BAL12000096,https://resources.cdn-kaspi.kz/img/m/p/h0b/hfa/68371727351838.jpg?format=gallery-large
BAL12000097,https://resources.cdn-kaspi.kz/img/m/p/pc9/p21/59760596.jpeg?format=gallery-large
BAL12000098,https://resources.cdn-kaspi.kz/img/m/p/hf9/h26/64380733489182.jpg?format=gallery-large
BAL12000099,https://resources.cdn-kaspi.kz/img/m/p/hd5/h75/84181373911070.jpg?format=gallery-large
BAL12000100,https://resources.cdn-kaspi.kz/img/m/p/p24/p27/47934729.jpeg?format=gallery-large
BAL12000101,https://resources.cdn-kaspi.kz/img/m/p/h3b/h6d/63941258903582.jpg?format=gallery-large
BAL12000102,https://resources.cdn-kaspi.kz/img/m/p/h18/hb0/64154837057566.jpg?format=gallery-large
BAL12000103,https://resources.cdn-kaspi.kz/img/m/p/h0d/hd2/64135415365662.jpg?format=gallery-large
BAL12000104,https://resources.cdn-kaspi.kz/img/m/p/h69/h87/84587814322206.jpg?format=gallery-large
BAL12000105,https://resources.cdn-kaspi.kz/img/m/p/he5/hff/84587777949726.jpg?format=gallery-large
BAL12000106,https://resources.cdn-kaspi.kz/img/m/p/hd5/hbc/66279088455710.jpg?format=gallery-large
BAL12000107,https://resources.cdn-kaspi.kz/img/m/p/h84/hb6/84788495482910.jpg?format=gallery-large
BAL12000108,https://resources.cdn-kaspi.kz/img/m/p/h34/h2b/66545645584414.jpg?format=gallery-large
BAL12000109,https://resources.cdn-kaspi.kz/img/m/p/h1d/h07/84581227364382.jpg?format=gallery-large
BAL12000110,https://resources.cdn-kaspi.kz/img/m/p/h6b/h17/67860196851742.jpg?format=gallery-large
BAL12000111,https://resources.cdn-kaspi.kz/img/m/p/hfe/h1d/68382595874846.jpg?format=gallery-large
BAL12000112,https://resources.cdn-kaspi.kz/img/m/p/h61/h36/64484749115422.jpg?format=gallery-large
BAL12000113,https://resources.cdn-kaspi.kz/img/m/p/h31/h09/85533127868446.jpg?format=gallery-large
BAL12000114,https://resources.cdn-kaspi.kz/img/m/p/pce/p3a/16917822.png?format=gallery-large
BAL12000115,https://resources.cdn-kaspi.kz/img/m/p/pe2/pf2/16916770.jpeg?format=gallery-large
BAL12000116,https://resources.cdn-kaspi.kz/img/m/p/h4a/h81/85530123862046.jpg?format=gallery-large
BAL12000117,https://resources.cdn-kaspi.kz/img/m/p/pd4/p14/85405655.jpg?format=gallery-large
BAL12000118,https://resources.cdn-kaspi.kz/img/m/p/hf3/h8e/87103324749854.jpg?format=gallery-large
BAL12000121,https://resources.cdn-kaspi.kz/img/m/p/pd6/pb2/139573648.jpeg?format=gallery-large
BAL12000122,https://resources.cdn-kaspi.kz/img/m/p/p74/p8a/103851160.jpg?format=gallery-large
BAL12000123,https://resources.cdn-kaspi.kz/img/m/p/pb2/p9d/25584307.jpg?format=gallery-large
BAL12000124,https://resources.cdn-kaspi.kz/img/m/p/p52/pdb/151679998.jpg?format=gallery-large
BAL12000125,https://resources.cdn-kaspi.kz/img/m/p/p3e/pf3/57540865.jpeg?format=gallery-large
BAL12000126,https://resources.cdn-kaspi.kz/img/m/p/hee/hc3/86877010690078.jpg?format=gallery-large
BAL12000127,https://resources.cdn-kaspi.kz/img/m/p/h26/hda/84849137287198.jpg?format=gallery-large
BAL12000128,https://resources.cdn-kaspi.kz/img/m/p/h15/h18/63860042268702.jpg?format=gallery-large
BAL12000129,https://resources.cdn-kaspi.kz/img/m/p/h3f/h52/64481450491934.jpg?format=gallery-large
BAL12000130,https://resources.cdn-kaspi.kz/img/m/p/ha3/h45/67562079158302.jpg?format=gallery-large
BAL12000133,https://resources.cdn-kaspi.kz/img/m/p/h56/h26/87166741119006.jpg?format=gallery-large
BAL12000134,https://resources.cdn-kaspi.kz/img/m/p/p2e/pc3/61895530.png?format=gallery-large
BAL12000135,https://resources.cdn-kaspi.kz/img/m/p/p5e/pc6/42426156.jpeg?format=gallery-large
BAL12000136,https://resources.cdn-kaspi.kz/img/m/p/h76/h45/84763744469022.jpg?format=gallery-large
BAL12000138,https://resources.cdn-kaspi.kz/img/m/p/h40/h2c/64487466106910.jpg?format=gallery-large
BAL12000148,https://resources.cdn-kaspi.kz/img/m/p/hb3/h5b/64390258130974.jpg?format=gallery-large
BAL12000149,https://resources.cdn-kaspi.kz/img/m/p/pc2/p6b/50971963.png?format=gallery-large
BAL12000151,https://resources.cdn-kaspi.kz/img/m/p/hb6/hb4/84649210937374.png?format=gallery-large
BAL12000153,https://resources.cdn-kaspi.kz/img/m/p/h29/hb8/64258822209566.jpg?format=gallery-large
BAL12000155,https://resources.cdn-kaspi.kz/img/m/p/h7e/h5a/64095426379806.jpg?format=gallery-large
BAL194234739,https://resources.cdn-kaspi.kz/img/m/p/h9c/hf6/64402413879326.jpg?format=gallery-large
BAL194234741,https://resources.cdn-kaspi.kz/img/m/p/hc4/h8d/86427740897310.jpg?format=gallery-large
BAL194234742,https://resources.cdn-kaspi.kz/img/m/p/ha8/hfe/64343462543390.jpg?format=gallery-large
BAL194234743,https://resources.cdn-kaspi.kz/img/m/p/p97/p2c/72777655.png?format=gallery-large
BAL194234765,https://resources.cdn-kaspi.kz/img/m/p/pd3/p60/80678443.jpg?format=gallery-large
BAL194234766,https://resources.cdn-kaspi.kz/img/m/p/pad/p0f/24110210.jpg?format=gallery-large
BAL194234767,https://resources.cdn-kaspi.kz/img/m/p/h9c/h54/65511611072542.jpg?format=gallery-large
BAL194234768,https://resources.cdn-kaspi.kz/img/m/p/p83/p3a/147951275.jpg?format=gallery-large
BAL194234769,https://resources.cdn-kaspi.kz/img/m/p/pfb/pb8/31048891.png?format=gallery-large
BAL194234770,https://resources.cdn-kaspi.kz/img/m/p/h54/hbe/64510911119390.jpg?format=gallery-large
BAL194234771,https://resources.cdn-kaspi.kz/img/m/p/hb2/hca/64713842327582.jpg?format=gallery-large
BAL194234772,https://resources.cdn-kaspi.kz/img/m/p/p26/pde/74733584.jpeg?format=gallery-large
BAL194234773,https://resources.cdn-kaspi.kz/img/m/p/pab/p03/33090559.jpeg?format=gallery-large
BAL194234774,https://resources.cdn-kaspi.kz/img/m/p/h6b/he5/85934884257822.jpg?format=gallery-large
BAL194234775,https://resources.cdn-kaspi.kz/img/m/p/h3a/h74/63769051201566.jpg?format=gallery-large
BAL194234776,https://resources.cdn-kaspi.kz/img/m/p/h42/h4c/64324917100574.jpg?format=gallery-large
BAL194234777,https://resources.cdn-kaspi.kz/img/m/p/h5c/h5b/84617738289182.jpg?format=gallery-large
BAL194234778,https://resources.cdn-kaspi.kz/img/m/p/h40/h3e/63912048033822.jpg?format=gallery-large
BAL194234779,https://resources.cdn-kaspi.kz/img/m/p/ha0/hdc/67206813384734.jpg?format=gallery-large
BAL194234780,https://resources.cdn-kaspi.kz/img/m/p/pef/p29/99173813.png?format=gallery-large
BAL194234781,https://resources.cdn-kaspi.kz/img/m/p/hce/hc1/64536076058654.jpg?format=gallery-large
BAL194234782,https://resources.cdn-kaspi.kz/img/m/p/p3a/pb9/80678396.jpg?format=gallery-large
BAL194234783,https://resources.cdn-kaspi.kz/img/m/p/h85/h1c/86224207216670.jpg?format=gallery-large
BAL194234784,https://resources.cdn-kaspi.kz/img/m/p/h15/h34/86260739112990.jpg?format=gallery-large
BAL194234785,https://resources.cdn-kaspi.kz/img/m/p/p5b/pdf/24792359.jpg?format=gallery-large
BAL194234786,https://resources.cdn-kaspi.kz/img/m/p/he1/hd4/69518150074398.jpg?format=gallery-large
BAL194234787,https://resources.cdn-kaspi.kz/img/m/p/pa5/p60/23715289.jpeg?format=gallery-large
BAL194234788,https://resources.cdn-kaspi.kz/img/m/p/hd4/h23/86970748895262.jpg?format=gallery-large
COMBOENT001,https://resources.cdn-kaspi.kz/img/m/p/pb0/pa2/100266615.jpeg?format=gallery-large
COMBOENT002,https://resources.cdn-kaspi.kz/img/m/p/p7c/pb1/100266115.jpeg?format=gallery-large
COMBOENT003,https://resources.cdn-kaspi.kz/img/m/p/pf5/pde/100352800.jpeg?format=gallery-large
COMBOENT004,https://resources.cdn-kaspi.kz/img/m/p/p6d/p36/100267773.jpeg?format=gallery-large
COMBOENT005,https://resources.cdn-kaspi.kz/img/m/p/p39/p50/101294637.jpeg?format=gallery-large
COMBOENT006,https://resources.cdn-kaspi.kz/img/m/p/p7a/pa7/100267842.jpeg?format=gallery-large
COMBOENT007,https://resources.cdn-kaspi.kz/img/m/p/pa9/p59/100268162.jpeg?format=gallery-large
COMBOENT008,https://resources.cdn-kaspi.kz/img/m/p/p01/p1c/100266710.jpeg?format=gallery-large
COMBOENT009,https://resources.cdn-kaspi.kz/img/m/p/p5e/p4a/100268536.jpeg?format=gallery-large
COMBOENT010,https://resources.cdn-kaspi.kz/img/m/p/pe5/pfe/100268489.jpeg?format=gallery-large
COMBOENT011,https://resources.cdn-kaspi.kz/img/m/p/p55/pd5/101493347.jpeg?format=gallery-large
COMBOENT012,https://resources.cdn-kaspi.kz/img/m/p/pca/p10/100352666.jpeg?format=gallery-large
COMBOENT013,https://resources.cdn-kaspi.kz/img/m/p/p7a/p7e/100352600.jpeg?format=gallery-large
COMBOENT014,https://resources.cdn-kaspi.kz/img/m/p/pcf/pf9/100267673.jpeg?format=gallery-large
COMBOENT015,https://resources.cdn-kaspi.kz/img/m/p/pb9/pc5/100352519.jpeg?format=gallery-large
COMBOENT016,https://resources.cdn-kaspi.kz/img/m/p/p83/p6c/100352753.jpeg?format=gallery-large
COMBOENT017,https://resources.cdn-kaspi.kz/img/m/p/p54/pc2/100352631.jpeg?format=gallery-large
COMBOENT018,https://resources.cdn-kaspi.kz/img/m/p/p58/p62/100352705.jpeg?format=gallery-large
COMBOENT019,https://resources.cdn-kaspi.kz/img/m/p/p8e/pbb/100352567.jpeg?format=gallery-large
COMBOENT020,https://resources.cdn-kaspi.kz/img/m/p/pbf/p1d/100267281.jpeg?format=gallery-large
COMBOENT022,https://resources.cdn-kaspi.kz/img/m/p/pad/pe9/100266688.PNG?format=gallery-large
KIDSBOOK0023,https://resources.cdn-kaspi.kz/img/m/p/h9d/h22/63802847297566.jpg?format=gallery-large
KIDSORDABAZAR01,https://resources.cdn-kaspi.kz/img/m/p/h17/h7d/85375273402398.jpg?format=gallery-large
KIDSORDABAZAR02,https://resources.cdn-kaspi.kz/img/m/p/pfc/p60/4925273.jpg?format=gallery-large
KIDSORDABAZAR03,https://resources.cdn-kaspi.kz/img/m/p/h2d/h7a/64391323549726.jpg?format=gallery-large
KIDSORDABAZAR05,https://resources.cdn-kaspi.kz/img/m/p/h2d/h64/65435478556702.jpg?format=gallery-large
KIDSORDABAZAR06,https://resources.cdn-kaspi.kz/img/m/p/hc2/hd9/64415433064478.jpg?format=gallery-large
KITAPBALBOBEK00086,https://resources.cdn-kaspi.kz/img/m/p/p39/p9e/94917021.jpg?format=gallery-large
KITAPBALBOBEK00088,https://resources.cdn-kaspi.kz/img/m/p/hf3/h57/85841444143134.jpg?format=gallery-large
KITAPBALBOBEK00089,https://resources.cdn-kaspi.kz/img/m/p/hd2/hb0/87129250201630.jpg?format=gallery-large
KITAPBALBOBEK00091,https://resources.cdn-kaspi.kz/img/m/p/p2e/pfb/79087486.png?format=gallery-large
KITAPBALBOBEK00092,https://resources.cdn-kaspi.kz/img/m/p/h3c/h00/85997269090334.jpg?format=gallery-large
KITAPBALBOBEK00093,https://resources.cdn-kaspi.kz/img/m/p/he6/h64/64014109638686.jpg?format=gallery-large
KITAPBALBOBEK00094,https://resources.cdn-kaspi.kz/img/m/p/p2c/p7b/55521839.jpg?format=gallery-large
KITAPBALBOBEK00095,https://resources.cdn-kaspi.kz/img/m/p/h32/h3f/64212621557790.jpg?format=gallery-large
KITAPBALBOBEK00097,https://resources.cdn-kaspi.kz/img/m/p/h8b/h0a/64502022570014.jpg?format=gallery-large
KITAPBALBOBEK00099,https://resources.cdn-kaspi.kz/img/m/p/h5e/h14/81809558470686.jpg?format=gallery-large
KITAPBALBOBEK00102,https://resources.cdn-kaspi.kz/img/m/p/ha2/h01/64170992009246.jpg?format=gallery-large
KITAPBALBOBEK00103,https://resources.cdn-kaspi.kz/img/m/p/h5f/h4d/67342779875358.jpg?format=gallery-large
KITAPBALBOBEK00104,https://resources.cdn-kaspi.kz/img/m/p/hef/hed/64388443504670.jpg?format=gallery-large
KITAPBALBOBEK00105,https://resources.cdn-kaspi.kz/img/m/p/hc9/h53/85292189777950.jpg?format=gallery-large
KITAPBALBOBEK00106,https://resources.cdn-kaspi.kz/img/m/p/hc4/h77/64483030958110.jpg?format=gallery-large
KITAPENT00001,https://resources.cdn-kaspi.kz/img/m/p/p60/p56/91765981.jpeg?format=gallery-large
KITAPENT00002,https://resources.cdn-kaspi.kz/img/m/p/p2f/pe1/91765757.jpeg?format=gallery-large
KITAPENT00003,https://resources.cdn-kaspi.kz/img/m/p/hed/h6d/64128506265630.jpg?format=gallery-large
KITAPENT0000334,https://resources.cdn-kaspi.kz/img/m/p/pe8/pd3/92336034.jpeg?format=gallery-large
KITAPENT00005,https://resources.cdn-kaspi.kz/img/m/p/pb8/p10/23949988.jpg?format=gallery-large
KITAPENT00007,https://resources.cdn-kaspi.kz/img/m/p/peb/p69/91765753.png?format=gallery-large
KITAPENT00008,https://resources.cdn-kaspi.kz/img/m/p/p78/p6a/91765758.png?format=gallery-large
KITAPENT00010,https://resources.cdn-kaspi.kz/img/m/p/p3f/p2f/102789362.jpeg?format=gallery-large
KITAPENT00013,https://resources.cdn-kaspi.kz/img/m/p/p1c/pd3/91765834.jpeg?format=gallery-large
KITAPENT00014,https://resources.cdn-kaspi.kz/img/m/p/p6f/p2f/91479040.png?format=gallery-large
KITAPENT00015,https://resources.cdn-kaspi.kz/img/m/p/p56/p22/91479005.png?format=gallery-large
KITAPENT00016,https://resources.cdn-kaspi.kz/img/m/p/pbb/p33/91479058.png?format=gallery-large
KITAPENT00017,https://resources.cdn-kaspi.kz/img/m/p/p61/pbc/91478886.png?format=gallery-large
KITAPENT00018,https://resources.cdn-kaspi.kz/img/m/p/pf1/p28/91479023.png?format=gallery-large
KITAPENT00019,https://resources.cdn-kaspi.kz/img/m/p/p71/pb5/91478865.png?format=gallery-large
KITAPENT00020,https://resources.cdn-kaspi.kz/img/m/p/p72/p22/91479006.png?format=gallery-large
KITAPENT00021,https://resources.cdn-kaspi.kz/img/m/p/pfc/paa/91478833.png?format=gallery-large
KITAPENT00022,https://resources.cdn-kaspi.kz/img/m/p/paf/p2c/91479036.png?format=gallery-large
KITAPENT00024,https://resources.cdn-kaspi.kz/img/m/p/pfa/pcc/91766197.png?format=gallery-large
KITAPENT00025,https://resources.cdn-kaspi.kz/img/m/p/p03/pf5/91478907.png?format=gallery-large
KITAPENT00026,https://resources.cdn-kaspi.kz/img/m/p/pc6/pea/91478937.png?format=gallery-large
KITAPENT00031,https://resources.cdn-kaspi.kz/img/m/p/pbe/p18/101264137.jpeg?format=gallery-large
KITAPENT00033,https://resources.cdn-kaspi.kz/img/m/p/pf1/pdd/101297761.jpeg?format=gallery-large
KITAPENT00034,https://resources.cdn-kaspi.kz/img/m/p/p04/pca/101256577.jpeg?format=gallery-large
KITAPENT00035,https://resources.cdn-kaspi.kz/img/m/p/pad/p6e/91499410.jpeg?format=gallery-large
KITAPENT00038,https://resources.cdn-kaspi.kz/img/m/p/p9e/p4c/91499465.jpeg?format=gallery-large
KITAPENT00039,https://resources.cdn-kaspi.kz/img/m/p/p0f/p91/91538157.jpeg?format=gallery-large
KITAPENT00042,https://resources.cdn-kaspi.kz/img/m/p/p09/pe7/91499366.jpeg?format=gallery-large
KITAPENT00051,https://resources.cdn-kaspi.kz/img/m/p/p10/p84/91499358.jpeg?format=gallery-large
KITAPENT00053,https://resources.cdn-kaspi.kz/img/m/p/p74/p59/22028791.jpg?format=gallery-large
KITAPENT00057,https://resources.cdn-kaspi.kz/img/m/p/p7d/p3e/1364584.jpg?format=gallery-large
KITAPENT00058,https://resources.cdn-kaspi.kz/img/m/p/hf2/hee/84397867302942.jpg?format=gallery-large
KITAPENT00059,https://resources.cdn-kaspi.kz/img/m/p/p37/p42/16424549.jpg?format=gallery-large
KITAPENT00060,https://resources.cdn-kaspi.kz/img/m/p/ha8/h81/68203247271966.jpg?format=gallery-large
KITAPENT00061,https://resources.cdn-kaspi.kz/img/m/p/p2d/pdc/79609370.jpeg?format=gallery-large
KITAPENT00064,https://resources.cdn-kaspi.kz/img/m/p/hd4/h23/84668377989150.jpg?format=gallery-large
KITAPENT00065,https://resources.cdn-kaspi.kz/img/m/p/p11/p41/135286145.jpeg?format=gallery-large
KITAPENT00066,https://resources.cdn-kaspi.kz/img/m/p/hba/h45/84362178560030.jpg?format=gallery-large
KITAPENT00067,https://resources.cdn-kaspi.kz/img/m/p/h89/he9/84361911697438.jpg?format=gallery-large
KITAPENT00068,https://resources.cdn-kaspi.kz/img/m/p/h18/ha0/84362644652062.jpg?format=gallery-large
KITAPENT00069,https://resources.cdn-kaspi.kz/img/m/p/pd9/pdf/5459519.jpg?format=gallery-large
KITAPENT00070,https://resources.cdn-kaspi.kz/img/m/p/hba/h1e/85192799387678.jpg?format=gallery-large
KITAPENT00071,https://resources.cdn-kaspi.kz/img/m/p/hbb/h6d/85267025657886.png?format=gallery-large
KITAPENT00072,https://resources.cdn-kaspi.kz/img/m/p/p21/pb0/72131776.jpeg?format=gallery-large
KITAPENT00073,https://resources.cdn-kaspi.kz/img/m/p/pe3/p4f/60351135.jpeg?format=gallery-large
KITAPENT00074,https://resources.cdn-kaspi.kz/img/m/p/p1c/p10/22255126.jpg?format=gallery-large
KITAPENT00075,https://resources.cdn-kaspi.kz/img/m/p/p1e/p03/22255160.jpg?format=gallery-large
KITAPENT00076,https://resources.cdn-kaspi.kz/img/m/p/p3d/p62/22255094.jpg?format=gallery-large
KITAPENT00077,https://resources.cdn-kaspi.kz/img/m/p/pa2/pb8/91478873.png?format=gallery-large
KITAPENT00078,https://resources.cdn-kaspi.kz/img/m/p/p64/pcc/91765926.PNG?format=gallery-large
KITAPENT00079,https://resources.cdn-kaspi.kz/img/m/p/p24/pe7/91478949.png?format=gallery-large
KITAPENT00081,https://resources.cdn-kaspi.kz/img/m/p/p3c/pdd/91478976.png?format=gallery-large
KITAPENT00082,https://resources.cdn-kaspi.kz/img/m/p/p2f/p0c/91499425.jpeg?format=gallery-large
KITAPENT00083,https://resources.cdn-kaspi.kz/img/m/p/p03/pca/95140175.png?format=gallery-large
KITAPENT00084,https://resources.cdn-kaspi.kz/img/m/p/pc8/p83/93051003.jpeg?format=gallery-large
KITAPENT00085,https://resources.cdn-kaspi.kz/img/m/p/p6e/pa3/92251599.jpeg?format=gallery-large
KITAPENT00086,https://resources.cdn-kaspi.kz/img/m/p/p37/pbb/86486256.jpeg?format=gallery-large
KITAPENT00087,https://resources.cdn-kaspi.kz/img/m/p/p83/pa8/85439720.jpeg?format=gallery-large
KITAPENT00088,https://resources.cdn-kaspi.kz/img/m/p/pc0/p65/93164617.jpeg?format=gallery-large
KITAPENT00089,https://resources.cdn-kaspi.kz/img/m/p/p73/pbf/94859137.jpeg?format=gallery-large
KITAPENT00090,https://resources.cdn-kaspi.kz/img/m/p/p2b/p72/94705834.jpeg?format=gallery-large
KITAPENT00091,https://resources.cdn-kaspi.kz/img/m/p/p34/p54/94706231.png?format=gallery-large
KITAPENT00092,https://resources.cdn-kaspi.kz/img/m/p/h29/ha9/85984838320158.jpg?format=gallery-large
KITAPENT00094,https://resources.cdn-kaspi.kz/img/m/p/p66/pce/27220887.jpg?format=gallery-large
KITAPENT00095,https://resources.cdn-kaspi.kz/img/m/p/p65/p6a/24006662.jpg?format=gallery-large
KITAPENT00096,https://resources.cdn-kaspi.kz/img/m/p/p2c/p6b/27218801.jpg?format=gallery-large
KITAPENT00097,https://resources.cdn-kaspi.kz/img/m/p/p72/pbb/91971774.jpeg?format=gallery-large
KITAPENT00098,https://resources.cdn-kaspi.kz/img/m/p/h02/h6d/86873051987998.jpg?format=gallery-large
KITAPENT00099,https://resources.cdn-kaspi.kz/img/m/p/h3b/h9c/86959834365982.jpg?format=gallery-large
KITAPENT00100,https://resources.cdn-kaspi.kz/img/m/p/h06/he5/84981612347422.jpg?format=gallery-large
KITAPENT00101,https://resources.cdn-kaspi.kz/img/m/p/h24/hd8/84885741699102.jpg?format=gallery-large
KITAPENT00102,https://resources.cdn-kaspi.kz/img/m/p/pd3/p93/25628780.png?format=gallery-large
KITAPENT00103,https://resources.cdn-kaspi.kz/img/m/p/h96/h56/85435993194526.jpg?format=gallery-large
KITAPENT00106,https://resources.cdn-kaspi.kz/img/m/p/hd8/hda/67196145926174.jpg?format=gallery-large
KITAPENT5555554,https://resources.cdn-kaspi.kz/img/m/p/p38/pdd/91572126.jpeg?format=gallery-large
MIX70700001,https://resources.cdn-kaspi.kz/img/m/p/hfa/h49/87129734512670.jpg?format=gallery-large
MIX70700002,https://resources.cdn-kaspi.kz/img/m/p/h81/h9d/86575189164062.jpg?format=gallery-large
MIX70700003,https://resources.cdn-kaspi.kz/img/m/p/p30/p5f/33734064.jpeg?format=gallery-large
MIX70700006,https://resources.cdn-kaspi.kz/img/m/p/h4d/h21/87079163265054.jpg?format=gallery-large
MIX70700007,https://resources.cdn-kaspi.kz/img/m/p/hc2/hf7/84473449250846.jpg?format=gallery-large
MIX70700008,https://resources.cdn-kaspi.kz/img/m/p/pc4/p5e/30933456.png?format=gallery-large
MIX70700009,https://resources.cdn-kaspi.kz/img/m/p/h99/hda/63660939608094.jpg?format=gallery-large
MIX70700010,https://resources.cdn-kaspi.kz/img/m/p/h1e/h0d/85120592314398.png?format=gallery-large
MIX70700011,https://resources.cdn-kaspi.kz/img/m/p/hd0/hd9/85120531333150.png?format=gallery-large
MIX70700012,https://resources.cdn-kaspi.kz/img/m/p/hbc/h78/84821965078558.png?format=gallery-large
MIX70700013,https://resources.cdn-kaspi.kz/img/m/p/pb9/pdc/59058111.jpg?format=gallery-large
MIX70700014,https://resources.cdn-kaspi.kz/img/m/p/p4a/pff/61868862.jpg?format=gallery-large
MIX70700015,https://resources.cdn-kaspi.kz/img/m/p/p55/pa9/59959395.jpeg?format=gallery-large
MIX70700016,https://resources.cdn-kaspi.kz/img/m/p/h22/haa/64896847282206.jpg?format=gallery-large
MIX70700019,https://resources.cdn-kaspi.kz/img/m/p/h66/h08/86598764265502.jpg?format=gallery-large
MIX70700021,https://resources.cdn-kaspi.kz/img/m/p/h7f/h96/80886016606238.jpg?format=gallery-large
MIX70700022,https://resources.cdn-kaspi.kz/img/m/p/p27/pff/23957848.jpg?format=gallery-large
MR194234709,https://resources.cdn-kaspi.kz/img/m/p/p58/p46/81377914.jpg?format=gallery-large
MR194234710,https://resources.cdn-kaspi.kz/img/m/p/pa2/p0f/81316336.jpg?format=gallery-large
MR194234711,https://resources.cdn-kaspi.kz/img/m/p/p8a/p49/81377922.jpg?format=gallery-large
MR194234712,https://resources.cdn-kaspi.kz/img/m/p/pb3/pe1/81329084.jpeg?format=gallery-large
MR194234713,https://resources.cdn-kaspi.kz/img/m/p/hea/h82/86016790888478.jpg?format=gallery-large
MR194234714,https://resources.cdn-kaspi.kz/img/m/p/hf4/h76/63892675330078.jpg?format=gallery-large
MR194234715,https://resources.cdn-kaspi.kz/img/m/p/he5/h0e/63928208621598.jpg?format=gallery-large
MR194234716,https://resources.cdn-kaspi.kz/img/m/p/h2b/hc4/63928060641310.jpg?format=gallery-large
MR194234717,https://resources.cdn-kaspi.kz/img/m/p/hba/hc9/87074895724574.png?format=gallery-large
MR194234718,https://resources.cdn-kaspi.kz/img/m/p/p68/paa/81911612.jpg?format=gallery-large
MR194234719,https://resources.cdn-kaspi.kz/img/m/p/p1c/pfd/66685852.jpeg?format=gallery-large
MR194234720,https://resources.cdn-kaspi.kz/img/m/p/p6a/pab/34911355.jpg?format=gallery-large
MR194234722,https://resources.cdn-kaspi.kz/img/m/p/p72/pce/61163739.jpeg?format=gallery-large
MR194234723,https://resources.cdn-kaspi.kz/img/m/p/pcf/pa9/7443817.png?format=gallery-large
MR194234724,https://resources.cdn-kaspi.kz/img/m/p/pa5/pcd/13302639.png?format=gallery-large
MR194234726,https://resources.cdn-kaspi.kz/img/m/p/p1b/pb3/81933684.jpg?format=gallery-large
MR194234728,https://resources.cdn-kaspi.kz/img/m/p/p25/pfe/81317877.jpg?format=gallery-large
MR194234729,https://resources.cdn-kaspi.kz/img/m/p/pcd/pc1/81318213.jpg?format=gallery-large
MR194234731,https://resources.cdn-kaspi.kz/img/m/p/p03/p74/6997435.png?format=gallery-large
MR194234732,https://resources.cdn-kaspi.kz/img/m/p/p07/pcd/81933371.jpeg?format=gallery-large
MR194234734,https://resources.cdn-kaspi.kz/img/m/p/p55/p15/81319238.jpg?format=gallery-large
MR194234735,https://resources.cdn-kaspi.kz/img/m/p/h9f/ha6/84330618683422.jpg?format=gallery-large
MR194234736,https://resources.cdn-kaspi.kz/img/m/p/pb0/p16/82338027.jpg?format=gallery-large
MR194234738,https://resources.cdn-kaspi.kz/img/m/p/p51/p65/80517391.png?format=gallery-large
NT00000001,https://resources.cdn-kaspi.kz/img/m/p/p1b/p2a/152272761.bin?format=gallery-large
NT00000004,https://resources.cdn-kaspi.kz/img/m/p/pe0/p81/162331531.bin?format=gallery-large
NT00000007,https://resources.cdn-kaspi.kz/img/m/p/pfd/p22/84636513.jpeg?format=gallery-large
OPTBOOK019,https://resources.cdn-kaspi.kz/img/m/p/p0c/pae/141900040.jpg?format=gallery-large
OPTBOOK020,https://resources.cdn-kaspi.kz/img/m/p/p63/pad/141900046.jpg?format=gallery-large
OPTBOOK022,https://resources.cdn-kaspi.kz/img/m/p/p3e/p9a/141516469.jpg?format=gallery-large
OPTBOOK024,https://resources.cdn-kaspi.kz/img/m/p/p67/pa1/141533982.jpg?format=gallery-large
OPTBOOK025,https://resources.cdn-kaspi.kz/img/m/p/pa3/paa/141900050.jpg?format=gallery-large
OPTBOOK029,https://resources.cdn-kaspi.kz/img/m/p/p32/paa/141900054.jpg?format=gallery-large
OPTBOOK030,https://resources.cdn-kaspi.kz/img/m/p/p80/pad/141900045.jpg?format=gallery-large
OPTBOOK031,https://resources.cdn-kaspi.kz/img/m/p/pf5/p9f/141900084.jpg?format=gallery-large
OPTBOOK034,https://resources.cdn-kaspi.kz/img/m/p/pb8/pad/141900043.jpg?format=gallery-large
OPTBOOK035,https://resources.cdn-kaspi.kz/img/m/p/p28/p98/141517546.jpg?format=gallery-large
OPTBOOK036,https://resources.cdn-kaspi.kz/img/m/p/pcf/pf5/158530011.?format=gallery-large
OPTBOOK037,https://resources.cdn-kaspi.kz/img/m/p/p53/p28/141519472.jpg?format=gallery-large
OPTBOOK038,https://resources.cdn-kaspi.kz/img/m/p/p39/pa7/141900060.jpg?format=gallery-large
OPTBOOK039,https://resources.cdn-kaspi.kz/img/m/p/p06/p55/149412632.png?format=gallery-large
OPTBOOK041,https://resources.cdn-kaspi.kz/img/m/p/p3f/pb2/141533934.jpg?format=gallery-large
OPTBOOK042,https://resources.cdn-kaspi.kz/img/m/p/pc8/pa6/141900064.jpg?format=gallery-large
OPTBOOK045,https://resources.cdn-kaspi.kz/img/m/p/p6a/paa/141900052.jpg?format=gallery-large
OPTBOOK048,https://resources.cdn-kaspi.kz/img/m/p/pde/pa9/141900057.jpg?format=gallery-large
OPTBOOK051,https://resources.cdn-kaspi.kz/img/m/p/p97/pa3/141900072.jpg?format=gallery-large
OPTBOOK054,https://resources.cdn-kaspi.kz/img/m/p/p26/pa3/141900076.jpg?format=gallery-large
OPTBOOK058,https://resources.cdn-kaspi.kz/img/m/p/pfa/p20/141533680.jpg?format=gallery-large
OPTBOOK059,https://resources.cdn-kaspi.kz/img/m/p/p90/pa6/141900066.jpg?format=gallery-large
OPTBOOK060,https://resources.cdn-kaspi.kz/img/m/p/p2b/pad/141900048.jpg?format=gallery-large
OPTBOOK063,https://resources.cdn-kaspi.kz/img/m/p/p47/pad/141900047.jpg?format=gallery-large
OPTBOOK065,https://resources.cdn-kaspi.kz/img/m/p/p0f/pad/141900049.jpg?format=gallery-large
OPTBOOK067,https://resources.cdn-kaspi.kz/img/m/p/p9c/pad/141900044.jpg?format=gallery-large
OPTBOOK069,https://resources.cdn-kaspi.kz/img/m/p/pb7/p6d/141531176.jpg?format=gallery-large
OPTBOOK070,https://resources.cdn-kaspi.kz/img/m/p/pa7/p9c/141900093.jpg?format=gallery-large
OPTBOOK075,https://resources.cdn-kaspi.kz/img/m/p/pd2/pa2/141900079.jpg?format=gallery-large
OPTBOOK076,https://resources.cdn-kaspi.kz/img/m/p/pe8/pf9/158546721.?format=gallery-large
OPTBOOK077,https://resources.cdn-kaspi.kz/img/m/p/p5a/p51/141900105.jpg?format=gallery-large
OPTBOOK079,https://resources.cdn-kaspi.kz/img/m/p/p92/p51/141900103.jpg?format=gallery-large
OPTBOOK081,https://resources.cdn-kaspi.kz/img/m/p/p5b/p98/157847351.?format=gallery-large
OPTBOOK082,https://resources.cdn-kaspi.kz/img/m/p/pe2/pa9/151411717.jpg?format=gallery-large
OPTBOOK087,https://resources.cdn-kaspi.kz/img/m/p/p69/pb8/141531391.jpg?format=gallery-large
OPTBOOK091,https://resources.cdn-kaspi.kz/img/m/p/pc4/p9c/141900092.jpg?format=gallery-large
OPTBOOK094,https://resources.cdn-kaspi.kz/img/m/p/pae/p51/141900102.jpg?format=gallery-large
OPTBOOK095,https://resources.cdn-kaspi.kz/img/m/p/p37/p9c/141900097.jpg?format=gallery-large
OPTBOOK096,https://resources.cdn-kaspi.kz/img/m/p/pcb/p51/141900101.jpg?format=gallery-large
OPTBOOK097,https://resources.cdn-kaspi.kz/img/m/p/p3c/p25/142010461.jpg?format=gallery-large
OPTBOOK098,https://resources.cdn-kaspi.kz/img/m/p/pd6/p6a/141530357.jpg?format=gallery-large
OPTBOOK099,https://resources.cdn-kaspi.kz/img/m/p/pe4/p46/141900137.jpg?format=gallery-large
OPTBOOK100,https://resources.cdn-kaspi.kz/img/m/p/p29/p4e/141900113.jpg?format=gallery-large
OPTBOOK105,https://resources.cdn-kaspi.kz/img/m/p/p7f/p4d/141900119.jpg?format=gallery-large
OPTBOOK106,https://resources.cdn-kaspi.kz/img/m/p/p9c/p4d/141900118.jpg?format=gallery-large
OPTBOOK108,https://resources.cdn-kaspi.kz/img/m/p/p87/p4a/141900125.jpg?format=gallery-large
OPTBOOK114,https://resources.cdn-kaspi.kz/img/m/p/pd4/p4d/141900116.jpg?format=gallery-large
OPTBOOK115,https://resources.cdn-kaspi.kz/img/m/p/p0c/p4e/141900114.jpg?format=gallery-large
OPTBOOK116,https://resources.cdn-kaspi.kz/img/m/p/pd8/pe1/141530493.jpg?format=gallery-large
OPTBOOK124,https://resources.cdn-kaspi.kz/img/m/p/p13/p4b/141900120.jpg?format=gallery-large
OPTBOOK125,https://resources.cdn-kaspi.kz/img/m/p/p39/pc2/141530551.jpg?format=gallery-large
OPTBOOK126,https://resources.cdn-kaspi.kz/img/m/p/p32/p4a/141900128.jpg?format=gallery-large
OPTBOOK127,https://resources.cdn-kaspi.kz/img/m/p/pe9/pb3/141530597.jpg?format=gallery-large
OPTBOOK129,https://resources.cdn-kaspi.kz/img/m/p/p81/p88/142017121.jpg?format=gallery-large
OPTBOOK130,https://resources.cdn-kaspi.kz/img/m/p/p4e/p4a/141900127.jpg?format=gallery-large
OPTBOOK132,https://resources.cdn-kaspi.kz/img/m/p/paa/p47/141900130.jpg?format=gallery-large
OPTBOOK133,https://resources.cdn-kaspi.kz/img/m/p/pc2/pef/141530986.jpg?format=gallery-large
OPTBOOK340,https://resources.cdn-kaspi.kz/img/m/p/p8d/pd3/141897846.jpg?format=gallery-large
OPTBOOK341,https://resources.cdn-kaspi.kz/img/m/p/p84/pf8/141433829.jpg?format=gallery-large
OPTBOOK343,https://resources.cdn-kaspi.kz/img/m/p/p8f/pd3/156699420.bin?format=gallery-large
OPTBOOK346,https://resources.cdn-kaspi.kz/img/m/p/pb2/pcf/141897832.jpg?format=gallery-large
OPTBOOK347,https://resources.cdn-kaspi.kz/img/m/p/p38/pd3/141897843.jpg?format=gallery-large
OPTBOOK349,https://resources.cdn-kaspi.kz/img/m/p/p3f/pd0/141897837.jpg?format=gallery-large
OPTBOOK350,https://resources.cdn-kaspi.kz/img/m/p/pf8/pf6/141433874.jpg?format=gallery-large
OPTBOOK351,https://resources.cdn-kaspi.kz/img/m/p/pce/pcf/141897833.jpg?format=gallery-large
OPTBOOK352,https://resources.cdn-kaspi.kz/img/m/p/p96/pcf/141897831.jpg?format=gallery-large
OPTBOOK353,https://resources.cdn-kaspi.kz/img/m/p/p07/pd0/141897835.jpg?format=gallery-large
OPTBOOK355,https://resources.cdn-kaspi.kz/img/m/p/p1c/pd3/141897842.jpg?format=gallery-large
OPTBOOK400,https://resources.cdn-kaspi.kz/img/m/p/ped/pa8/142867593.jpg?format=gallery-large
OPTBOOK401,https://resources.cdn-kaspi.kz/img/m/p/pf4/p23/142867774.jpg?format=gallery-large
OPTBOOK402,https://resources.cdn-kaspi.kz/img/m/p/pca/pab/142867588.jpg?format=gallery-large
OPTBOOK403,https://resources.cdn-kaspi.kz/img/m/p/p8a/p5a/142867612.jpg?format=gallery-large
OPTBOOK404,https://resources.cdn-kaspi.kz/img/m/p/pa6/p80/142867839.jpg?format=gallery-large
OPTBOOK405,https://resources.cdn-kaspi.kz/img/m/p/p4b/p5d/142867608.jpg?format=gallery-large
OPTBOOK406,https://resources.cdn-kaspi.kz/img/m/p/p73/p4c/142867656.jpg?format=gallery-large
OPTBOOK407,https://resources.cdn-kaspi.kz/img/m/p/p44/pa8/142867599.jpg?format=gallery-large
OPTBOOK408,https://resources.cdn-kaspi.kz/img/m/p/pd1/pa8/142867594.jpg?format=gallery-large
OPTBOOK409,https://resources.cdn-kaspi.kz/img/m/p/p2c/p5e/142867600.jpg?format=gallery-large
OPTBOOK410,https://resources.cdn-kaspi.kz/img/m/p/p9b/p53/142867633.jpg?format=gallery-large
OPTBOOK411,https://resources.cdn-kaspi.kz/img/m/p/p2a/p79/142867813.jpg?format=gallery-large
OPTBOOK412,https://resources.cdn-kaspi.kz/img/m/p/p5b/p56/142867629.jpg?format=gallery-large
OPTBOOK413,https://resources.cdn-kaspi.kz/img/m/p/p85/p16/142867736.jpg?format=gallery-large
OPTBOOK414,https://resources.cdn-kaspi.kz/img/m/p/p12/p83/142867840.jpg?format=gallery-large
OPTBOOK415,https://resources.cdn-kaspi.kz/img/m/p/p8a/p42/142867683.jpg?format=gallery-large
OPTBOOK416,https://resources.cdn-kaspi.kz/img/m/p/p6c/p8d/142867871.jpg?format=gallery-large
OPTBOOK417,https://resources.cdn-kaspi.kz/img/m/p/p09/pa9/142867592.jpg?format=gallery-large
OPTBOOK418,https://resources.cdn-kaspi.kz/img/m/p/p06/p10/142867719.jpg?format=gallery-large
OPTBOOK419,https://resources.cdn-kaspi.kz/img/m/p/pc5/p59/142867619.jpg?format=gallery-large
OPTBOOK420,https://resources.cdn-kaspi.kz/img/m/p/p1c/p4d/142867650.jpg?format=gallery-large
OPTBOOK421,https://resources.cdn-kaspi.kz/img/m/p/pfd/p41/142867688.jpg?format=gallery-large
OPTBOOK422,https://resources.cdn-kaspi.kz/img/m/p/p10/p46/142867672.jpg?format=gallery-large
OPTBOOK424,https://resources.cdn-kaspi.kz/img/m/p/p36/p5a/142867615.jpg?format=gallery-large
OPTBOOK517,https://resources.cdn-kaspi.kz/img/m/p/p2f/pd8/142309664.jpg?format=gallery-large
OPTBOOK518,https://resources.cdn-kaspi.kz/img/m/p/pb3/pf6/158538331.?format=gallery-large
OPTBOOK519,https://resources.cdn-kaspi.kz/img/m/p/p67/pd8/142309666.jpg?format=gallery-large
OPTBOOK520,https://resources.cdn-kaspi.kz/img/m/p/p6c/pe2/142309694.jpg?format=gallery-large
OPTBOOK521,https://resources.cdn-kaspi.kz/img/m/p/p3f/pf9/158540742.?format=gallery-large
OPTBOOK550,https://resources.cdn-kaspi.kz/img/m/p/p42/p8b/142412952.jpg?format=gallery-large
OPTBOOK551,https://resources.cdn-kaspi.kz/img/m/p/p7a/p8b/142412950.jpg?format=gallery-large
OPTBOOK556,https://resources.cdn-kaspi.kz/img/m/p/p15/p92/142412932.jpg?format=gallery-large
OPTBOOK557,https://resources.cdn-kaspi.kz/img/m/p/p3d/p81/142412980.jpg?format=gallery-large
OPTBOOK558,https://resources.cdn-kaspi.kz/img/m/p/p6a/p00/142711886.jpg?format=gallery-large
OPTBOOK560,https://resources.cdn-kaspi.kz/img/m/p/pf9/p68/142709610.jpg?format=gallery-large
OPTBOOK561,https://resources.cdn-kaspi.kz/img/m/p/p3a/p59/142709463.jpg?format=gallery-large
OPTBOOK562,https://resources.cdn-kaspi.kz/img/m/p/p81/pd7/142709303.jpg?format=gallery-large
OPTBOOK565,https://resources.cdn-kaspi.kz/img/m/p/pb9/p62/142707812.jpg?format=gallery-large
OPTBOOK568,https://resources.cdn-kaspi.kz/img/m/p/ped/p8a/142412955.jpg?format=gallery-large
OPTBOOK569,https://resources.cdn-kaspi.kz/img/m/p/pf9/p91/142412933.jpg?format=gallery-large
OPTBOOK571,https://resources.cdn-kaspi.kz/img/m/p/p25/pca/142702763.jpg?format=gallery-large
OPTBOOK574,https://resources.cdn-kaspi.kz/img/m/p/p3f/p98/142412918.jpg?format=gallery-large
OPTBOOK577,https://resources.cdn-kaspi.kz/img/m/p/pc5/p83/142412978.jpg?format=gallery-large
OPTBOOK578,https://resources.cdn-kaspi.kz/img/m/p/pc5/p9b/142412907.jpg?format=gallery-large
OPTBOOK579,https://resources.cdn-kaspi.kz/img/m/p/pa4/p91/142412936.jpg?format=gallery-large
OPTBOOK580,https://resources.cdn-kaspi.kz/img/m/p/pcc/p80/142412984.jpg?format=gallery-large
OPTBOOK583,https://resources.cdn-kaspi.kz/img/m/p/p73/p8e/142412944.jpg?format=gallery-large
OPTBOOK584,https://resources.cdn-kaspi.kz/img/m/p/p10/p88/142412960.jpg?format=gallery-large
OPTBOOK585,https://resources.cdn-kaspi.kz/img/m/p/p70/p7e/142413010.jpg?format=gallery-large
OPTBOOK588,https://resources.cdn-kaspi.kz/img/m/p/p63/p1b/142695720.jpg?format=gallery-large
OPTBOOK589,https://resources.cdn-kaspi.kz/img/m/p/p5c/p80/142412988.jpg?format=gallery-large
OPTBOOK590,https://resources.cdn-kaspi.kz/img/m/p/p5b/p7b/142413003.jpg?format=gallery-large
OPTBOOK593,https://resources.cdn-kaspi.kz/img/m/p/p4f/pb3/142694279.jpg?format=gallery-large
OPTBOOK595,https://resources.cdn-kaspi.kz/img/m/p/pe1/p7e/142413014.jpg?format=gallery-large
OPTBOOK596,https://resources.cdn-kaspi.kz/img/m/p/p23/p7b/142413001.jpg?format=gallery-large
ORDABAZAR001,https://resources.cdn-kaspi.kz/img/m/p/pb2/pf6/158538141.?format=gallery-large
ORDABAZAR002,https://resources.cdn-kaspi.kz/img/m/p/hac/h7c/87206882934814.png?format=gallery-large
ORDABAZAR003,https://resources.cdn-kaspi.kz/img/m/p/h51/hd6/85650769149982.jpg?format=gallery-large
ORDABAZAR005,https://resources.cdn-kaspi.kz/img/m/p/pb4/pcd/92983508.png?format=gallery-large
OZ194234758,https://resources.cdn-kaspi.kz/img/m/p/p5d/pd3/82338016.jpeg?format=gallery-large
OZ194234760,https://resources.cdn-kaspi.kz/img/m/p/p46/pc4/82687783.jpeg?format=gallery-large
OZ194234761,https://resources.cdn-kaspi.kz/img/m/p/p24/p81/82636817.jpeg?format=gallery-large
OZ194234762,https://resources.cdn-kaspi.kz/img/m/p/p8a/p8c/82319590.jpeg?format=gallery-large
OZ194234763,https://resources.cdn-kaspi.kz/img/m/p/h36/h22/85535431000094.jpg?format=gallery-large
OZ194234764,https://resources.cdn-kaspi.kz/img/m/p/p31/pb0/82326356.jpeg?format=gallery-large
OZ194234765,https://resources.cdn-kaspi.kz/img/m/p/p2e/paa/82756473.jpeg?format=gallery-large
OZ194234766,https://resources.cdn-kaspi.kz/img/m/p/p2f/p99/82756423.jpeg?format=gallery-large
OZ194234767,https://resources.cdn-kaspi.kz/img/m/p/p35/p93/82336295.jpeg?format=gallery-large
OZ194234768,https://resources.cdn-kaspi.kz/img/m/p/pd4/p2c/82756452.jpeg?format=gallery-large
OZ194234769,https://resources.cdn-kaspi.kz/img/m/p/p9b/p63/82309936.jpeg?format=gallery-large
OZ194234770,https://resources.cdn-kaspi.kz/img/m/p/p5e/p99/82350207.jpeg?format=gallery-large
OZ194234771,https://resources.cdn-kaspi.kz/img/m/p/pf5/p6d/82687535.jpeg?format=gallery-large
OZ194234772,https://resources.cdn-kaspi.kz/img/m/p/pe6/pb7/82320505.jpeg?format=gallery-large
OZ194234773,https://resources.cdn-kaspi.kz/img/m/p/pa4/pf8/82310622.jpeg?format=gallery-large
OZ194234774,https://resources.cdn-kaspi.kz/img/m/p/p4e/pf9/83246426.jpeg?format=gallery-large
OZ194234775,https://resources.cdn-kaspi.kz/img/m/p/p3b/p53/84251985.jpeg?format=gallery-large
OZ194234776,https://resources.cdn-kaspi.kz/img/m/p/p43/p2e/83245144.jpeg?format=gallery-large
OZ194234777,https://resources.cdn-kaspi.kz/img/m/p/p05/pe8/83249980.jpeg?format=gallery-large
SHOLPAN0013,https://resources.cdn-kaspi.kz/img/m/p/hd6/hf8/63852836192286.jpg?format=gallery-large
SHYN000,https://resources.cdn-kaspi.kz/img/m/p/p3a/p4c/135353854.jpeg?format=gallery-large
SHYN001,https://resources.cdn-kaspi.kz/img/m/p/p25/p28/135354405.jpeg?format=gallery-large
SHYN002,https://resources.cdn-kaspi.kz/img/m/p/p9d/pb2/135353863.jpeg?format=gallery-large
SHYN003,https://resources.cdn-kaspi.kz/img/m/p/h12/h15/85748635631646.jpg?format=gallery-large
SHYN004,https://resources.cdn-kaspi.kz/img/m/p/p09/pf4/135355525.jpeg?format=gallery-large
SHYN005,https://resources.cdn-kaspi.kz/img/m/p/p20/p12/135599037.jpeg?format=gallery-large
SHYN006,https://resources.cdn-kaspi.kz/img/m/p/pa7/p6b/135599179.jpeg?format=gallery-large
SHYN007,https://resources.cdn-kaspi.kz/img/m/p/pc2/pdc/135353875.jpeg?format=gallery-large
SHYN008,https://resources.cdn-kaspi.kz/img/m/p/pae/pea/135354420.jpeg?format=gallery-large
SHYN009,https://resources.cdn-kaspi.kz/img/m/p/p76/p03/13808344.jpg?format=gallery-large
SHYN010,https://resources.cdn-kaspi.kz/img/m/p/pfc/pb3/116565110.jpg?format=gallery-large
SHYN011,https://resources.cdn-kaspi.kz/img/m/p/pfd/pa8/135355533.jpeg?format=gallery-large
SHYN012,https://resources.cdn-kaspi.kz/img/m/p/p3c/p55/135355122.jpeg?format=gallery-large
SHYN013,https://resources.cdn-kaspi.kz/img/m/p/p13/p01/135353898.jpeg?format=gallery-large
SHYN014,https://resources.cdn-kaspi.kz/img/m/p/paa/p07/135599743.jpeg?format=gallery-large
SHYN015,https://resources.cdn-kaspi.kz/img/m/p/p07/p8c/88599108.jpeg?format=gallery-large
SHYN016,https://resources.cdn-kaspi.kz/img/m/p/p9a/p42/135355542.jpeg?format=gallery-large
SHYN017,https://resources.cdn-kaspi.kz/img/m/p/p9f/p25/77493884.jpg?format=gallery-large
SHYN018,https://resources.cdn-kaspi.kz/img/m/p/p7e/pa6/71825036.jpg?format=gallery-large
SHYN021,https://resources.cdn-kaspi.kz/img/m/p/p6b/p26/135354448.jpeg?format=gallery-large
SHYN022,https://resources.cdn-kaspi.kz/img/m/p/p9e/p8e/135353913.jpeg?format=gallery-large
SHYN023,https://resources.cdn-kaspi.kz/img/m/p/pf3/p34/135355546.jpeg?format=gallery-large
SHYN024,https://resources.cdn-kaspi.kz/img/m/p/pb6/p2a/135355549.jpeg?format=gallery-large
SHYN025,https://resources.cdn-kaspi.kz/img/m/p/p0a/pae/135355162.jpeg?format=gallery-large
SHYN027,https://resources.cdn-kaspi.kz/img/m/p/p57/p10/135353929.jpeg?format=gallery-large
SHYN028,https://resources.cdn-kaspi.kz/img/m/p/p16/p3f/135355559.jpeg?format=gallery-large
SHYN029,https://resources.cdn-kaspi.kz/img/m/p/p26/p96/135355169.jpeg?format=gallery-large
SHYN030,https://resources.cdn-kaspi.kz/img/m/p/p6a/p3d/135355174.jpeg?format=gallery-large
SHYN031,https://resources.cdn-kaspi.kz/img/m/p/p86/p9f/135354464.jpeg?format=gallery-large
TEEZ090423401,https://resources.cdn-kaspi.kz/img/m/p/pf0/p14/85405654.jpg?format=gallery-large
TEEZ090423404,https://resources.cdn-kaspi.kz/img/m/p/hf9/h80/85809884889118.jpg?format=gallery-large
TEEZ090423405,https://resources.cdn-kaspi.kz/img/m/p/h93/h45/66820050780190.jpg?format=gallery-large
TEEZ090423407,https://resources.cdn-kaspi.kz/img/m/p/h45/hc4/80124066103326.jpg?format=gallery-large
TEEZ090423408,https://resources.cdn-kaspi.kz/img/m/p/hfd/hca/64338871353374.jpg?format=gallery-large
TEEZ090423409,https://resources.cdn-kaspi.kz/img/m/p/p03/p5d/88523584.jpg?format=gallery-large
TEEZ090423410,https://resources.cdn-kaspi.kz/img/m/p/pce/pd2/151679577.jpg?format=gallery-large
TEEZ090423411,https://resources.cdn-kaspi.kz/img/m/p/p9f/p3a/147951274.jpg?format=gallery-large
TEEZ090423412,https://resources.cdn-kaspi.kz/img/m/p/p15/p2f/20144703.jpg?format=gallery-large
TEEZ090423413,https://resources.cdn-kaspi.kz/img/m/p/h24/h8c/64080563208222.jpg?format=gallery-large
TEEZ090423414,https://resources.cdn-kaspi.kz/img/m/p/hce/h6f/64087369777182.jpg?format=gallery-large
TEEZ090423415,https://resources.cdn-kaspi.kz/img/m/p/p24/pab/151681776.jpg?format=gallery-large
TEEZ090423416,https://resources.cdn-kaspi.kz/img/m/p/p33/p4b/34873422.jpg?format=gallery-large
TEEZ090423417,https://resources.cdn-kaspi.kz/img/m/p/ha1/ha7/85537745535006.jpg?format=gallery-large
TEEZ090423418,https://resources.cdn-kaspi.kz/img/m/p/p4a/pda/42441541.jpg?format=gallery-large
TEEZ090423419,https://resources.cdn-kaspi.kz/img/m/p/p3d/pe3/80579059.jpg?format=gallery-large
TEEZ090423420,https://resources.cdn-kaspi.kz/img/m/p/p34/p0b/24600059.jpeg?format=gallery-large
TEEZ090423422,https://resources.cdn-kaspi.kz/img/m/p/hde/h05/65115674574878.jpg?format=gallery-large
TEEZ090423423,https://resources.cdn-kaspi.kz/img/m/p/h64/h97/64099808509982.jpg?format=gallery-large
TEEZ090423424,https://resources.cdn-kaspi.kz/img/m/p/h59/h75/64121873793054.jpg?format=gallery-large
TEEZ090423425,https://resources.cdn-kaspi.kz/img/m/p/pc4/pf5/127590037.jpg?format=gallery-large
TEEZ090423426,https://resources.cdn-kaspi.kz/img/m/p/pd8/p35/13283933.png?format=gallery-large
TEEZ090423427,https://resources.cdn-kaspi.kz/img/m/p/h91/h3d/64365058621470.jpg?format=gallery-large
TEEZ090423428,https://resources.cdn-kaspi.kz/img/m/p/h98/he9/85991014268958.jpg?format=gallery-large
TEEZ090423429,https://resources.cdn-kaspi.kz/img/m/p/h3f/h3f/85555306004510.jpg?format=gallery-large
TEEZ090423430,https://resources.cdn-kaspi.kz/img/m/p/paa/p3a/4325635.png?format=gallery-large
TEEZ090423431,https://resources.cdn-kaspi.kz/img/m/p/h08/h98/64344455217182.jpg?format=gallery-large
TEEZ090423432,https://resources.cdn-kaspi.kz/img/m/p/ha2/hf5/85517544194078.jpg?format=gallery-large
TEEZ090423433,https://resources.cdn-kaspi.kz/img/m/p/pf1/p80/7340932.jpeg?format=gallery-large
WB194234664,https://resources.cdn-kaspi.kz/img/m/p/p2b/p42/79417939.jpeg?format=gallery-large
WB194234665,https://resources.cdn-kaspi.kz/img/m/p/p04/pbf/79316512.jpeg?format=gallery-large
WB194234666,https://resources.cdn-kaspi.kz/img/m/p/p18/p9e/75930686.jpeg?format=gallery-large
WB194234667,https://resources.cdn-kaspi.kz/img/m/p/p71/pe9/76002930.jpeg?format=gallery-large
WB194234668,https://resources.cdn-kaspi.kz/img/m/p/pa4/peb/79421520.jpeg?format=gallery-large
WB194234670,https://resources.cdn-kaspi.kz/img/m/p/p9a/p02/79327762.jpeg?format=gallery-large
WB194234671,https://resources.cdn-kaspi.kz/img/m/p/p9b/p76/79717283.jpeg?format=gallery-large
WB194234673,https://resources.cdn-kaspi.kz/img/m/p/pc3/p9f/79884706.jpeg?format=gallery-large
WB194234674,https://resources.cdn-kaspi.kz/img/m/p/pbe/pbb/79885016.jpeg?format=gallery-large
WB194234675,https://resources.cdn-kaspi.kz/img/m/p/pbb/pf6/79421361.jpeg?format=gallery-large
WB194234676,https://resources.cdn-kaspi.kz/img/m/p/ped/pa2/79414706.jpeg?format=gallery-large
WB194234677,https://resources.cdn-kaspi.kz/img/m/p/p7e/p99/79421535.jpeg?format=gallery-large
WB194234678,https://resources.cdn-kaspi.kz/img/m/p/hfe/he4/86225142775838.jpg?format=gallery-large
WB194234679,https://resources.cdn-kaspi.kz/img/m/p/p22/pd1/79399162.jpeg?format=gallery-large
WB194234680,https://resources.cdn-kaspi.kz/img/m/p/p5d/p11/79240413.jpeg?format=gallery-large
WB194234681,https://resources.cdn-kaspi.kz/img/m/p/p16/pce/79419754.jpeg?format=gallery-large
WB194234682,https://resources.cdn-kaspi.kz/img/m/p/p1a/pbb/79238529.jpeg?format=gallery-large
WB194234683,https://resources.cdn-kaspi.kz/img/m/p/p40/pac/79316193.jpeg?format=gallery-large
WB194234686,https://resources.cdn-kaspi.kz/img/m/p/pbe/p4a/79392314.jpeg?format=gallery-large
WB194234687,https://resources.cdn-kaspi.kz/img/m/p/p67/pd4/18558991.jpeg?format=gallery-large
WB194234689,https://resources.cdn-kaspi.kz/img/m/p/p81/pfd/79316396.jpeg?format=gallery-large
WB194234690,https://resources.cdn-kaspi.kz/img/m/p/pd5/peb/79884080.jpeg?format=gallery-large
WB194234691,https://resources.cdn-kaspi.kz/img/m/p/pc5/pa9/79417479.jpeg?format=gallery-large
WB194234692,https://resources.cdn-kaspi.kz/img/m/p/p81/pa7/79378920.jpeg?format=gallery-large
WB194234693,https://resources.cdn-kaspi.kz/img/m/p/p83/p71/79400293.jpeg?format=gallery-large
WB194234694,https://resources.cdn-kaspi.kz/img/m/p/p2e/pef/79239392.jpeg?format=gallery-large
WB194234695,https://resources.cdn-kaspi.kz/img/m/p/pee/p75/79416308.jpeg?format=gallery-large
WB194234696,https://resources.cdn-kaspi.kz/img/m/p/pd5/pca/79236177.jpeg?format=gallery-large
WB194234697,https://resources.cdn-kaspi.kz/img/m/p/h3a/hf1/86376357658654.jpg?format=gallery-large
WB194234698,https://resources.cdn-kaspi.kz/img/m/p/p08/p45/79413882.jpeg?format=gallery-large
WB194234699,https://resources.cdn-kaspi.kz/img/m/p/pe1/p6a/79442193.jpeg?format=gallery-large
WB194234700,https://resources.cdn-kaspi.kz/img/m/p/p0c/p56/82338118.jpeg?format=gallery-large
WB194234701,https://resources.cdn-kaspi.kz/img/m/p/pb2/p5f/79732338.jpeg?format=gallery-large
WB194234702,https://resources.cdn-kaspi.kz/img/m/p/p13/pa6/82636469.jpeg?format=gallery-large
WB194234703,https://resources.cdn-kaspi.kz/img/m/p/pec/peb/158503658.?format=gallery-large
WB194234704,https://resources.cdn-kaspi.kz/img/m/p/h08/hf9/86641657380894.jpg?format=gallery-large
WB194234705,https://resources.cdn-kaspi.kz/img/m/p/h94/ha5/85836807798814.jpg?format=gallery-large
WB194234707,https://resources.cdn-kaspi.kz/img/m/p/p4e/pf6/79421442.jpeg?format=gallery-large
WB194234708,https://resources.cdn-kaspi.kz/img/m/p/p16/p47/79421412.jpeg?format=gallery-large
WB194234744,https://resources.cdn-kaspi.kz/img/m/p/p52/pac/70379460.jpg?format=gallery-large
WB194234745,https://basket-10.wbbasket.ru/vol1427/part142789/142789310/images/big/1.webp
WB194234746,https://resources.cdn-kaspi.kz/img/m/p/p32/p26/128742095.bin?format=gallery-large
WB194234747,https://resources.cdn-kaspi.kz/img/m/p/p54/p45/76918091.jpg?format=gallery-large
WB194234748,https://resources.cdn-kaspi.kz/img/m/p/p9d/pbb/76926548.jpg?format=gallery-large
WB194234750,https://resources.cdn-kaspi.kz/img/m/p/pb1/pc9/13644299.jpg?format=gallery-large
WB194234751,https://resources.cdn-kaspi.kz/img/m/p/pde/p87/82108974.jpeg?format=gallery-large
WB194234752,https://resources.cdn-kaspi.kz/img/m/p/p39/p9e/82113395.jpeg?format=gallery-large
WB194234753,https://resources.cdn-kaspi.kz/img/m/p/p85/p64/36460606.jpg?format=gallery-large
WB194234757,https://resources.cdn-kaspi.kz/img/m/p/p84/pfc/82128532.png?format=gallery-large
WB194234758,https://resources.cdn-kaspi.kz/img/m/p/pab/p9a/75788093.jpeg?format=gallery-large
WB194234759,https://basket-10.wbbasket.ru/vol1491/part149196/149196048/images/big/1.webp
WB194234760,https://resources.cdn-kaspi.kz/img/m/p/p32/p8b/83931429.jpeg?format=gallery-large
WB194234761,https://resources.cdn-kaspi.kz/img/m/p/pe8/pfd/83899761.jpeg?format=gallery-large
WB194234762,https://resources.cdn-kaspi.kz/img/m/p/p8e/p93/83931405.jpeg?format=gallery-large
WB194234763,https://resources.cdn-kaspi.kz/img/m/p/p97/p31/84376210.jpeg?format=gallery-large
WB194234764,https://resources.cdn-kaspi.kz/img/m/p/h49/hb7/70245017419806.jpg?format=gallery-large
WB234534533,https://resources.cdn-kaspi.kz/img/m/p/pbe/p9b/85828157.jpeg?format=gallery-large
WB234534534,https://resources.cdn-kaspi.kz/img/m/p/h10/h9f/68495021146142.jpg?format=gallery-large
WB234534535,https://resources.cdn-kaspi.kz/img/m/p/p71/pfd/85828229.jpeg?format=gallery-large
WB234534536,https://resources.cdn-kaspi.kz/img/m/p/had/hd1/86928426729502.jpg?format=gallery-large
WB234534538,https://resources.cdn-kaspi.kz/img/m/p/pc3/p70/104408447.jpeg?format=gallery-large
WB234534539,https://resources.cdn-kaspi.kz/img/m/p/p92/pa2/85828155.jpeg?format=gallery-large
WB234534540,https://resources.cdn-kaspi.kz/img/m/p/p99/p3f/85828163.jpeg?format=gallery-large
WB234534541,https://resources.cdn-kaspi.kz/img/m/p/p8b/p0e/85828201.jpeg?format=gallery-large
WB234534542,https://resources.cdn-kaspi.kz/img/m/p/p51/p8b/55032076.jpeg?format=gallery-large
WB234534543,https://resources.cdn-kaspi.kz/img/m/p/pc5/p38/85828165.jpeg?format=gallery-large
WB234534544,https://resources.cdn-kaspi.kz/img/m/p/p88/p97/85770497.jpeg?format=gallery-large
WB234534545,https://resources.cdn-kaspi.kz/img/m/p/p9b/p57/52297095.jpeg?format=gallery-large
WB234534546,https://resources.cdn-kaspi.kz/img/m/p/p41/p6e/104407033.jpeg?format=gallery-large
WB234534547,https://resources.cdn-kaspi.kz/img/m/p/h7f/hcf/85981084844062.jpg?format=gallery-large
WB234534548,https://resources.cdn-kaspi.kz/img/m/p/p93/p06/160133480.?format=gallery-large
WB234534549,https://resources.cdn-kaspi.kz/img/m/p/pbe/p00/86460673.jpeg?format=gallery-large
WB234534551,https://resources.cdn-kaspi.kz/img/m/p/p35/p6f/104408180.jpeg?format=gallery-large
WB234534552,https://resources.cdn-kaspi.kz/img/m/p/p07/p4c/85766622.jpeg?format=gallery-large
WB234534553,https://resources.cdn-kaspi.kz/img/m/p/p4d/p52/41881599.jpg?format=gallery-large
WB234534554,https://resources.cdn-kaspi.kz/img/m/p/pdb/p20/86334681.jpeg?format=gallery-large
WB234534555,https://resources.cdn-kaspi.kz/img/m/p/p8a/pdd/104406704.jpeg?format=gallery-large
WB234534556,https://resources.cdn-kaspi.kz/img/m/p/p94/p82/85828214.jpeg?format=gallery-large
WB7903870,https://basket-34.wbbasket.ru/vol7266/part726667/726667450/images/big/1.webp
WB7903871,https://basket-20.wbbasket.ru/vol3331/part333189/333189280/images/big/1.webp
WB7903872,https://basket-01.wbbasket.ru/vol67/part6768/6768830/images/big/1.webp
WB7903873,https://basket-32.wbbasket.ru/vol6553/part655304/655304182/images/big/1.webp
WB7903875,https://basket-39.wbbasket.ru/vol8787/part878745/878745815/images/big/1.webp
WB7903878,https://basket-39.wbbasket.ru/vol8787/part878745/878745710/images/big/1.webp
WB7903879,https://basket-27.wbbasket.ru/vol4977/part497735/497735981/images/big/1.webp
WB7903882,https://basket-27.wbbasket.ru/vol4977/part497735/497735984/images/big/1.webp
WBBOOK0003,https://resources.cdn-kaspi.kz/img/m/p/p44/pe8/104484101.jpeg?format=gallery-large
WBBOOK0004,https://resources.cdn-kaspi.kz/img/m/p/p13/pfc/104484073.jpeg?format=gallery-large
WBBOOK0005,https://resources.cdn-kaspi.kz/img/m/p/p0f/p9a/159910034.?format=gallery-large
WBBOOK0006,https://resources.cdn-kaspi.kz/img/m/p/p45/pa3/104484033.jpeg?format=gallery-large
WBBOOK0007,https://resources.cdn-kaspi.kz/img/m/p/pa4/p66/104036925.jpeg?format=gallery-large
WBBOOK0009,https://resources.cdn-kaspi.kz/img/m/p/pea/p99/159911983.?format=gallery-large
WBBOOK0010,https://resources.cdn-kaspi.kz/img/m/p/p88/p21/96844064.png?format=gallery-large
WBBOOK0011,https://resources.cdn-kaspi.kz/img/m/p/h31/h0d/85372241477662.jpg?format=gallery-large
WBBOOK0012,https://resources.cdn-kaspi.kz/img/m/p/p78/p0a/104483997.jpeg?format=gallery-large
WBBOOK0013,https://resources.cdn-kaspi.kz/img/m/p/pc5/p8c/103925574.jpeg?format=gallery-large
WBBOOK0014,https://resources.cdn-kaspi.kz/img/m/p/pdc/pd2/103929943.jpeg?format=gallery-large
WBBOOK0016,https://resources.cdn-kaspi.kz/img/m/p/pf3/pcf/104483975.jpeg?format=gallery-large
WBBOOK0017,https://resources.cdn-kaspi.kz/img/m/p/pc2/p44/104037026.jpeg?format=gallery-large
WBBOOK0018,https://resources.cdn-kaspi.kz/img/m/p/p7b/p8f/103931416.jpeg?format=gallery-large
WBBOOK0019,https://resources.cdn-kaspi.kz/img/m/p/p1b/p03/104483948.jpeg?format=gallery-large
WBBOOK0020,https://resources.cdn-kaspi.kz/img/m/p/pab/pb8/104483916.jpeg?format=gallery-large
WBBOOK00200,https://basket-40.wbbasket.ru/vol9270/part927066/927066594/images/big/1.webp
WBBOOK00201,https://resources.cdn-kaspi.kz/img/m/p/pe1/p8e/136114336.jpg?format=gallery-large
WBBOOK00202,https://basket-40.wbbasket.ru/vol9270/part927066/927066623/images/big/1.webp
WBBOOK00203,https://basket-35.wbbasket.ru/vol7637/part763728/763728357/images/big/1.webp
WBBOOK00204,https://resources.cdn-kaspi.kz/img/m/p/p4f/pa5/136112537.jpg?format=gallery-large
WBBOOK00205,https://resources.cdn-kaspi.kz/img/m/p/p28/pf0/135586678.jpg?format=gallery-large
WBBOOK00206,https://basket-37.wbbasket.ru/vol8140/part814044/814044501/images/big/1.webp
WBBOOK00207,https://basket-17.wbbasket.ru/vol2661/part266191/266191867/images/big/1.webp
WBBOOK00208,https://basket-19.wbbasket.ru/vol3167/part316707/316707057/images/big/1.webp
WBBOOK00209,https://resources.cdn-kaspi.kz/img/m/p/p7e/p97/136111231.jpg?format=gallery-large
WBBOOK00210,https://basket-22.wbbasket.ru/vol3704/part370490/370490517/images/big/1.webp
WBBOOK00211,https://basket-23.wbbasket.ru/vol3958/part395854/395854204/images/big/1.webp
WBBOOK00212,https://resources.cdn-kaspi.kz/img/m/p/p49/pb4/136106060.jpg?format=gallery-large
WBBOOK00214,https://basket-24.wbbasket.ru/vol4346/part434640/434640106/images/big/1.webp
WBBOOK00215,https://basket-25.wbbasket.ru/vol4453/part445395/445395603/images/big/1.webp
WBBOOK00217,https://basket-26.wbbasket.ru/vol4825/part482580/482580841/images/big/1.webp
WBBOOK00218,https://basket-26.wbbasket.ru/vol4825/part482592/482592086/images/big/1.webp
WBBOOK00219,https://resources.cdn-kaspi.kz/img/m/p/pfc/p30/136100041.jpg?format=gallery-large
WBBOOK00220,https://basket-26.wbbasket.ru/vol4825/part482593/482593113/images/big/1.webp
WBBOOK00221,https://basket-26.wbbasket.ru/vol4825/part482593/482593742/images/big/1.webp
WBBOOK00222,https://basket-26.wbbasket.ru/vol4825/part482594/482594351/images/big/1.webp
WBBOOK00223,https://resources.cdn-kaspi.kz/img/m/p/p47/pb0/136090109.jpg?format=gallery-large
WBBOOK00224,https://resources.cdn-kaspi.kz/img/m/p/pa6/p1a/136087809.jpg?format=gallery-large
WBBOOK00225,https://resources.cdn-kaspi.kz/img/m/p/p53/p21/136087377.jpg?format=gallery-large
WBBOOK0932049,https://basket-35.wbbasket.ru/vol7535/part753593/753593807/images/big/1.webp
WBBOOK0932050,https://basket-17.wbbasket.ru/vol2689/part268992/268992255/images/big/1.webp
WBBOOK0932051,https://basket-12.wbbasket.ru/vol1715/part171558/171558970/images/big/1.webp
WBBOOK0932052,https://basket-17.wbbasket.ru/vol2689/part268992/268992257/images/big/1.webp
WBBOOK0932053,https://basket-36.wbbasket.ru/vol7716/part771661/771661871/images/big/1.webp
WBBOOK0932054,https://basket-36.wbbasket.ru/vol7736/part773625/773625511/images/big/1.webp
WBBOOK0932055,https://basket-18.wbbasket.ru/vol2941/part294119/294119345/images/big/1.webp
WBBOOK0932056,https://basket-36.wbbasket.ru/vol7764/part776481/776481208/images/big/1.webp
WBBOOK0932057,https://basket-35.wbbasket.ru/vol7640/part764090/764090196/images/big/1.webp
WBBOOK0932058,https://basket-18.wbbasket.ru/vol2941/part294119/294119347/images/big/1.webp
WBBOOK0932059,https://basket-35.wbbasket.ru/vol7446/part744680/744680894/images/big/1.webp
WBBOOK0932060,https://basket-36.wbbasket.ru/vol7889/part788995/788995894/images/big/1.webp
WBBOOK1221,https://basket-39.wbbasket.ru/vol8772/part877294/877294735/images/big/1.webp
WBBOOK1224,https://basket-10.wbbasket.ru/vol1406/part140644/140644093/images/big/1.webp
WBBOOK1225,https://basket-10.wbbasket.ru/vol1406/part140644/140644331/images/big/1.webp
WBBOOK1226,https://basket-10.wbbasket.ru/vol1406/part140644/140644442/images/big/1.webp
WBBOOK1229,https://basket-15.wbbasket.ru/vol2191/part219159/219159185/images/big/1.webp
WBBOOK1230,https://basket-15.wbbasket.ru/vol2191/part219161/219161156/images/big/1.webp
WBBOOK1231,https://basket-15.wbbasket.ru/vol2191/part219154/219154702/images/big/1.webp
WBBOOK1232,https://basket-15.wbbasket.ru/vol2191/part219160/219160058/images/big/1.webp
WBBOOK1236,https://basket-36.wbbasket.ru/vol7838/part783883/783883666/images/big/1.webp
WBBOOK1237,https://basket-17.wbbasket.ru/vol2630/part263011/263011250/images/big/1.webp
WBBOOK1238,https://basket-17.wbbasket.ru/vol2780/part278081/278081402/images/big/1.webp
WBBOOK1239,https://basket-13.wbbasket.ru/vol1928/part192856/192856970/images/big/1.webp
WBBOOK1240,https://basket-15.wbbasket.ru/vol2192/part219286/219286957/images/big/1.webp
WBBOOK1241,https://basket-24.wbbasket.ru/vol4152/part415213/415213360/images/big/1.webp
WBBOOK1242,https://basket-12.wbbasket.ru/vol1667/part166731/166731736/images/big/1.webp
WBBOOK1250,https://basket-12.wbbasket.ru/vol1667/part166732/166732349/images/big/1.webp
WBBOOK1251,https://basket-12.wbbasket.ru/vol1667/part166733/166733342/images/big/1.webp
WBBOOK1252,https://resources.cdn-kaspi.kz/img/m/p/pa7/p47/140107939.jpg?format=gallery-large
WBBOOK1253,https://basket-26.wbbasket.ru/vol4649/part464921/464921347/images/big/1.webp
WBBOOK1260,https://basket-31.wbbasket.ru/vol6243/part624377/624377359/images/big/1.webp
WBBOOK1261,https://basket-27.wbbasket.ru/vol4894/part489460/489460491/images/big/1.webp
WBBOOK1263,https://basket-27.wbbasket.ru/vol4894/part489459/489459804/images/big/1.webp
WBBOOK1264,https://basket-27.wbbasket.ru/vol4894/part489459/489459781/images/big/1.webp
WBBOOK1265,https://basket-27.wbbasket.ru/vol4894/part489460/489460493/images/big/1.webp
WBBOOK1266,https://basket-28.wbbasket.ru/vol5225/part522564/522564914/images/big/1.webp
WBBOOK1267,https://basket-23.wbbasket.ru/vol3970/part397071/397071030/images/big/1.webp
WBBOOK1268,https://basket-23.wbbasket.ru/vol3970/part397071/397071031/images/big/1.webp
WBBOOK1269,https://basket-23.wbbasket.ru/vol3970/part397071/397071034/images/big/1.webp
WBBOOK1270,https://basket-23.wbbasket.ru/vol3970/part397071/397071032/images/big/1.webp
WBBOOK1271,https://basket-23.wbbasket.ru/vol3970/part397071/397071033/images/big/1.webp
WBBOOK1272,https://basket-23.wbbasket.ru/vol3970/part397071/397071035/images/big/1.webp
WBBOOK1273,https://basket-27.wbbasket.ru/vol4977/part497770/497770809/images/big/1.webp
WBBOOK1274,https://basket-38.wbbasket.ru/vol8613/part861300/861300254/images/big/1.webp
WBBOOK1275,https://basket-36.wbbasket.ru/vol7907/part790787/790787237/images/big/1.webp
WBBOOK1276,https://basket-36.wbbasket.ru/vol7969/part796934/796934449/images/big/1.webp
WBBOOK1277,https://basket-36.wbbasket.ru/vol7970/part797048/797048950/images/big/1.webp
WBBOOK1278,https://basket-36.wbbasket.ru/vol7970/part797083/797083527/images/big/1.webp
WBBOOK43244,https://basket-04.wbbasket.ru/vol622/part62285/62285287/images/big/1.webp
WBBOOK43251,https://basket-03.wbbasket.ru/vol362/part36274/36274213/images/big/1.webp
WBBOOK43252,https://basket-03.wbbasket.ru/vol348/part34860/34860956/images/big/1.webp
WBBOOK43253,https://basket-07.wbbasket.ru/vol1113/part111356/111356054/images/big/1.webp
WBBOOK43264,https://basket-17.wbbasket.ru/vol2676/part267608/267608518/images/big/1.webp
WBBOOK43265,https://basket-10.wbbasket.ru/vol1413/part141371/141371360/images/big/1.webp
WBBOOK43272,https://basket-10.wbbasket.ru/vol1432/part143244/143244752/images/big/1.webp
WBBOOK43274,https://basket-09.wbbasket.ru/vol1210/part121094/121094131/images/big/1.webp
WBBOOK43275,https://basket-13.wbbasket.ru/vol1975/part197514/197514863/images/big/1.webp
WBBOOK43276,https://basket-12.wbbasket.ru/vol1735/part173563/173563990/images/big/1.webp
WBBOOK43293,https://basket-04.wbbasket.ru/vol591/part59163/59163187/images/big/1.webp
WBBOOK43306,https://basket-12.wbbasket.ru/vol1805/part180520/180520952/images/big/1.webp
WBBOOK43307,https://basket-12.wbbasket.ru/vol1805/part180520/180520259/images/big/1.webp
WBBOOK43309,https://basket-12.wbbasket.ru/vol1689/part168909/168909274/images/big/1.webp
WBBOOK43310,https://basket-12.wbbasket.ru/vol1805/part180520/180520477/images/big/1.webp
WBBOOK43311,https://basket-12.wbbasket.ru/vol1805/part180520/180520522/images/big/1.webp
WBBOOK43312,https://basket-12.wbbasket.ru/vol1805/part180520/180520951/images/big/1.webp
WBBOOK43313,https://basket-12.wbbasket.ru/vol1689/part168909/168909271/images/big/1.webp
WBBOOK53400,https://basket-39.wbbasket.ru/vol9050/part905079/905079362/images/big/1.webp
WBBOOK53401,https://basket-39.wbbasket.ru/vol9073/part907304/907304153/images/big/1.webp
WBBOOK53402,https://basket-25.wbbasket.ru/vol4513/part451348/451348566/images/big/1.webp
WBBOOK53403,https://basket-01.wbbasket.ru/vol116/part11638/11638420/images/big/1.webp
WBBOOK53404,https://basket-26.wbbasket.ru/vol4753/part475339/475339846/images/big/1.webp
WBBOOK53405,https://basket-25.wbbasket.ru/vol4471/part447163/447163587/images/big/1.webp
WBBOOK53406,https://basket-41.wbbasket.ru/vol9800/part980092/980092200/images/big/1.webp
WBBOOK53407,https://basket-35.wbbasket.ru/vol7377/part737740/737740279/images/big/1.webp
WBBOOK53408,https://basket-13.wbbasket.ru/vol1998/part199837/199837398/images/big/1.webp
WBBOOK53409,https://basket-10.wbbasket.ru/vol1419/part141935/141935900/images/big/1.webp
WBBOOK53410,https://basket-35.wbbasket.ru/vol7561/part756103/756103352/images/big/1.webp
WBBOOK53411,https://basket-18.wbbasket.ru/vol2935/part293578/293578923/images/big/1.webp
WBBOOK53412,https://basket-39.wbbasket.ru/vol8803/part880372/880372551/images/big/1.webp
WBBOOK53413,https://basket-16.wbbasket.ru/vol2417/part241710/241710760/images/big/1.webp
WBBOOK53414,https://basket-26.wbbasket.ru/vol4750/part475084/475084988/images/big/1.webp
WBBOOK53415,https://basket-34.wbbasket.ru/vol7323/part732355/732355114/images/big/1.webp
WBBOOK53416,https://basket-29.wbbasket.ru/vol5562/part556244/556244398/images/big/1.webp
WBBOOK53417,https://basket-23.wbbasket.ru/vol3960/part396004/396004079/images/big/1.webp
WBBOOK53418,https://basket-05.wbbasket.ru/vol948/part94887/94887569/images/big/1.webp
WBBOOK53419,https://basket-37.wbbasket.ru/vol8065/part806569/806569825/images/big/1.webp
WBBOOK53420,https://basket-24.wbbasket.ru/vol4308/part430819/430819996/images/big/1.webp
WBBOOK53421,https://basket-01.wbbasket.ru/vol116/part11638/11638420/images/big/1.webp
WBBOOK53422,https://basket-24.wbbasket.ru/vol4292/part429231/429231429/images/big/1.webp
WBBOOK53423,https://basket-35.wbbasket.ru/vol7561/part756127/756127995/images/big/1.webp
WBBOOK53424,https://basket-35.wbbasket.ru/vol7406/part740607/740607390/images/big/1.webp
WBBOOK53425,https://basket-13.wbbasket.ru/vol1964/part196492/196492599/images/big/1.webp
WBBOOK53426,https://basket-21.wbbasket.ru/vol3625/part362557/362557011/images/big/1.webp
WBBOOK53427,https://basket-03.wbbasket.ru/vol371/part37142/37142838/images/big/1.webp
WBBOOK53428,https://basket-39.wbbasket.ru/vol9091/part909126/909126284/images/big/1.webp
WBBOOK53429,https://basket-39.wbbasket.ru/vol9071/part907192/907192263/images/big/1.webp
WBBOOK53430,https://basket-13.wbbasket.ru/vol1972/part197222/197222693/images/big/1.webp
WBBOOK53431,https://basket-41.wbbasket.ru/vol9745/part974591/974591568/images/big/1.webp
WBBOOK53432,https://basket-09.wbbasket.ru/vol1302/part130271/130271785/images/big/1.webp
WBBOOK7374290,https://basket-11.wbbasket.ru/vol1616/part161635/161635766/images/big/1.webp
WBBOOK7374291,https://basket-26.wbbasket.ru/vol4713/part471336/471336148/images/big/1.webp
WBBOOK7374292,https://basket-18.wbbasket.ru/vol2962/part296214/296214086/images/big/1.webp
WBBOOK7374293,https://basket-18.wbbasket.ru/vol2962/part296214/296214087/images/big/1.webp
WBBOOK7374305,https://basket-25.wbbasket.ru/vol4490/part449076/449076320/images/big/1.webp
WBBOOK7374306,https://basket-25.wbbasket.ru/vol4490/part449089/449089325/images/big/1.webp
WBBOOK7830,https://basket-22.wbbasket.ru/vol3910/part391033/391033560/images/big/1.webp
WBBOOK7832,https://basket-07.wbbasket.ru/vol1087/part108795/108795136/images/big/1.webp
WBBOOK7833,https://basket-08.wbbasket.ru/vol1118/part111800/111800034/images/big/1.webp
WBBOOK7834,https://basket-03.wbbasket.ru/vol392/part39265/39265803/images/big/1.webp
WBBOOK7835,https://basket-34.wbbasket.ru/vol7349/part734928/734928882/images/big/1.webp
WBBOOK7837,https://basket-33.wbbasket.ru/vol7014/part701424/701424906/images/big/1.webp
WBBOOK7838,https://basket-13.wbbasket.ru/vol2033/part203385/203385991/images/big/1.webp
WBBOOK7839,https://basket-03.wbbasket.ru/vol384/part38445/38445952/images/big/1.webp
WBBOOK7840,https://basket-05.wbbasket.ru/vol888/part88897/88897805/images/big/1.webp
WBBOOK7842,https://basket-03.wbbasket.ru/vol397/part39755/39755605/images/big/1.webp
WBBOOK7843,https://basket-12.wbbasket.ru/vol1894/part189492/189492453/images/big/1.webp
WBBOOK7844,https://basket-17.wbbasket.ru/vol2685/part268518/268518117/images/big/1.webp
WBBOOK7845,https://basket-04.wbbasket.ru/vol457/part45791/45791257/images/big/1.webp
WBBOOK7847,https://basket-04.wbbasket.ru/vol536/part53624/53624481/images/big/1.webp
WBBOOK7848,https://basket-18.wbbasket.ru/vol3007/part300763/300763011/images/big/1.webp
WBBOOK7849,https://basket-27.wbbasket.ru/vol5169/part516930/516930223/images/big/1.webp
WBBOOK7850,https://resources.cdn-kaspi.kz/img/m/p/p09/p8b/136143451.jpg?format=gallery-large
WBBOOK7851,https://basket-37.wbbasket.ru/vol8056/part805698/805698166/images/big/1.webp
WBBOOK7852,https://basket-25.wbbasket.ru/vol4404/part440467/440467383/images/big/1.webp
WBBOOK7853,https://basket-06.wbbasket.ru/vol1045/part104576/104576488/images/big/1.webp
WBBOOK7854,https://basket-03.wbbasket.ru/vol397/part39755/39755618/images/big/1.webp
WBBOOK7855,https://basket-03.wbbasket.ru/vol384/part38445/38445950/images/big/1.webp
WBBOOK7856,https://basket-10.wbbasket.ru/vol1403/part140363/140363280/images/big/1.webp
WBBOOK7857,https://basket-28.wbbasket.ru/vol5363/part536326/536326682/images/big/1.webp
WBBOOK7859,https://basket-29.wbbasket.ru/vol5757/part575780/575780632/images/big/1.webp
WBBOOK7860,https://basket-04.wbbasket.ru/vol517/part51701/51701002/images/big/1.webp
WBBOOK7861,https://basket-26.wbbasket.ru/vol4868/part486820/486820473/images/big/1.webp
WBBOOK7863,https://basket-04.wbbasket.ru/vol489/part48984/48984122/images/big/1.webp
WBBOOK7864,https://basket-03.wbbasket.ru/vol384/part38445/38445948/images/big/1.webp
WBBOOK7866,https://basket-18.wbbasket.ru/vol2979/part297952/297952807/images/big/1.webp
WBBOOK7868,https://basket-12.wbbasket.ru/vol1803/part180398/180398511/images/big/1.webp
WBBOOK7869,https://basket-13.wbbasket.ru/vol2020/part202040/202040846/images/big/1.webp
WBBOOK7870,https://basket-16.wbbasket.ru/vol2424/part242495/242495237/images/big/1.webp
WBBOOK79040,https://basket-36.wbbasket.ru/vol7690/part769006/769006525/images/big/1.webp
WBBOOK79041,https://basket-04.wbbasket.ru/vol636/part63641/63641169/images/big/1.webp
WBBOOK79042,https://basket-10.wbbasket.ru/vol1400/part140097/140097965/images/big/1.webp
WBBOOK79043,https://basket-02.wbbasket.ru/vol163/part16374/16374782/images/big/1.webp
WBBOOK79044,https://basket-04.wbbasket.ru/vol636/part63641/63641170/images/big/1.webp
WBBOOK79045,https://basket-02.wbbasket.ru/vol163/part16374/16374781/images/big/1.webp
WBBOOK79046,https://basket-15.wbbasket.ru/vol2318/part231821/231821048/images/big/1.webp
WBBOOK79047,https://basket-15.wbbasket.ru/vol2318/part231821/231821047/images/big/1.webp
WBBOOK79048,https://basket-17.wbbasket.ru/vol2699/part269929/269929985/images/big/1.webp
WBBOOK79049,https://basket-17.wbbasket.ru/vol2699/part269929/269929986/images/big/1.webp
WBBOOK79051,https://basket-24.wbbasket.ru/vol4188/part418805/418805877/images/big/1.webp
WBBOOK79053,https://basket-26.wbbasket.ru/vol4713/part471339/471339257/images/big/1.webp
WBBOOK79054,https://basket-38.wbbasket.ru/vol8337/part833758/833758328/images/big/1.webp
WBBOOK87000,https://basket-33.wbbasket.ru/vol7047/part704780/704780878/images/big/1.webp
WBBOOK87001,https://basket-10.wbbasket.ru/vol1358/part135899/135899918/images/big/1.webp
WBBOOK87003,https://basket-10.wbbasket.ru/vol1417/part141720/141720942/images/big/1.webp
WBBOOK87004,https://basket-02.wbbasket.ru/vol264/part26431/26431426/images/big/1.webp
WBBOOK87005,https://basket-29.wbbasket.ru/vol5579/part557973/557973920/images/big/1.webp
WBBOOK87007,https://resources.cdn-kaspi.kz/img/m/p/p4f/pd5/136449476.jpg?format=gallery-large
WBBOOK87010,https://basket-14.wbbasket.ru/vol2178/part217871/217871167/images/big/1.webp
WBBOOK87011,https://basket-11.wbbasket.ru/vol1619/part161915/161915368/images/big/1.webp
WBBOOK87012,https://basket-20.wbbasket.ru/vol3280/part328027/328027745/images/big/1.webp
WBBOOK87013,https://basket-29.wbbasket.ru/vol5633/part563306/563306407/images/big/1.webp
WBBOOK87014,https://basket-03.wbbasket.ru/vol356/part35629/35629903/images/big/1.webp
WBBOOK87015,https://basket-10.wbbasket.ru/vol1537/part153780/153780373/images/big/1.webp
WBBOOK87016,https://basket-28.wbbasket.ru/vol5413/part541378/541378156/images/big/1.webp
WBBOOK87017,https://basket-30.wbbasket.ru/vol5890/part589084/589084089/images/big/1.webp
WBBOOK87018,https://basket-04.wbbasket.ru/vol486/part48669/48669596/images/big/1.webp
WBBOOK87019,https://basket-04.wbbasket.ru/vol525/part52537/52537914/images/big/1.webp
WBBOOK87020,https://basket-29.wbbasket.ru/vol5682/part568209/568209127/images/big/1.webp
WBBOOK87021,https://basket-25.wbbasket.ru/vol4388/part438878/438878256/images/big/1.webp
WBBOOK87022,https://basket-25.wbbasket.ru/vol4388/part438878/438878826/images/big/1.webp
WBBOOK87024,https://resources.cdn-kaspi.kz/img/m/p/p88/pa2/136450520.jpg?format=gallery-large
WBBOOK87026,https://basket-39.wbbasket.ru/vol8783/part878340/878340047/images/big/1.webp
WBBOOK87027,https://basket-41.wbbasket.ru/vol9695/part969549/969549116/images/big/1.webp
WBBOOK87028,https://basket-39.wbbasket.ru/vol8785/part878504/878504914/images/big/1.webp
WBBOOK87029,https://basket-38.wbbasket.ru/vol8485/part848544/848544328/images/big/1.webp
WBBOOK87030,https://basket-39.wbbasket.ru/vol8845/part884522/884522682/images/big/1.webp
WBBOOK87031,https://basket-33.wbbasket.ru/vol6787/part678745/678745174/images/big/1.webp
WBBOOK87032,https://basket-05.wbbasket.ru/vol807/part80781/80781280/images/big/1.webp
WBBOOK87033,https://basket-31.wbbasket.ru/vol6434/part643447/643447880/images/big/1.webp
WBBOOK87034,https://resources.cdn-kaspi.kz/img/m/p/p17/p3d/136453043.jpg?format=gallery-large
WBBOOK87035,https://basket-38.wbbasket.ru/vol8653/part865315/865315444/images/big/1.webp
WBBOOK87036,https://basket-12.wbbasket.ru/vol1676/part167612/167612609/images/big/1.webp
WBBOOK87037,https://basket-12.wbbasket.ru/vol1919/part191987/191987543/images/big/1.webp
WBBOOK87038,https://basket-08.wbbasket.ru/vol1156/part115692/115692427/images/big/1.webp
WBBOOK87039,https://basket-38.wbbasket.ru/vol8608/part860850/860850828/images/big/1.webp
WBBOOK87040,https://basket-26.wbbasket.ru/vol4749/part474918/474918245/images/big/1.webp
WBBOOK87041,https://basket-02.wbbasket.ru/vol193/part19363/19363876/images/big/1.webp
WBBOOK87042,https://basket-14.wbbasket.ru/vol2096/part209636/209636095/images/big/1.webp
WBBOOK94357980,https://basket-01.wbbasket.ru/vol22/part2239/2239414/images/big/1.webp
WBBOOK94357981,https://basket-01.wbbasket.ru/vol22/part2254/2254017/images/big/1.webp
WBBOOK94357982,https://basket-01.wbbasket.ru/vol22/part2254/2254018/images/big/1.webp
WBBOOK94357983,https://basket-27.wbbasket.ru/vol4980/part498004/498004450/images/big/1.webp
WBBOOK94357984,https://basket-02.wbbasket.ru/vol257/part25729/25729269/images/big/1.webp
WBBOOK94357985,https://basket-03.wbbasket.ru/vol327/part32764/32764210/images/big/1.webp
WBBOOK94357986,https://basket-03.wbbasket.ru/vol327/part32765/32765873/images/big/1.webp
WBBOOK94357987,https://basket-18.wbbasket.ru/vol2862/part286289/286289028/images/big/1.webp
WBBOOK94357988,https://basket-25.wbbasket.ru/vol4537/part453779/453779609/images/big/1.webp
WBBOOK94357989,https://basket-01.wbbasket.ru/vol79/part7901/7901287/images/big/1.webp
WBBOOK94357990,https://basket-08.wbbasket.ru/vol1165/part116527/116527754/images/big/1.webp
WBBOOK94357995,https://basket-32.wbbasket.ru/vol6627/part662712/662712876/images/big/1.webp
WBBOOK94357999,https://basket-19.wbbasket.ru/vol3069/part306924/306924783/images/big/1.webp
WBBOOK94358000,https://basket-18.wbbasket.ru/vol3053/part305391/305391086/images/big/1.webp
WBBOOK94358002,https://basket-18.wbbasket.ru/vol2917/part291732/291732692/images/big/1.webp
WBBOOK94358003,https://basket-19.wbbasket.ru/vol3069/part306924/306924786/images/big/1.webp
WBBOOK94358004,https://basket-19.wbbasket.ru/vol3166/part316619/316619579/images/big/1.webp
WBBOOK94358005,https://basket-19.wbbasket.ru/vol3166/part316619/316619580/images/big/1.webp
WBBOOK94358006,https://basket-19.wbbasket.ru/vol3267/part326759/326759251/images/big/1.webp
WBBOOK94358008,https://basket-21.wbbasket.ru/vol3657/part365734/365734191/images/big/1.webp
WBBOOK945,https://basket-04.wbbasket.ru/vol691/part69116/69116921/images/big/1.webp
WBBOOKKIDS2000,https://basket-39.wbbasket.ru/vol9144/part914444/914444342/images/big/1.webp
WBBOOKKIDS2006,https://basket-35.wbbasket.ru/vol7587/part758773/758773870/images/big/1.webp
WBBOOKKIDS2007,https://basket-35.wbbasket.ru/vol7587/part758773/758773592/images/big/1.webp
WBBOOKKIDS2008,https://basket-35.wbbasket.ru/vol7587/part758773/758773870/images/big/1.webp
WBBOOKKIDS2012,https://basket-32.wbbasket.ru/vol6725/part672582/672582254/images/big/1.webp
WBBOOKKIDS2017,https://basket-39.wbbasket.ru/vol9144/part914444/914444342/images/big/1.webp
WBBOOKKIDS2018,https://basket-16.wbbasket.ru/vol2511/part251195/251195138/images/big/1.webp
WBBOOKKIDS2032,https://basket-02.wbbasket.ru/vol178/part17866/17866508/images/big/1.webp
WBBOOKKIDS2034,https://basket-03.wbbasket.ru/vol417/part41766/41766638/images/big/1.webp
WBBOOKKIDS2035,https://basket-04.wbbasket.ru/vol503/part50383/50383755/images/big/1.webp
WBBOOKKIDS2038,https://basket-04.wbbasket.ru/vol524/part52477/52477455/images/big/1.webp
WBBOOKKIDS2042,https://basket-05.wbbasket.ru/vol767/part76730/76730026/images/big/1.webp
WBBOOKKIDS2043,https://basket-39.wbbasket.ru/vol9157/part915799/915799799/images/big/1.webp
WBBOOKKIDS4300,https://basket-24.wbbasket.ru/vol4199/part419984/419984212/images/big/1.webp
WBBOOKKIDS4301,https://basket-02.wbbasket.ru/vol188/part18808/18808071/images/big/1.webp
WBBOOKKIDS4302,https://basket-29.wbbasket.ru/vol5561/part556128/556128725/images/big/1.webp
WBBOOKKIDS4303,https://basket-31.wbbasket.ru/vol6150/part615098/615098411/images/big/1.webp
WBBOOKKIDS4304,https://basket-02.wbbasket.ru/vol188/part18808/18808074/images/big/1.webp
WBBOOKKIDS4305,https://basket-02.wbbasket.ru/vol188/part18808/18808072/images/big/1.webp
WBBOOKKIDS4306,https://basket-24.wbbasket.ru/vol4199/part419944/419944078/images/big/1.webp
WBBOOKUMKA001,https://basket-12.wbbasket.ru/vol1857/part185722/185722985/images/big/1.webp
WBBOOKUMKA002,https://basket-14.wbbasket.ru/vol2049/part204975/204975030/images/big/1.webp
WBBOOKUMKA004,https://basket-18.wbbasket.ru/vol2844/part284493/284493919/images/big/1.webp
WBBOOKUMKA005,https://basket-22.wbbasket.ru/vol3759/part375978/375978608/images/big/1.webp
WBBOOKUMKA006,https://basket-11.wbbasket.ru/vol1644/part164458/164458241/images/big/1.webp
WBBOOKUMKA007,https://basket-04.wbbasket.ru/vol442/part44203/44203936/images/big/1.webp
WBBOOKUMKA008,https://basket-23.wbbasket.ru/vol4126/part412620/412620738/images/big/1.webp
WBBOOKUMKA009,https://basket-10.wbbasket.ru/vol1590/part159059/159059166/images/big/1.webp
WBBOOKUMKA010,https://basket-28.wbbasket.ru/vol5390/part539083/539083789/images/big/1.webp
WBBOOKUMKA011,https://basket-10.wbbasket.ru/vol1478/part147857/147857512/images/big/1.webp
WBBOOKUMKA012,https://basket-17.wbbasket.ru/vol2767/part276727/276727117/images/big/1.webp
WBBOOKUMKA013,https://basket-11.wbbasket.ru/vol1644/part164458/164458019/images/big/1.webp
WBBOOKUMKA014,https://basket-11.wbbasket.ru/vol1644/part164464/164464737/images/big/1.webp
WBBOOKUMKA015,https://basket-21.wbbasket.ru/vol3631/part363185/363185058/images/big/1.webp
WBBOOKUMKA016,https://basket-23.wbbasket.ru/vol4076/part407693/407693224/images/big/1.webp
WBBOOKUMKA017,https://basket-01.wbbasket.ru/vol138/part13891/13891955/images/big/1.webp
WBBOOKUMKA018,https://basket-22.wbbasket.ru/vol3726/part372695/372695534/images/big/1.webp
WBBOOKUMKA019,https://basket-29.wbbasket.ru/vol5517/part551703/551703262/images/big/1.webp
WBBOOKUMKA020,https://basket-11.wbbasket.ru/vol1644/part164458/164458034/images/big/1.webp
WBBOOKUMKA021,https://basket-11.wbbasket.ru/vol1634/part163412/163412349/images/big/1.webp
WBBOOKUMKA022,https://basket-10.wbbasket.ru/vol1595/part159555/159555808/images/big/1.webp
WBBOOKUMKA023,https://basket-15.wbbasket.ru/vol2388/part238845/238845607/images/big/1.webp
WBBOOKUMKA024,https://basket-12.wbbasket.ru/vol1804/part180467/180467090/images/big/1.webp
WBBOOKUMKA026,https://basket-15.wbbasket.ru/vol2314/part231411/231411076/images/big/1.webp
WBBOOKUMKA027,https://basket-20.wbbasket.ru/vol3356/part335633/335633640/images/big/1.webp
WBBOOKUMKA028,https://basket-26.wbbasket.ru/vol4860/part486026/486026239/images/big/1.webp
WBBOOKUMKA029,https://basket-10.wbbasket.ru/vol1562/part156229/156229745/images/big/1.webp
WBBOOKUMKA030,https://basket-23.wbbasket.ru/vol4067/part406774/406774476/images/big/1.webp
WBBOOKUMKA031,https://basket-12.wbbasket.ru/vol1714/part171406/171406262/images/big/1.webp
WBBOOKUMKA032,https://basket-12.wbbasket.ru/vol1761/part176194/176194080/images/big/1.webp
WBBOOKUMKA033,https://basket-26.wbbasket.ru/vol4682/part468257/468257089/images/big/1.webp
WBBOOKUMKA034,https://basket-28.wbbasket.ru/vol5308/part530822/530822553/images/big/1.webp
WBBOOKUMKA035,https://basket-16.wbbasket.ru/vol2584/part258491/258491280/images/big/1.webp
WBBOOKUMKA036,https://basket-17.wbbasket.ru/vol2752/part275211/275211395/images/big/1.webp
WBBOOKUMKA037,https://basket-23.wbbasket.ru/vol4126/part412642/412642353/images/big/1.webp
WBBOOKUMKA038,https://basket-24.wbbasket.ru/vol4224/part422468/422468598/images/big/1.webp
WBBOOKUMKA039,https://basket-24.wbbasket.ru/vol4224/part422464/422464790/images/big/1.webp
WBBOOKUMKA040,https://basket-27.wbbasket.ru/vol4994/part499499/499499923/images/big/1.webp
WBBOOKUMKA041,https://basket-24.wbbasket.ru/vol4224/part422466/422466406/images/big/1.webp
WBBOOKUMKA042,https://basket-05.wbbasket.ru/vol770/part77006/77006394/images/big/1.webp
WBBOOKUMKA043,https://basket-24.wbbasket.ru/vol4224/part422464/422464501/images/big/1.webp
WBBOOKUMKA044,https://basket-24.wbbasket.ru/vol4224/part422468/422468219/images/big/1.webp
WBBOOKUMKA045,https://basket-24.wbbasket.ru/vol4224/part422468/422468841/images/big/1.webp
WBBOOKUMKA046,https://basket-24.wbbasket.ru/vol4224/part422465/422465495/images/big/1.webp
WBBOOKUMKA047,https://basket-17.wbbasket.ru/vol2744/part274462/274462946/images/big/1.webp
WBBOOKUMKA049,https://basket-17.wbbasket.ru/vol2744/part274462/274462956/images/big/1.webp
WBBOOKUMKA050,https://basket-01.wbbasket.ru/vol93/part9349/9349195/images/big/1.webp
WBBOOKUMKA052,https://basket-20.wbbasket.ru/vol3426/part342631/342631986/images/big/1.webp
WBBOOKUMKA053,https://basket-01.wbbasket.ru/vol140/part14027/14027207/images/big/1.webp
WBBOOKUMKA055,https://basket-25.wbbasket.ru/vol4440/part444053/444053075/images/big/1.webp
WBBOOKUMKA056,https://basket-27.wbbasket.ru/vol5045/part504574/504574610/images/big/1.webp
WBBOOKUMKA058,https://basket-13.wbbasket.ru/vol1986/part198600/198600816/images/big/1.webp
WBBOOKUMKA059,https://basket-01.wbbasket.ru/vol129/part12913/12913530/images/big/1.webp
WBBOOKUMKA060,https://basket-29.wbbasket.ru/vol5788/part578826/578826687/images/big/1.webp
WBBOOKUMKA061,https://basket-23.wbbasket.ru/vol3985/part398566/398566170/images/big/1.webp
WBBOOKUMKA062,https://basket-12.wbbasket.ru/vol1894/part189490/189490190/images/big/1.webp
WBBOOKUMKA064,https://basket-40.wbbasket.ru/vol9244/part924467/924467249/images/big/1.webp
WBBOOKUMKA065,https://basket-15.wbbasket.ru/vol2262/part226232/226232971/images/big/1.webp
WBBOOKUMKA066,https://basket-16.wbbasket.ru/vol2511/part251195/251195148/images/big/1.webp
WBBOOKUMKA067,https://basket-24.wbbasket.ru/vol4236/part423638/423638292/images/big/1.webp
WBBOOKUMKA068,https://basket-01.wbbasket.ru/vol129/part12913/12913533/images/big/1.webp
WBBOOKUMKA069,https://basket-06.wbbasket.ru/vol1036/part103602/103602967/images/big/1.webp
WBBOOKUMKA070,https://basket-14.wbbasket.ru/vol2048/part204869/204869563/images/big/1.webp
WBBOOKUMKA071,https://basket-01.wbbasket.ru/vol130/part13022/13022699/images/big/1.webp
WBBOOKUMKA073,https://basket-30.wbbasket.ru/vol6057/part605759/605759618/images/big/1.webp
WBBOOKUMKA074,https://basket-03.wbbasket.ru/vol425/part42528/42528514/images/big/1.webp
WBBOOKUMKA075,https://basket-12.wbbasket.ru/vol1720/part172011/172011625/images/big/1.webp
WBBOOKUMKA076,https://basket-10.wbbasket.ru/vol1562/part156257/156257973/images/big/1.webp
WBBOOKUMKA077,https://basket-16.wbbasket.ru/vol2504/part250440/250440138/images/big/1.webp
WBBOOKUMKA078,https://basket-17.wbbasket.ru/vol2752/part275212/275212720/images/big/1.webp
WBBOOKUMKA079,https://basket-12.wbbasket.ru/vol1722/part172205/172205856/images/big/1.webp
WBBOOKUMKA080,https://basket-05.wbbasket.ru/vol770/part77007/77007032/images/big/1.webp
WBBOOKUMKA081,https://basket-21.wbbasket.ru/vol3645/part364591/364591068/images/big/1.webp
WBBOOKUMKA082,https://basket-28.wbbasket.ru/vol5308/part530821/530821699/images/big/1.webp
WBBOOKUMKA083,https://basket-13.wbbasket.ru/vol1988/part198846/198846098/images/big/1.webp
WBBOOKUMKA084,https://basket-17.wbbasket.ru/vol2752/part275208/275208040/images/big/1.webp
WBBOOKUMKA085,https://basket-18.wbbasket.ru/vol2840/part284004/284004914/images/big/1.webp
WBBOOKUMKA086,https://basket-10.wbbasket.ru/vol1413/part141381/141381556/images/big/1.webp
WBBOOKUMKA087,https://basket-27.wbbasket.ru/vol5045/part504567/504567393/images/big/1.webp
WBBOOKUMKA088,https://basket-29.wbbasket.ru/vol5787/part578710/578710790/images/big/1.webp
WBBOOKUMKA090,https://basket-07.wbbasket.ru/vol1115/part111559/111559914/images/big/1.webp
WBBOOKUMKA091,https://basket-11.wbbasket.ru/vol1631/part163191/163191538/images/big/1.webp
WBBOOKUMKA092,https://basket-28.wbbasket.ru/vol5425/part542591/542591337/images/big/1.webp
WBBOOKUMKA093,https://basket-17.wbbasket.ru/vol2752/part275207/275207928/images/big/1.webp
WBBOOKUMKA094,https://basket-20.wbbasket.ru/vol3371/part337170/337170637/images/big/1.webp
WBBOOKUMKA095,https://basket-17.wbbasket.ru/vol2779/part277976/277976547/images/big/1.webp
WBBOOKUMKA096,https://basket-17.wbbasket.ru/vol2752/part275214/275214633/images/big/1.webp
WBBOOKUMKA097,https://basket-15.wbbasket.ru/vol2359/part235915/235915223/images/big/1.webp
WBBOOKUMKA098,https://basket-14.wbbasket.ru/vol2125/part212544/212544655/images/big/1.webp
WBBOOKUMKA099,https://basket-26.wbbasket.ru/vol4685/part468583/468583612/images/big/1.webp
WBBOOKUMKA100,https://basket-15.wbbasket.ru/vol2215/part221535/221535431/images/big/1.webp
WBBOOKUMKA101,https://basket-23.wbbasket.ru/vol3998/part399871/399871932/images/big/1.webp
WBBOOKUMKA102,https://basket-11.wbbasket.ru/vol1631/part163191/163191535/images/big/1.webp
WBBOOKUMKA103,https://basket-33.wbbasket.ru/vol7047/part704781/704781431/images/big/1.webp
WBBOOKUMKA105,https://basket-17.wbbasket.ru/vol2752/part275205/275205460/images/big/1.webp
WBBOOKUMKA106,https://basket-17.wbbasket.ru/vol2755/part275552/275552304/images/big/1.webp
WBBOOKUMKA107,https://basket-10.wbbasket.ru/vol1438/part143842/143842963/images/big/1.webp
WBBOOKUMKA108,https://basket-23.wbbasket.ru/vol3999/part399921/399921657/images/big/1.webp
WBBOOKUMKA109,https://basket-10.wbbasket.ru/vol1594/part159493/159493125/images/big/1.webp
WBBOOKUMKA111,https://basket-11.wbbasket.ru/vol1655/part165597/165597078/images/big/1.webp
WBBOOKUMKA112,https://basket-19.wbbasket.ru/vol3204/part320457/320457948/images/big/1.webp
WBBOOKUMKA113,https://basket-17.wbbasket.ru/vol2716/part271652/271652003/images/big/1.webp
WBBOOKUMKA114,https://basket-17.wbbasket.ru/vol2752/part275208/275208197/images/big/1.webp
WBBOOKUMKA115,https://basket-17.wbbasket.ru/vol2738/part273846/273846538/images/big/1.webp
WBBOOKUMKA116,https://basket-10.wbbasket.ru/vol1315/part131515/131515051/images/big/1.webp
WBBOOKUMKA117,https://basket-12.wbbasket.ru/vol1727/part172749/172749062/images/big/1.webp
WBBOOKUMKA118,https://basket-10.wbbasket.ru/vol1322/part132209/132209806/images/big/1.webp
WBBOOKUMKA119,https://basket-11.wbbasket.ru/vol1605/part160525/160525093/images/big/1.webp
WBBOOKUMKA122,https://basket-01.wbbasket.ru/vol129/part12913/12913568/images/big/1.webp
WBBOOKUMKA123,https://basket-24.wbbasket.ru/vol4346/part434666/434666418/images/big/1.webp
WBBOOKUMKA124,https://basket-04.wbbasket.ru/vol581/part58108/58108543/images/big/1.webp
WBBOOKUMKA125,https://basket-01.wbbasket.ru/vol139/part13941/13941126/images/big/1.webp
WBBOOKUMKA126,https://basket-01.wbbasket.ru/vol27/part2786/2786883/images/big/1.webp
WBFIC0002,https://basket-40.wbbasket.ru/vol9494/part949417/949417914/images/big/1.webp
WBFIC0003,https://basket-18.wbbasket.ru/vol2974/part297460/297460143/images/big/1.webp
WBFIC0004,https://basket-02.wbbasket.ru/vol144/part14450/14450572/images/big/1.webp
WBFIC0005,https://basket-30.wbbasket.ru/vol5989/part598949/598949136/images/big/1.webp
WBFIC0007,https://basket-30.wbbasket.ru/vol6119/part611959/611959426/images/big/1.webp
WBFIC0013,https://basket-31.wbbasket.ru/vol6130/part613031/613031657/images/big/1.webp
WBFIC0014,https://basket-26.wbbasket.ru/vol4756/part475666/475666063/images/big/1.webp
WBFIC0015,https://basket-30.wbbasket.ru/vol5987/part598732/598732175/images/big/1.webp
WBFIC0016,https://basket-22.wbbasket.ru/vol3882/part388278/388278930/images/big/1.webp
WBFIC0017,https://basket-30.wbbasket.ru/vol6003/part600351/600351203/images/big/1.webp
WBFIC0018,https://basket-26.wbbasket.ru/vol4756/part475683/475683663/images/big/1.webp
WBFIC0019,https://basket-28.wbbasket.ru/vol5488/part548800/548800289/images/big/1.webp
WBFIC0020,https://basket-29.wbbasket.ru/vol5771/part577123/577123379/images/big/1.webp
WBFIC0021,https://basket-22.wbbasket.ru/vol3873/part387368/387368220/images/big/1.webp
WBFIC0022,https://basket-29.wbbasket.ru/vol5744/part574445/574445583/images/big/1.webp
WBFIC0023,https://basket-17.wbbasket.ru/vol2709/part270943/270943651/images/big/1.webp
WBFIC0024,https://basket-25.wbbasket.ru/vol4397/part439702/439702163/images/big/1.webp
WBFIC0025,https://basket-34.wbbasket.ru/vol7163/part716392/716392243/images/big/1.webp
WBFIC0026,https://basket-30.wbbasket.ru/vol6043/part604325/604325443/images/big/1.webp
WBFIC0027,https://basket-19.wbbasket.ru/vol3161/part316100/316100688/images/big/1.webp
WBFIC0028,https://basket-19.wbbasket.ru/vol3161/part316100/316100353/images/big/1.webp
WBFIC0029,https://basket-19.wbbasket.ru/vol3161/part316100/316100544/images/big/1.webp
WBFIC0030,https://basket-16.wbbasket.ru/vol2543/part254314/254314363/images/big/1.webp
WBFIC0031,https://basket-38.wbbasket.ru/vol8631/part863158/863158125/images/big/1.webp
WBGAME0023101,https://basket-40.wbbasket.ru/vol9605/part960516/960516472/images/big/1.webp
WBGAME0023102,https://basket-38.wbbasket.ru/vol8393/part839320/839320741/images/big/1.webp
WBGAME0023103,https://resources.cdn-kaspi.kz/img/m/p/p39/pa3/138522442.jpg?format=gallery-large
WBGAME0023104,https://basket-17.wbbasket.ru/vol2643/part264350/264350526/images/big/1.webp
WBGAME0023105,https://basket-38.wbbasket.ru/vol8666/part866688/866688131/images/big/1.webp
WBGAME0023106,https://basket-10.wbbasket.ru/vol1547/part154756/154756963/images/big/1.webp
WBGAME0023107,https://basket-17.wbbasket.ru/vol2643/part264350/264350526/images/big/1.webp
WBGAME0023108,https://basket-34.wbbasket.ru/vol7292/part729289/729289395/images/big/1.webp
WBGAME0023109,https://basket-19.wbbasket.ru/vol3258/part325839/325839993/images/big/1.webp
WBGAME0023110,https://basket-04.wbbasket.ru/vol595/part59582/59582132/images/big/1.webp
WBGAME0023111,https://basket-10.wbbasket.ru/vol1409/part140973/140973756/images/big/1.webp
WBGAME0023112,https://basket-12.wbbasket.ru/vol1761/part176169/176169116/images/big/1.webp
WBGAME0023113,https://basket-10.wbbasket.ru/vol1523/part152353/152353566/images/big/1.webp
WBGAME0023114,https://basket-27.wbbasket.ru/vol4947/part494747/494747753/images/big/1.webp
WBGAME0023116,https://basket-12.wbbasket.ru/vol1701/part170108/170108863/images/big/1.webp
WBGAME0023117,https://basket-14.wbbasket.ru/vol2066/part206698/206698369/images/big/1.webp
WBGAME0023118,https://basket-36.wbbasket.ru/vol7994/part799492/799492239/images/big/1.webp
WBGAME0023119,https://basket-04.wbbasket.ru/vol494/part49426/49426559/images/big/1.webp
WBGAME0023120,https://basket-10.wbbasket.ru/vol1356/part135626/135626460/images/big/1.webp
WBGAME0023121,https://basket-14.wbbasket.ru/vol2060/part206073/206073801/images/big/1.webp
WBGAME0023122,https://basket-27.wbbasket.ru/vol4957/part495700/495700054/images/big/1.webp
WBGAME0023123,https://basket-21.wbbasket.ru/vol3692/part369228/369228663/images/big/1.webp
WBGAME0023124,https://basket-27.wbbasket.ru/vol4948/part494877/494877686/images/big/1.webp
WBGAME0023125,https://basket-02.wbbasket.ru/vol149/part14997/14997472/images/big/1.webp
WBGAME0023126,https://basket-41.wbbasket.ru/vol9936/part993662/993662745/images/big/1.webp
WBGAME0023127,https://basket-36.wbbasket.ru/vol7760/part776073/776073076/images/big/1.webp
WBGAME0023128,https://basket-10.wbbasket.ru/vol1564/part156460/156460547/images/big/1.webp
WBGAME0023129,https://basket-25.wbbasket.ru/vol4406/part440626/440626784/images/big/1.webp
WBGAME0023130,https://basket-14.wbbasket.ru/vol2151/part215125/215125425/images/big/1.webp
WBGAME0024100,https://basket-01.wbbasket.ru/vol52/part5214/5214052/images/big/1.webp
WBGAME0024101,https://basket-01.wbbasket.ru/vol32/part3235/3235901/images/big/1.webp
WBGAME0024102,https://basket-01.wbbasket.ru/vol29/part2935/2935297/images/big/1.webp
WBGAME0024103,https://basket-31.wbbasket.ru/vol6331/part633150/633150703/images/big/1.webp
WBGAME0024104,https://basket-13.wbbasket.ru/vol1961/part196145/196145793/images/big/1.webp
WBGAME0024105,https://basket-34.wbbasket.ru/vol7100/part710072/710072847/images/big/1.webp
WBGAME0024106,https://basket-29.wbbasket.ru/vol5646/part564620/564620252/images/big/1.webp
WBGAME0024107,https://basket-01.wbbasket.ru/vol89/part8950/8950142/images/big/1.webp
WBGAME0024108,https://basket-08.wbbasket.ru/vol1132/part113283/113283239/images/big/1.webp
WBGAME0024109,https://basket-02.wbbasket.ru/vol181/part18162/18162862/images/big/1.webp
WBGAME0024110,https://basket-08.wbbasket.ru/vol1134/part113407/113407293/images/big/1.webp
WBGAME0024111,https://basket-08.wbbasket.ru/vol1134/part113403/113403417/images/big/1.webp
WBGAME0024112,https://basket-01.wbbasket.ru/vol117/part11772/11772133/images/big/1.webp
WBGAME0024113,https://basket-15.wbbasket.ru/vol2221/part222162/222162247/images/big/1.webp
WBGAME0024114,https://basket-17.wbbasket.ru/vol2790/part279052/279052483/images/big/1.webp
WBGAME0024115,https://basket-14.wbbasket.ru/vol2067/part206729/206729933/images/big/1.webp
WBGAME0024116,https://basket-01.wbbasket.ru/vol32/part3235/3235903/images/big/1.webp
WBGAME0024117,https://basket-01.wbbasket.ru/vol118/part11887/11887144/images/big/1.webp
WBGAME0024118,https://basket-01.wbbasket.ru/vol118/part11887/11887149/images/big/1.webp
WBGAME0024119,https://basket-13.wbbasket.ru/vol1975/part197508/197508184/images/big/1.webp
WBGAME0024120,https://basket-10.wbbasket.ru/vol1478/part147838/147838273/images/big/1.webp
WBGAME0024121,https://basket-01.wbbasket.ru/vol32/part3235/3235900/images/big/1.webp
WBGAME0024122,https://basket-01.wbbasket.ru/vol36/part3678/3678874/images/big/1.webp
WBGAME0024123,https://basket-33.wbbasket.ru/vol6975/part697566/697566982/images/big/1.webp
WBGAME0024124,https://basket-01.wbbasket.ru/vol50/part5077/5077354/images/big/1.webp
WBGAME0024125,https://basket-23.wbbasket.ru/vol3991/part399164/399164702/images/big/1.webp
WBGAME0024126,https://basket-10.wbbasket.ru/vol1497/part149793/149793831/images/big/1.webp
WBGAME0024127,https://basket-05.wbbasket.ru/vol856/part85691/85691490/images/big/1.webp
WBGAME0024128,https://basket-16.wbbasket.ru/vol2436/part243687/243687116/images/big/1.webp
WBGAME0024129,https://basket-01.wbbasket.ru/vol29/part2935/2935296/images/big/1.webp
WBGAME0024130,https://basket-18.wbbasket.ru/vol2863/part286319/286319353/images/big/1.webp
WBGAME0024131,https://basket-14.wbbasket.ru/vol2060/part206017/206017253/images/big/1.webp
WBGAME0024132,https://basket-34.wbbasket.ru/vol7229/part722989/722989408/images/big/1.webp
WBGAME0024133,https://basket-05.wbbasket.ru/vol871/part87175/87175408/images/big/1.webp
WBGAME0024134,https://basket-05.wbbasket.ru/vol871/part87148/87148146/images/big/1.webp
WBGAME0024135,https://basket-16.wbbasket.ru/vol2521/part252186/252186205/images/big/1.webp
WBGAME0024136,https://basket-14.wbbasket.ru/vol2066/part206692/206692668/images/big/1.webp
WBGAME0024137,https://basket-14.wbbasket.ru/vol2062/part206264/206264362/images/big/1.webp
WBGAME0024138,https://basket-05.wbbasket.ru/vol872/part87230/87230958/images/big/1.webp
WBGAME0024139,https://basket-14.wbbasket.ru/vol2071/part207102/207102228/images/big/1.webp
WBGAME0024140,https://basket-14.wbbasket.ru/vol2063/part206384/206384322/images/big/1.webp
WBGAME0024141,https://basket-20.wbbasket.ru/vol3392/part339273/339273950/images/big/1.webp
WBGAME0024142,https://basket-23.wbbasket.ru/vol3984/part398499/398499896/images/big/1.webp
WBGAME0024143,https://basket-23.wbbasket.ru/vol3984/part398499/398499895/images/big/1.webp
WBGAME0024144,https://basket-23.wbbasket.ru/vol3984/part398499/398499932/images/big/1.webp
WBGAME0024145,https://basket-07.wbbasket.ru/vol1107/part110733/110733811/images/big/1.webp
WBGAME0024146,https://basket-23.wbbasket.ru/vol3985/part398500/398500059/images/big/1.webp
WBGAME0024147,https://basket-25.wbbasket.ru/vol4406/part440633/440633438/images/big/1.webp
WBGAME0024148,https://basket-23.wbbasket.ru/vol3985/part398500/398500072/images/big/1.webp
WBGAME0024149,https://basket-23.wbbasket.ru/vol3985/part398500/398500067/images/big/1.webp
WBGAME0024150,https://basket-23.wbbasket.ru/vol3985/part398500/398500073/images/big/1.webp
WBGAME0024151,https://basket-40.wbbasket.ru/vol9523/part952369/952369157/images/big/1.webp
WBGAME0024152,https://basket-40.wbbasket.ru/vol9523/part952369/952369159/images/big/1.webp
WBGAME0024153,https://basket-40.wbbasket.ru/vol9523/part952369/952369158/images/big/1.webp
WBGAME0024154,https://basket-40.wbbasket.ru/vol9523/part952369/952369160/images/big/1.webp
WBGAME0024155,https://basket-40.wbbasket.ru/vol9523/part952369/952369154/images/big/1.webp
WBKANMAS001,https://basket-19.wbbasket.ru/vol3223/part322336/322336608/images/big/1.webp
WBKANMAS002,https://basket-18.wbbasket.ru/vol2941/part294140/294140864/images/big/1.webp
WBKANMAS003,https://basket-10.wbbasket.ru/vol1457/part145745/145745701/images/big/1.webp
WBKANMAS004,https://basket-01.wbbasket.ru/vol100/part10088/10088142/images/big/1.webp
WBKANMAS005,https://basket-05.wbbasket.ru/vol984/part98425/98425177/images/big/1.webp
WBKANMAS006,https://basket-22.wbbasket.ru/vol3704/part370436/370436899/images/big/1.webp
WBKANMAS007,https://basket-29.wbbasket.ru/vol5673/part567312/567312167/images/big/1.webp
WBKANMAS008,https://basket-38.wbbasket.ru/vol8453/part845377/845377048/images/big/1.webp
WBKANMAS009,https://basket-16.wbbasket.ru/vol2477/part247787/247787951/images/big/1.webp
WBKANMAS010,https://basket-01.wbbasket.ru/vol94/part9462/9462503/images/big/1.webp
WBKANMAS011,https://basket-16.wbbasket.ru/vol2477/part247787/247787926/images/big/1.webp
WBKANMAS012,https://basket-01.wbbasket.ru/vol122/part12209/12209317/images/big/1.webp
WBKANMAS013,https://basket-10.wbbasket.ru/vol1491/part149199/149199242/images/big/1.webp
WBKANMAS014,https://basket-16.wbbasket.ru/vol2477/part247787/247787944/images/big/1.webp
WBKANMAS015,https://basket-01.wbbasket.ru/vol100/part10088/10088136/images/big/1.webp
WBKANMAS016,https://basket-10.wbbasket.ru/vol1516/part151664/151664228/images/big/1.webp
WBKANMAS017,https://basket-01.wbbasket.ru/vol100/part10088/10088134/images/big/1.webp
WBKANMAS018,https://basket-27.wbbasket.ru/vol5049/part504997/504997179/images/big/1.webp
WBKANMAS019,https://basket-05.wbbasket.ru/vol769/part76990/76990478/images/big/1.webp
WBKANMAS020,https://basket-41.wbbasket.ru/vol10136/part1013616/1013616870/images/big/1.webp
WBKANMAS021,https://basket-01.wbbasket.ru/vol100/part10088/10088140/images/big/1.webp
WBKANMAS022,https://basket-16.wbbasket.ru/vol2477/part247787/247787935/images/big/1.webp
WBKANMAS023,https://basket-05.wbbasket.ru/vol953/part95358/95358243/images/big/1.webp
WBKANMAS024,https://basket-02.wbbasket.ru/vol175/part17555/17555103/images/big/1.webp
WBKANMAS025,https://basket-42.wbbasket.ru/vol11117/part1111781/1111781956/images/big/1.webp
WBKANMAS026,https://basket-01.wbbasket.ru/vol100/part10088/10088135/images/big/1.webp
WBKANMAS027,https://basket-01.wbbasket.ru/vol100/part10088/10088138/images/big/1.webp
WBKANMAS028,https://basket-18.wbbasket.ru/vol2990/part299091/299091650/images/big/1.webp
WBKANMAS029,https://basket-41.wbbasket.ru/vol10136/part1013616/1013616907/images/big/1.webp
WBKANMAS030,https://basket-01.wbbasket.ru/vol100/part10088/10088143/images/big/1.webp
WBKANMAS031,https://basket-26.wbbasket.ru/vol4592/part459234/459234270/images/big/1.webp
WBKANMAS032,https://basket-10.wbbasket.ru/vol1516/part151664/151664229/images/big/1.webp
WBKANMAS033,https://basket-41.wbbasket.ru/vol10136/part1013616/1013616805/images/big/1.webp
WBKANMAS034,https://basket-10.wbbasket.ru/vol1491/part149199/149199415/images/big/1.webp
WBKANMAS035,https://basket-03.wbbasket.ru/vol425/part42509/42509967/images/big/1.webp
WBKANMAS036,https://resources.cdn-kaspi.kz/img/m/p/p60/p9d/151865595.jpg?format=gallery-large
WBKANMAS037,https://basket-41.wbbasket.ru/vol10136/part1013616/1013616786/images/big/1.webp
WBKANMAS038,https://basket-41.wbbasket.ru/vol10136/part1013616/1013616829/images/big/1.webp
WBKANMAS039,https://basket-12.wbbasket.ru/vol1754/part175404/175404719/images/big/1.webp
WBKANMAS040,https://basket-10.wbbasket.ru/vol1516/part151664/151664231/images/big/1.webp
WBKANMAS042,https://basket-41.wbbasket.ru/vol10136/part1013616/1013616835/images/big/1.webp
WBKANMAS043,https://basket-01.wbbasket.ru/vol100/part10088/10088137/images/big/1.webp
WBKANMAS045,https://basket-16.wbbasket.ru/vol2477/part247787/247787939/images/big/1.webp
WBKANMAS046,https://basket-16.wbbasket.ru/vol2477/part247787/247787941/images/big/1.webp
WBKANMAS047,https://basket-12.wbbasket.ru/vol1778/part177824/177824111/images/big/1.webp
WBKANMAS048,https://basket-16.wbbasket.ru/vol2477/part247787/247787925/images/big/1.webp
WBKANMAS049,https://basket-16.wbbasket.ru/vol2477/part247787/247787958/images/big/1.webp
WBKANMAS050,https://basket-40.wbbasket.ru/vol9361/part936131/936131694/images/big/1.webp
WBKANMAS051,https://basket-27.wbbasket.ru/vol5049/part504997/504997177/images/big/1.webp
WBKANMAS052,https://basket-16.wbbasket.ru/vol2477/part247787/247787936/images/big/1.webp
WBKANMAS053,https://basket-16.wbbasket.ru/vol2477/part247787/247787932/images/big/1.webp
WBKANMAS054,https://basket-16.wbbasket.ru/vol2477/part247787/247787945/images/big/1.webp
WBKANMAS055,https://basket-16.wbbasket.ru/vol2524/part252435/252435889/images/big/1.webp
WBKANMAS056,https://basket-29.wbbasket.ru/vol5672/part567228/567228326/images/big/1.webp
WBKANMAS057,https://basket-16.wbbasket.ru/vol2477/part247787/247787957/images/big/1.webp
WBKANMAS058,https://basket-03.wbbasket.ru/vol428/part42836/42836500/images/big/1.webp
WBKANMAS059,https://basket-15.wbbasket.ru/vol2210/part221026/221026772/images/big/1.webp
WBKANMAS060,https://basket-17.wbbasket.ru/vol2705/part270522/270522482/images/big/1.webp
WBKANMAS061,https://basket-18.wbbasket.ru/vol2839/part283926/283926913/images/big/1.webp
WBKANMAS062,https://basket-01.wbbasket.ru/vol122/part12209/12209316/images/big/1.webp
WBKANMAS063,https://basket-30.wbbasket.ru/vol6043/part604335/604335162/images/big/1.webp
WBKANMAS064,https://basket-42.wbbasket.ru/vol11081/part1108133/1108133746/images/big/1.webp
WBKANMAS065,https://basket-27.wbbasket.ru/vol5049/part504997/504997171/images/big/1.webp
WBKANMAS066,https://basket-10.wbbasket.ru/vol1491/part149198/149198883/images/big/1.webp
WBKANMAS067,https://basket-22.wbbasket.ru/vol3910/part391051/391051672/images/big/1.webp
WBKANMAS068,https://basket-16.wbbasket.ru/vol2477/part247787/247787924/images/big/1.webp
WBKANMAS069,https://basket-12.wbbasket.ru/vol1699/part169961/169961349/images/big/1.webp
WBKANMAS070,https://basket-42.wbbasket.ru/vol10811/part1081147/1081147107/images/big/1.webp
WBKANMAS071,https://basket-16.wbbasket.ru/vol2477/part247787/247787950/images/big/1.webp
WBKANMAS074,https://basket-10.wbbasket.ru/vol1491/part149199/149199891/images/big/1.webp
WBKANMAS075,https://basket-13.wbbasket.ru/vol1930/part193025/193025378/images/big/1.webp
WBKANMAS076,https://basket-29.wbbasket.ru/vol5504/part550471/550471635/images/big/1.webp
WBKANMAS077,https://basket-08.wbbasket.ru/vol1124/part112455/112455164/images/big/1.webp
WBKANMAS078,https://basket-40.wbbasket.ru/vol9361/part936131/936131714/images/big/1.webp
WBKANMAS079,https://basket-10.wbbasket.ru/vol1516/part151664/151664230/images/big/1.webp
WBKANMAS081,https://basket-09.wbbasket.ru/vol1247/part124726/124726089/images/big/1.webp
WBKANMAS082,https://basket-05.wbbasket.ru/vol888/part88884/88884543/images/big/1.webp
WBKANMAS083,https://basket-30.wbbasket.ru/vol6000/part600081/600081176/images/big/1.webp
WBKANMAS084,https://basket-30.wbbasket.ru/vol6043/part604335/604335173/images/big/1.webp
WBKANMAS085,https://basket-43.wbbasket.ru/vol11460/part1146090/1146090803/images/big/1.webp
WBKANMAS086,https://basket-20.wbbasket.ru/vol3273/part327396/327396257/images/big/1.webp
WBKANMAS088,https://basket-03.wbbasket.ru/vol428/part42836/42836440/images/big/1.webp
WBKANMAS089,https://basket-29.wbbasket.ru/vol5617/part561702/561702388/images/big/1.webp
WBKANMAS090,https://basket-29.wbbasket.ru/vol5564/part556416/556416868/images/big/1.webp
WBKANMAS091,https://basket-29.wbbasket.ru/vol5686/part568664/568664358/images/big/1.webp
WBKANMAS092,https://basket-29.wbbasket.ru/vol5617/part561702/561702405/images/big/1.webp
WBKANMAS093,https://basket-40.wbbasket.ru/vol9361/part936131/936131719/images/big/1.webp
WBKANMAS094,https://basket-01.wbbasket.ru/vol100/part10088/10088144/images/big/1.webp
WBKANMAS095,https://basket-29.wbbasket.ru/vol5658/part565841/565841872/images/big/1.webp
WBKANMAS096,https://basket-41.wbbasket.ru/vol9760/part976030/976030065/images/big/1.webp
WBKANMAS098,https://basket-43.wbbasket.ru/vol11354/part1135406/1135406998/images/big/1.webp
WBKANMAS099,https://basket-01.wbbasket.ru/vol135/part13556/13556960/images/big/1.webp
WBKANMAS100,https://basket-29.wbbasket.ru/vol5686/part568664/568664354/images/big/1.webp
WBKANMAS101,https://basket-43.wbbasket.ru/vol11329/part1132920/1132920042/images/big/1.webp
WBKANMAS102,https://basket-01.wbbasket.ru/vol122/part12209/12209346/images/big/1.webp
WBKANMAS103,https://basket-01.wbbasket.ru/vol122/part12209/12209351/images/big/1.webp
WBKANMAS105,https://basket-01.wbbasket.ru/vol140/part14028/14028643/images/big/1.webp
WBKANMAS107,https://basket-01.wbbasket.ru/vol140/part14028/14028642/images/big/1.webp
WBKANMAS109,https://basket-01.wbbasket.ru/vol122/part12209/12209349/images/big/1.webp
WBKANMAS111,https://basket-01.wbbasket.ru/vol100/part10088/10088139/images/big/1.webp
WBKANMAS124,https://basket-01.wbbasket.ru/vol24/part2472/2472945/images/big/1.webp
WBKANMAS128,https://basket-01.wbbasket.ru/vol81/part8114/8114115/images/big/1.webp
WBKANMAS132,https://basket-14.wbbasket.ru/vol2107/part210711/210711015/images/big/1.webp
WBKANMAS133,https://basket-08.wbbasket.ru/vol1124/part112489/112489312/images/big/1.webp
WBKANMAS134,https://basket-02.wbbasket.ru/vol283/part28305/28305796/images/big/1.webp
WBKANMAS140,https://basket-01.wbbasket.ru/vol100/part10088/10088141/images/big/1.webp
WBKANMAS168,https://basket-01.wbbasket.ru/vol44/part4467/4467765/images/big/1.webp
WBKANMAS169,https://basket-10.wbbasket.ru/vol1596/part159698/159698768/images/big/1.webp
WBKANMAS187,https://basket-43.wbbasket.ru/vol11422/part1142265/1142265132/images/big/1.webp
WBKANMAS189,https://basket-12.wbbasket.ru/vol1699/part169962/169962001/images/big/1.webp
WBKANMAS190,https://basket-17.wbbasket.ru/vol2732/part273286/273286150/images/big/1.webp
WBKANMAS191,https://basket-43.wbbasket.ru/vol11235/part1123559/1123559213/images/big/1.webp
WBKANMAS192,https://basket-40.wbbasket.ru/vol9361/part936131/936131702/images/big/1.webp
WBKANMAS193,https://basket-29.wbbasket.ru/vol5658/part565844/565844483/images/big/1.webp
WBKANMAS194,https://basket-29.wbbasket.ru/vol5564/part556416/556416894/images/big/1.webp
WBKANMAS195,https://basket-41.wbbasket.ru/vol10353/part1035301/1035301710/images/big/1.webp
WBKANMAS196,https://basket-10.wbbasket.ru/vol1504/part150487/150487384/images/big/1.webp
WBKANMAS198,https://basket-23.wbbasket.ru/vol3993/part399324/399324680/images/big/1.webp
WBKANMAS200,https://basket-25.wbbasket.ru/vol4483/part448355/448355827/images/big/1.webp
WBKANS0003,https://basket-04.wbbasket.ru/vol502/part50282/50282275/images/big/1.webp
WBKANS0005,https://basket-02.wbbasket.ru/vol272/part27203/27203860/images/big/1.webp
WBKANS0006,https://basket-12.wbbasket.ru/vol1895/part189526/189526868/images/big/1.webp
WBKANS0007,https://basket-28.wbbasket.ru/vol5397/part539761/539761265/images/big/1.webp
WBKANS0008,https://basket-10.wbbasket.ru/vol1497/part149740/149740712/images/big/1.webp
WBKANS0009,https://basket-16.wbbasket.ru/vol2621/part262193/262193844/images/big/1.webp
WBKANS0010,https://basket-05.wbbasket.ru/vol1004/part100468/100468927/images/big/1.webp
WBKANS0011,https://basket-13.wbbasket.ru/vol1928/part192828/192828262/images/big/1.webp
WBKANS0013,https://basket-12.wbbasket.ru/vol1697/part169784/169784317/images/big/1.webp
WBKANS0014,https://basket-23.wbbasket.ru/vol3995/part399558/399558749/images/big/1.webp
WBKANS0015,https://basket-17.wbbasket.ru/vol2624/part262461/262461914/images/big/1.webp
WBKANS0016,https://basket-25.wbbasket.ru/vol4455/part445513/445513760/images/big/1.webp
WBKANS0017,https://basket-18.wbbasket.ru/vol2851/part285135/285135105/images/big/1.webp
WBKANS0018,https://basket-11.wbbasket.ru/vol1617/part161749/161749431/images/big/1.webp
WBKANS0019,https://basket-05.wbbasket.ru/vol817/part81737/81737464/images/big/1.webp
WBKANS0020,https://basket-28.wbbasket.ru/vol5491/part549190/549190823/images/big/1.webp
WBKANS0022,https://basket-36.wbbasket.ru/vol7919/part791975/791975033/images/big/1.webp
WBKANS0024,https://basket-12.wbbasket.ru/vol1712/part171262/171262851/images/big/1.webp
WBKANS0025,https://basket-10.wbbasket.ru/vol1434/part143409/143409553/images/big/1.webp
WBKANS0026,https://basket-02.wbbasket.ru/vol179/part17987/17987433/images/big/1.webp
WBKANS0027,https://basket-19.wbbasket.ru/vol3071/part307100/307100624/images/big/1.webp
WBKANS0028,https://basket-33.wbbasket.ru/vol6803/part680323/680323767/images/big/1.webp
WBKANS0029,https://basket-14.wbbasket.ru/vol2049/part204978/204978057/images/big/1.webp
WBKANS0031,https://basket-22.wbbasket.ru/vol3735/part373570/373570694/images/big/1.webp
WBKANS0032,https://basket-12.wbbasket.ru/vol1739/part173940/173940007/images/big/1.webp
WBKANS0033,https://basket-22.wbbasket.ru/vol3706/part370698/370698757/images/big/1.webp
WBKANS0034,https://basket-16.wbbasket.ru/vol2440/part244095/244095025/images/big/1.webp
WBKANS0035,https://basket-19.wbbasket.ru/vol3106/part310686/310686052/images/big/1.webp
WBKANS0036,https://basket-21.wbbasket.ru/vol3695/part369582/369582733/images/big/1.webp
WBKANS0037,https://basket-34.wbbasket.ru/vol7251/part725123/725123767/images/big/1.webp
WBKANS0041,https://basket-19.wbbasket.ru/vol3128/part312884/312884450/images/big/1.webp
WBKANS0042,https://basket-14.wbbasket.ru/vol2049/part204918/204918517/images/big/1.webp
WBKANS0043,https://basket-02.wbbasket.ru/vol193/part19398/19398742/images/big/1.webp
WBKANS0044,https://basket-01.wbbasket.ru/vol38/part3865/3865409/images/big/1.webp
WBKANS0045,https://basket-17.wbbasket.ru/vol2668/part266857/266857963/images/big/1.webp
WBKANS0046,https://basket-22.wbbasket.ru/vol3904/part390483/390483248/images/big/1.webp
WBKANS0048,https://basket-01.wbbasket.ru/vol137/part13725/13725227/images/big/1.webp
WBKANS0049,https://basket-02.wbbasket.ru/vol195/part19543/19543484/images/big/1.webp
WBKANS0050,https://basket-01.wbbasket.ru/vol21/part2135/2135384/images/big/1.webp
WBKANS0051,https://basket-02.wbbasket.ru/vol156/part15617/15617355/images/big/1.webp
WBKANS0052,https://basket-12.wbbasket.ru/vol1697/part169728/169728346/images/big/1.webp
WBKANS0053,https://basket-02.wbbasket.ru/vol195/part19503/19503955/images/big/1.webp
WBKANS0054,https://basket-17.wbbasket.ru/vol2700/part270047/270047506/images/big/1.webp
WBKANS0056,https://basket-18.wbbasket.ru/vol3005/part300505/300505076/images/big/1.webp
WBKANS0057,https://basket-16.wbbasket.ru/vol2458/part245860/245860650/images/big/1.webp
WBKANS0058,https://basket-17.wbbasket.ru/vol2668/part266857/266857965/images/big/1.webp
WBKANS0060,https://basket-04.wbbasket.ru/vol647/part64701/64701548/images/big/1.webp
WBKANS0061,https://basket-33.wbbasket.ru/vol6931/part693169/693169479/images/big/1.webp
WBKANS0065,https://basket-15.wbbasket.ru/vol2334/part233444/233444654/images/big/1.webp
WBKANS0066,https://basket-14.wbbasket.ru/vol2107/part210715/210715979/images/big/1.webp
WBKANS0068,https://basket-10.wbbasket.ru/vol1422/part142230/142230601/images/big/1.webp
WBKANS0069,https://basket-19.wbbasket.ru/vol3139/part313933/313933288/images/big/1.webp
WBKANS0070,https://basket-18.wbbasket.ru/vol2932/part293221/293221774/images/big/1.webp
WBKANS0071,https://basket-15.wbbasket.ru/vol2358/part235871/235871512/images/big/1.webp
WBKANS0072,https://basket-10.wbbasket.ru/vol1420/part142084/142084043/images/big/1.webp
WBKANS0074,https://basket-18.wbbasket.ru/vol2850/part285017/285017539/images/big/1.webp
WBKANS0075,https://basket-12.wbbasket.ru/vol1666/part166699/166699182/images/big/1.webp
WBKANS0077,https://basket-10.wbbasket.ru/vol1590/part159018/159018819/images/big/1.webp
WBKANS0078,https://basket-02.wbbasket.ru/vol180/part18064/18064463/images/big/1.webp
WBKANS0079,https://basket-15.wbbasket.ru/vol2253/part225303/225303384/images/big/1.webp
WBKANS0080,https://basket-02.wbbasket.ru/vol186/part18674/18674766/images/big/1.webp
WBKANS0082,https://basket-13.wbbasket.ru/vol2042/part204255/204255876/images/big/1.webp
WBKANS0083,https://basket-13.wbbasket.ru/vol1978/part197804/197804615/images/big/1.webp
WBKANS0084,https://basket-04.wbbasket.ru/vol718/part71805/71805344/images/big/1.webp
WBKANS0085,https://basket-19.wbbasket.ru/vol3126/part312602/312602127/images/big/1.webp
WBKANS0087,https://basket-21.wbbasket.ru/vol3536/part353660/353660978/images/big/1.webp
WBKANS0088,https://basket-17.wbbasket.ru/vol2682/part268277/268277580/images/big/1.webp
WBKANS0089,https://basket-14.wbbasket.ru/vol2147/part214784/214784386/images/big/1.webp
WBKANS0090,https://basket-02.wbbasket.ru/vol196/part19690/19690634/images/big/1.webp
WBKANS0091,https://basket-04.wbbasket.ru/vol432/part43292/43292278/images/big/1.webp
WBKANS0092,https://basket-10.wbbasket.ru/vol1497/part149740/149740706/images/big/1.webp
WBKANS0093,https://basket-14.wbbasket.ru/vol2049/part204983/204983863/images/big/1.webp
WBKANS0094,https://basket-03.wbbasket.ru/vol414/part41456/41456251/images/big/1.webp
WBKANS0095,https://basket-03.wbbasket.ru/vol414/part41460/41460203/images/big/1.webp
WBKANS0096,https://basket-02.wbbasket.ru/vol148/part14893/14893302/images/big/1.webp
WBKANS0097,https://basket-10.wbbasket.ru/vol1497/part149740/149740691/images/big/1.webp
WBKANS0098,https://basket-12.wbbasket.ru/vol1712/part171262/171262855/images/big/1.webp
WBKANS0101,https://basket-12.wbbasket.ru/vol1664/part166404/166404576/images/big/1.webp
WBKANS0102,https://basket-30.wbbasket.ru/vol6063/part606342/606342044/images/big/1.webp
WBKANS0103,https://basket-12.wbbasket.ru/vol1803/part180357/180357327/images/big/1.webp
WBKANS0104,https://basket-28.wbbasket.ru/vol5355/part535539/535539057/images/big/1.webp
WBKANS0105,https://basket-26.wbbasket.ru/vol4614/part461415/461415186/images/big/1.webp
WBKANS0106,https://basket-18.wbbasket.ru/vol3005/part300505/300505074/images/big/1.webp
WBKANS0107,https://basket-15.wbbasket.ru/vol2356/part235682/235682013/images/big/1.webp
WBKANS0108,https://basket-12.wbbasket.ru/vol1811/part181162/181162212/images/big/1.webp
WBKANS0109,https://basket-12.wbbasket.ru/vol1894/part189489/189489742/images/big/1.webp
WBKANS0110,https://basket-24.wbbasket.ru/vol4136/part413644/413644259/images/big/1.webp
WBKANS0112,https://basket-14.wbbasket.ru/vol2111/part211198/211198762/images/big/1.webp
WBKANS0113,https://basket-22.wbbasket.ru/vol3707/part370710/370710691/images/big/1.webp
WBKANS0114,https://basket-16.wbbasket.ru/vol2440/part244095/244095027/images/big/1.webp
WBKANS0115,https://basket-25.wbbasket.ru/vol4485/part448581/448581586/images/big/1.webp
WBKANS0116,https://basket-19.wbbasket.ru/vol3106/part310685/310685806/images/big/1.webp
WBKANS0117,https://basket-14.wbbasket.ru/vol2163/part216342/216342148/images/big/1.webp
WBKANS0118,https://basket-10.wbbasket.ru/vol1356/part135611/135611273/images/big/1.webp
WBKANS0119,https://basket-04.wbbasket.ru/vol484/part48438/48438711/images/big/1.webp
WBKANS0120,https://basket-28.wbbasket.ru/vol5473/part547397/547397118/images/big/1.webp
WBKANS0121,https://basket-33.wbbasket.ru/vol6860/part686033/686033036/images/big/1.webp
WBKANS0122,https://basket-34.wbbasket.ru/vol7355/part735577/735577651/images/big/1.webp
WBKANS0124,https://basket-37.wbbasket.ru/vol8044/part804496/804496875/images/big/1.webp
WBKANS0126,https://basket-32.wbbasket.ru/vol6688/part668811/668811468/images/big/1.webp
WBKANS0127,https://basket-16.wbbasket.ru/vol2570/part257067/257067712/images/big/1.webp
WBKANS0128,https://basket-26.wbbasket.ru/vol4704/part470466/470466321/images/big/1.webp
WBKANS0130,https://basket-17.wbbasket.ru/vol2668/part266854/266854426/images/big/1.webp
WBKANS0131,https://basket-02.wbbasket.ru/vol281/part28189/28189491/images/big/1.webp
WBKANS0132,https://basket-01.wbbasket.ru/vol138/part13809/13809550/images/big/1.webp
WBKANS0133,https://basket-02.wbbasket.ru/vol166/part16620/16620742/images/big/1.webp
WBKANS0134,https://basket-17.wbbasket.ru/vol2655/part265521/265521383/images/big/1.webp
WBKANS0135,https://basket-28.wbbasket.ru/vol5375/part537531/537531980/images/big/1.webp
WBKANS0136,https://basket-04.wbbasket.ru/vol657/part65728/65728608/images/big/1.webp
WBKANS0137,https://basket-01.wbbasket.ru/vol41/part4171/4171461/images/big/1.webp
WBKANS0139,https://basket-04.wbbasket.ru/vol455/part45568/45568301/images/big/1.webp
WBKANS0140,https://basket-19.wbbasket.ru/vol3078/part307805/307805820/images/big/1.webp
WBKANS0141,https://basket-05.wbbasket.ru/vol748/part74891/74891667/images/big/1.webp
WBKANSAKV001,https://basket-12.wbbasket.ru/vol1753/part175375/175375976/images/big/1.webp
WBKANSAKV002,https://basket-12.wbbasket.ru/vol1753/part175375/175375216/images/big/1.webp
WBKANSAKV003,https://basket-02.wbbasket.ru/vol189/part18950/18950612/images/big/1.webp
WBKANSAKV004,https://basket-02.wbbasket.ru/vol189/part18950/18950611/images/big/1.webp
WBKANSAKV005,https://basket-33.wbbasket.ru/vol6924/part692461/692461044/images/big/1.webp
WBKANSAKV006,https://basket-19.wbbasket.ru/vol3203/part320391/320391091/images/big/1.webp
WBKANSAKV007,https://basket-12.wbbasket.ru/vol1885/part188577/188577951/images/big/1.webp
WBKANSAKV008,https://basket-21.wbbasket.ru/vol3619/part361980/361980518/images/big/1.webp
WBKANSAKV009,https://basket-03.wbbasket.ru/vol428/part42868/42868171/images/big/1.webp
WBKANSAKV010,https://basket-36.wbbasket.ru/vol7725/part772505/772505849/images/big/1.webp
WBKANSAKV011,https://basket-01.wbbasket.ru/vol126/part12696/12696335/images/big/1.webp
WBKANSAKV012,https://basket-11.wbbasket.ru/vol1651/part165142/165142789/images/big/1.webp
WBKANSAKV013,https://basket-12.wbbasket.ru/vol1885/part188577/188577950/images/big/1.webp
WBKANSAKV014,https://basket-03.wbbasket.ru/vol428/part42865/42865183/images/big/1.webp
WBKANSAKV015,https://basket-12.wbbasket.ru/vol1885/part188577/188577948/images/big/1.webp
WBKANSAKV016,https://basket-12.wbbasket.ru/vol1885/part188577/188577952/images/big/1.webp
WBKANSAKV017,https://basket-27.wbbasket.ru/vol4950/part495031/495031541/images/big/1.webp
WBKANSAKV018,https://basket-09.wbbasket.ru/vol1210/part121089/121089183/images/big/1.webp
WBKANSAKV019,https://basket-30.wbbasket.ru/vol6042/part604254/604254197/images/big/1.webp
WBKANSAKV020,https://basket-12.wbbasket.ru/vol1885/part188577/188577953/images/big/1.webp
WBKANSAKV021,https://basket-01.wbbasket.ru/vol89/part8948/8948582/images/big/1.webp
WBKANSAKV022,https://basket-01.wbbasket.ru/vol89/part8948/8948583/images/big/1.webp
WBKANSAKV023,https://basket-12.wbbasket.ru/vol1885/part188577/188577944/images/big/1.webp
WBKANSAKV024,https://basket-18.wbbasket.ru/vol2957/part295726/295726736/images/big/1.webp
WBKANSAKV025,https://basket-10.wbbasket.ru/vol1410/part141081/141081048/images/big/1.webp
WBKANSAKV026,https://basket-12.wbbasket.ru/vol1885/part188577/188577960/images/big/1.webp
WBKANSAKV027,https://basket-12.wbbasket.ru/vol1885/part188577/188577945/images/big/1.webp
WBKANSAKV028,https://basket-42.wbbasket.ru/vol10463/part1046342/1046342677/images/big/1.webp
WBKANSAKV029,https://basket-16.wbbasket.ru/vol2435/part243525/243525538/images/big/1.webp
WBKANSAKV030,https://basket-12.wbbasket.ru/vol1885/part188577/188577959/images/big/1.webp
WBKANSAKV031,https://basket-12.wbbasket.ru/vol1885/part188577/188577957/images/big/1.webp
WBKANSAKV032,https://basket-12.wbbasket.ru/vol1885/part188577/188577954/images/big/1.webp
WBKANSAKV033,https://basket-12.wbbasket.ru/vol1885/part188577/188577958/images/big/1.webp
WBKANSAKV034,https://basket-12.wbbasket.ru/vol1885/part188577/188577943/images/big/1.webp
WBKANSAKV035,https://basket-10.wbbasket.ru/vol1410/part141081/141081047/images/big/1.webp
WBKANSAKV036,https://basket-36.wbbasket.ru/vol7972/part797212/797212108/images/big/1.webp
WBKANSAKV037,https://basket-19.wbbasket.ru/vol3064/part306438/306438282/images/big/1.webp
WBKANSAKV038,https://basket-12.wbbasket.ru/vol1885/part188577/188577942/images/big/1.webp
WBKANSAKV039,https://basket-39.wbbasket.ru/vol8959/part895929/895929744/images/big/1.webp
WBKANSAKV040,https://basket-12.wbbasket.ru/vol1885/part188573/188573817/images/big/1.webp
WBKANSAKV041,https://basket-39.wbbasket.ru/vol9170/part917072/917072835/images/big/1.webp
WBKANSAKV042,https://basket-12.wbbasket.ru/vol1885/part188577/188577947/images/big/1.webp
WBKANSAKV043,https://basket-36.wbbasket.ru/vol7972/part797212/797212116/images/big/1.webp
WBKANSAKV045,https://basket-10.wbbasket.ru/vol1427/part142755/142755226/images/big/1.webp
WBKANSAKV046,https://basket-12.wbbasket.ru/vol1885/part188573/188573815/images/big/1.webp
WBKANSAKV047,https://basket-29.wbbasket.ru/vol5647/part564716/564716116/images/big/1.webp
WBKANSAKV048,https://basket-25.wbbasket.ru/vol4459/part445915/445915850/images/big/1.webp
WBKANSAKV049,https://basket-10.wbbasket.ru/vol1410/part141041/141041105/images/big/1.webp
WBKANSAKV050,https://basket-10.wbbasket.ru/vol1456/part145679/145679271/images/big/1.webp
WBKANSAKV051,https://basket-10.wbbasket.ru/vol1342/part134279/134279902/images/big/1.webp
WBKANSAKV052,https://basket-01.wbbasket.ru/vol135/part13553/13553232/images/big/1.webp
WBKANSAKV053,https://basket-28.wbbasket.ru/vol5288/part528814/528814958/images/big/1.webp
WBKANSAKV054,https://basket-27.wbbasket.ru/vol4941/part494109/494109564/images/big/1.webp
WBKANSAKV055,https://basket-04.wbbasket.ru/vol513/part51355/51355951/images/big/1.webp
WBKANSAKV056,https://basket-42.wbbasket.ru/vol10982/part1098216/1098216083/images/big/1.webp
WBKANSAKV057,https://basket-40.wbbasket.ru/vol9435/part943568/943568276/images/big/1.webp
WBKANSAKV058,https://basket-16.wbbasket.ru/vol2482/part248244/248244780/images/big/1.webp
WBKANSAKV059,https://basket-11.wbbasket.ru/vol1651/part165142/165142783/images/big/1.webp
WBKANSAKV060,https://basket-03.wbbasket.ru/vol322/part32230/32230366/images/big/1.webp
WBKANSAKV061,https://basket-16.wbbasket.ru/vol2482/part248239/248239577/images/big/1.webp
WBKANSAKV062,https://basket-10.wbbasket.ru/vol1410/part141081/141081046/images/big/1.webp
WBKANSAKV063,https://basket-09.wbbasket.ru/vol1298/part129850/129850493/images/big/1.webp
WBKANSAKV064,https://basket-29.wbbasket.ru/vol5647/part564732/564732212/images/big/1.webp
WBKANSAKV065,https://basket-41.wbbasket.ru/vol10219/part1021909/1021909764/images/big/1.webp
WBKANSAKV066,https://basket-36.wbbasket.ru/vol7972/part797212/797212087/images/big/1.webp
WBKANSAKV067,https://basket-38.wbbasket.ru/vol8665/part866519/866519359/images/big/1.webp
WBKANSAKV068,https://basket-10.wbbasket.ru/vol1514/part151481/151481136/images/big/1.webp
WBKANSAKV069,https://basket-17.wbbasket.ru/vol2659/part265911/265911593/images/big/1.webp
WBKANSAKV070,https://basket-10.wbbasket.ru/vol1456/part145679/145679270/images/big/1.webp
WBKANSAKV071,https://basket-12.wbbasket.ru/vol1722/part172236/172236520/images/big/1.webp
WBKANSAKV072,https://basket-10.wbbasket.ru/vol1497/part149753/149753946/images/big/1.webp
WBKANSAKV073,https://basket-20.wbbasket.ru/vol3417/part341733/341733425/images/big/1.webp
WBKANSAKV074,https://basket-12.wbbasket.ru/vol1786/part178600/178600428/images/big/1.webp
WBKANSAKV075,https://basket-12.wbbasket.ru/vol1885/part188577/188577955/images/big/1.webp
WBKANSAKV076,https://basket-15.wbbasket.ru/vol2325/part232568/232568986/images/big/1.webp
WBKANSAKV077,https://basket-20.wbbasket.ru/vol3417/part341732/341732207/images/big/1.webp
WBKANSAKV078,https://basket-05.wbbasket.ru/vol871/part87146/87146706/images/big/1.webp
WBKANSAKV079,https://basket-09.wbbasket.ru/vol1298/part129850/129850483/images/big/1.webp
WBKANSAKV080,https://basket-39.wbbasket.ru/vol8932/part893221/893221694/images/big/1.webp
WBKANSAKV081,https://basket-42.wbbasket.ru/vol10749/part1074904/1074904066/images/big/1.webp
WBKANSAKV082,https://basket-16.wbbasket.ru/vol2545/part254558/254558032/images/big/1.webp
WBKANSAKV083,https://basket-39.wbbasket.ru/vol8797/part879703/879703531/images/big/1.webp
WBKANSAKV084,https://basket-42.wbbasket.ru/vol10747/part1074797/1074797144/images/big/1.webp
WBKANSAKV085,https://basket-42.wbbasket.ru/vol11120/part1112092/1112092348/images/big/1.webp
WBKANSAKV086,https://basket-03.wbbasket.ru/vol327/part32777/32777965/images/big/1.webp
WBKANSAKV087,https://basket-39.wbbasket.ru/vol8819/part881995/881995642/images/big/1.webp
WBKANSAKV088,https://basket-09.wbbasket.ru/vol1298/part129850/129850482/images/big/1.webp
WBKANSAKV089,https://basket-12.wbbasket.ru/vol1678/part167822/167822492/images/big/1.webp
WBKANSAKV090,https://basket-10.wbbasket.ru/vol1456/part145679/145679272/images/big/1.webp
WBKANSAKV091,https://basket-10.wbbasket.ru/vol1443/part144335/144335105/images/big/1.webp
WBKANSAKV092,https://basket-10.wbbasket.ru/vol1443/part144335/144335102/images/big/1.webp
WBKANSAKV093,https://basket-12.wbbasket.ru/vol1678/part167816/167816067/images/big/1.webp
WBKANSAKV094,https://basket-16.wbbasket.ru/vol2482/part248240/248240565/images/big/1.webp
WBKANSAKV095,https://basket-12.wbbasket.ru/vol1690/part169006/169006322/images/big/1.webp
WBKANSAKV096,https://basket-34.wbbasket.ru/vol7318/part731851/731851165/images/big/1.webp
WBKANSAKV097,https://basket-20.wbbasket.ru/vol3374/part337443/337443003/images/big/1.webp
WBKANSAKV098,https://basket-18.wbbasket.ru/vol2972/part297258/297258166/images/big/1.webp
WBKANSAKV099,https://basket-10.wbbasket.ru/vol1514/part151481/151481149/images/big/1.webp
WBKANSAKV100,https://basket-10.wbbasket.ru/vol1343/part134333/134333300/images/big/1.webp
WBKANSAKV101,https://basket-41.wbbasket.ru/vol9878/part987890/987890574/images/big/1.webp
WBKANSAKV102,https://basket-12.wbbasket.ru/vol1753/part175377/175377960/images/big/1.webp
WBKANSAKV103,https://basket-10.wbbasket.ru/vol1585/part158533/158533435/images/big/1.webp
WBKANSAKV104,https://basket-15.wbbasket.ru/vol2325/part232591/232591417/images/big/1.webp
WBKANSAKV105,https://basket-20.wbbasket.ru/vol3417/part341730/341730149/images/big/1.webp
WBKANSAKV106,https://basket-15.wbbasket.ru/vol2325/part232575/232575625/images/big/1.webp
WBKANSAKV107,https://basket-14.wbbasket.ru/vol2116/part211638/211638699/images/big/1.webp
WBKANSAKV108,https://basket-10.wbbasket.ru/vol1523/part152359/152359576/images/big/1.webp
WBKANSAKV109,https://basket-39.wbbasket.ru/vol8795/part879596/879596480/images/big/1.webp
WBKANSAKV110,https://basket-20.wbbasket.ru/vol3417/part341732/341732222/images/big/1.webp
WBKANSAKV111,https://basket-03.wbbasket.ru/vol320/part32023/32023218/images/big/1.webp
WBKANSAKV112,https://basket-41.wbbasket.ru/vol9696/part969636/969636268/images/big/1.webp
WBKANSAKV113,https://basket-20.wbbasket.ru/vol3417/part341730/341730148/images/big/1.webp
WBKANSAKV114,https://basket-16.wbbasket.ru/vol2498/part249871/249871557/images/big/1.webp
WBKANSAKV115,https://basket-12.wbbasket.ru/vol1772/part177283/177283129/images/big/1.webp
WBKANSAKV116,https://basket-12.wbbasket.ru/vol1885/part188577/188577946/images/big/1.webp
WBKANSAKV117,https://basket-10.wbbasket.ru/vol1445/part144510/144510357/images/big/1.webp
WBKANSAKV118,https://basket-27.wbbasket.ru/vol4894/part489406/489406008/images/big/1.webp
WBKANSAKV119,https://basket-34.wbbasket.ru/vol7318/part731860/731860157/images/big/1.webp
WBKANSAKV120,https://basket-03.wbbasket.ru/vol336/part33668/33668735/images/big/1.webp
WBKANSAKV121,https://basket-23.wbbasket.ru/vol4014/part401432/401432188/images/big/1.webp
WBKANSAKV122,https://basket-02.wbbasket.ru/vol284/part28496/28496360/images/big/1.webp
WBKANSAKV123,https://basket-39.wbbasket.ru/vol9012/part901250/901250727/images/big/1.webp
WBKANSAKV124,https://basket-02.wbbasket.ru/vol284/part28476/28476014/images/big/1.webp
WBKANSAKV125,https://basket-03.wbbasket.ru/vol374/part37409/37409122/images/big/1.webp
WBKANSAKV126,https://basket-21.wbbasket.ru/vol3557/part355792/355792909/images/big/1.webp
WBKANSAKV127,https://basket-18.wbbasket.ru/vol3038/part303853/303853282/images/big/1.webp
WBKANSAKV128,https://basket-18.wbbasket.ru/vol3038/part303803/303803329/images/big/1.webp
WBKANSAKV129,https://basket-34.wbbasket.ru/vol7291/part729130/729130038/images/big/1.webp
WBKANSAKV130,https://basket-40.wbbasket.ru/vol9435/part943568/943568267/images/big/1.webp
WBKANSAKV131,https://basket-40.wbbasket.ru/vol9436/part943615/943615701/images/big/1.webp
WBKANSAKV132,https://basket-20.wbbasket.ru/vol3417/part341730/341730161/images/big/1.webp
WBKANSAKV133,https://basket-05.wbbasket.ru/vol915/part91518/91518614/images/big/1.webp
WBKANSAKV134,https://basket-16.wbbasket.ru/vol2482/part248236/248236928/images/big/1.webp
WBKANSAKV135,https://basket-16.wbbasket.ru/vol2490/part249099/249099749/images/big/1.webp
WBKANSAKV136,https://basket-18.wbbasket.ru/vol3038/part303839/303839948/images/big/1.webp
WBKANSAKV137,https://basket-16.wbbasket.ru/vol2498/part249871/249871560/images/big/1.webp
WBKANSAKV138,https://basket-12.wbbasket.ru/vol1678/part167816/167816063/images/big/1.webp
WBKANSAKV139,https://basket-15.wbbasket.ru/vol2325/part232591/232591416/images/big/1.webp
WBKANSAKV140,https://basket-02.wbbasket.ru/vol284/part28496/28496381/images/big/1.webp
WBKANSAKV141,https://basket-16.wbbasket.ru/vol2498/part249871/249871567/images/big/1.webp
WBKANSAKV142,https://basket-24.wbbasket.ru/vol4251/part425130/425130174/images/big/1.webp
WBKANSAKV143,https://basket-25.wbbasket.ru/vol4383/part438314/438314757/images/big/1.webp
WBKANSAKV144,https://basket-10.wbbasket.ru/vol1560/part156079/156079365/images/big/1.webp
WBKANSAKV145,https://basket-23.wbbasket.ru/vol3997/part399726/399726537/images/big/1.webp
WBKANSAKV146,https://basket-39.wbbasket.ru/vol9012/part901224/901224057/images/big/1.webp
WBKANSAKV147,https://basket-14.wbbasket.ru/vol2116/part211638/211638697/images/big/1.webp
WBKANSAKV148,https://basket-29.wbbasket.ru/vol5644/part564412/564412521/images/big/1.webp
WBKANSAKV149,https://basket-24.wbbasket.ru/vol4251/part425144/425144488/images/big/1.webp
WBKANSAKV150,https://basket-34.wbbasket.ru/vol7126/part712658/712658725/images/big/1.webp
WBKANSAKV151,https://basket-02.wbbasket.ru/vol284/part28496/28496374/images/big/1.webp
WBKANSAKV152,https://basket-39.wbbasket.ru/vol9111/part911108/911108279/images/big/1.webp
WBKANSAKV153,https://basket-42.wbbasket.ru/vol10748/part1074842/1074842990/images/big/1.webp
WBKANSAKV154,https://basket-18.wbbasket.ru/vol3037/part303705/303705040/images/big/1.webp
WBKANSAKV155,https://basket-18.wbbasket.ru/vol3037/part303705/303705026/images/big/1.webp
WBKANSAKV156,https://basket-12.wbbasket.ru/vol1772/part177283/177283230/images/big/1.webp
WBKANSAKV157,https://basket-02.wbbasket.ru/vol284/part28476/28476016/images/big/1.webp
WBKANSAKV158,https://basket-10.wbbasket.ru/vol1463/part146381/146381851/images/big/1.webp
WBKANSAKV159,https://basket-18.wbbasket.ru/vol3037/part303705/303705030/images/big/1.webp
WBKANSAKV161,https://basket-42.wbbasket.ru/vol10549/part1054973/1054973370/images/big/1.webp
WBKANSAKV162,https://basket-27.wbbasket.ru/vol5042/part504293/504293018/images/big/1.webp
WBKANSAKV163,https://basket-18.wbbasket.ru/vol3037/part303705/303705477/images/big/1.webp
WBKANSAKV164,https://basket-34.wbbasket.ru/vol7126/part712658/712658722/images/big/1.webp
WBKANSAKV165,https://basket-27.wbbasket.ru/vol5146/part514675/514675210/images/big/1.webp
WBKANSAKV166,https://basket-34.wbbasket.ru/vol7291/part729130/729130040/images/big/1.webp
WBKANSAKV167,https://basket-33.wbbasket.ru/vol6842/part684285/684285038/images/big/1.webp
WBKANSAKV168,https://basket-34.wbbasket.ru/vol7126/part712658/712658844/images/big/1.webp
WBKANSAKV169,https://basket-01.wbbasket.ru/vol119/part11960/11960913/images/big/1.webp
WBKANSAKV170,https://basket-27.wbbasket.ru/vol5050/part505002/505002330/images/big/1.webp
WBKANSAKV171,https://basket-15.wbbasket.ru/vol2326/part232612/232612054/images/big/1.webp
WBKANSAKV172,https://basket-34.wbbasket.ru/vol7318/part731860/731860158/images/big/1.webp
WBKANSAKV173,https://basket-34.wbbasket.ru/vol7126/part712658/712658791/images/big/1.webp
WBKANSAKV174,https://basket-15.wbbasket.ru/vol2325/part232577/232577493/images/big/1.webp
WBKANSAKV175,https://basket-01.wbbasket.ru/vol91/part9137/9137974/images/big/1.webp
WBKANSAKV176,https://basket-05.wbbasket.ru/vol915/part91518/91518616/images/big/1.webp
WBKANSAKV177,https://basket-34.wbbasket.ru/vol7126/part712658/712658798/images/big/1.webp
WBKANSAKV178,https://basket-24.wbbasket.ru/vol4317/part431792/431792060/images/big/1.webp
WBKANSAKV179,https://basket-15.wbbasket.ru/vol2295/part229582/229582994/images/big/1.webp
WBKANSAKV180,https://basket-05.wbbasket.ru/vol955/part95551/95551906/images/big/1.webp
WBKANSAKV181,https://basket-02.wbbasket.ru/vol150/part15097/15097140/images/big/1.webp
WBKANSAKV182,https://basket-34.wbbasket.ru/vol7126/part712658/712658593/images/big/1.webp
WBKANSAKV183,https://basket-15.wbbasket.ru/vol2326/part232606/232606370/images/big/1.webp
WBKANSAKV185,https://basket-26.wbbasket.ru/vol4812/part481237/481237806/images/big/1.webp
WBKANSAKV186,https://basket-18.wbbasket.ru/vol3053/part305350/305350285/images/big/1.webp
WBKANSAKV187,https://basket-10.wbbasket.ru/vol1448/part144846/144846850/images/big/1.webp
WBKANSAKV188,https://basket-24.wbbasket.ru/vol4290/part429056/429056963/images/big/1.webp
WBKANSAKV189,https://basket-31.wbbasket.ru/vol6146/part614679/614679709/images/big/1.webp
WBKANSAKV190,https://basket-20.wbbasket.ru/vol3448/part344840/344840678/images/big/1.webp
WBKANSAKV191,https://basket-33.wbbasket.ru/vol6826/part682605/682605170/images/big/1.webp
WBKANSAKV192,https://basket-34.wbbasket.ru/vol7291/part729130/729130039/images/big/1.webp
WBKANSAKV193,https://basket-15.wbbasket.ru/vol2326/part232615/232615254/images/big/1.webp
WBKANSAKV194,https://basket-17.wbbasket.ru/vol2642/part264269/264269431/images/big/1.webp
WBKANSAKV195,https://basket-20.wbbasket.ru/vol3448/part344843/344843057/images/big/1.webp
WBKANSAKV196,https://basket-02.wbbasket.ru/vol284/part28496/28496367/images/big/1.webp
WBKANSAKV197,https://basket-05.wbbasket.ru/vol914/part91479/91479434/images/big/1.webp
WBKANSAKV198,https://basket-31.wbbasket.ru/vol6158/part615859/615859635/images/big/1.webp
WBKANSAKV199,https://basket-20.wbbasket.ru/vol3448/part344842/344842667/images/big/1.webp
WBKANSAKV200,https://basket-20.wbbasket.ru/vol3448/part344841/344841641/images/big/1.webp
WBKANSAKV201,https://basket-17.wbbasket.ru/vol2768/part276800/276800321/images/big/1.webp
WBKANSAKV202,https://basket-05.wbbasket.ru/vol915/part91518/91518615/images/big/1.webp
WBKANSAKV203,https://basket-02.wbbasket.ru/vol283/part28348/28348459/images/big/1.webp
WBKANSAKV204,https://basket-25.wbbasket.ru/vol4530/part453001/453001931/images/big/1.webp
WBKANSAKV205,https://basket-26.wbbasket.ru/vol4727/part472712/472712664/images/big/1.webp
WBKANSAKV206,https://basket-31.wbbasket.ru/vol6158/part615859/615859671/images/big/1.webp
WBKANSAKV207,https://basket-24.wbbasket.ru/vol4251/part425112/425112416/images/big/1.webp
WBKANSAKV208,https://basket-19.wbbasket.ru/vol3209/part320999/320999623/images/big/1.webp
WBKANSAKV209,https://basket-02.wbbasket.ru/vol186/part18681/18681399/images/big/1.webp
WBKANSAKV210,https://basket-10.wbbasket.ru/vol1497/part149753/149753935/images/big/1.webp
WBKANSAKV211,https://basket-01.wbbasket.ru/vol125/part12552/12552258/images/big/1.webp
WBKANSAKV212,https://basket-05.wbbasket.ru/vol915/part91518/91518225/images/big/1.webp
WBKANSAKV213,https://basket-31.wbbasket.ru/vol6146/part614679/614679710/images/big/1.webp
WBKANSAKV214,https://basket-16.wbbasket.ru/vol2525/part252599/252599294/images/big/1.webp
WBKANSAKV215,https://basket-33.wbbasket.ru/vol6977/part697745/697745730/images/big/1.webp
WBKANSAKV216,https://basket-02.wbbasket.ru/vol284/part28456/28456143/images/big/1.webp
WBKANSAKV217,https://basket-02.wbbasket.ru/vol284/part28456/28456155/images/big/1.webp
WBKANSAKV218,https://basket-10.wbbasket.ru/vol1449/part144919/144919254/images/big/1.webp
WBKANSAKV219,https://basket-36.wbbasket.ru/vol7735/part773535/773535725/images/big/1.webp
WBKANSAKV220,https://basket-05.wbbasket.ru/vol915/part91518/91518246/images/big/1.webp
WBKANSAKV221,https://basket-05.wbbasket.ru/vol914/part91479/91479103/images/big/1.webp
WBKANSAKV222,https://basket-38.wbbasket.ru/vol8429/part842947/842947833/images/big/1.webp
WBKANSAKV223,https://basket-03.wbbasket.ru/vol372/part37202/37202841/images/big/1.webp
WBKANSAKV224,https://basket-31.wbbasket.ru/vol6246/part624683/624683438/images/big/1.webp
WBKANSAKV225,https://basket-31.wbbasket.ru/vol6146/part614679/614679711/images/big/1.webp
WBKANSAKV226,https://basket-02.wbbasket.ru/vol282/part28279/28279544/images/big/1.webp
WBKANSAKV227,https://basket-16.wbbasket.ru/vol2505/part250571/250571189/images/big/1.webp
WBKANSAKV228,https://basket-03.wbbasket.ru/vol374/part37409/37409153/images/big/1.webp
WBKANSAKV229,https://basket-39.wbbasket.ru/vol8849/part884929/884929834/images/big/1.webp
WBKANSAKV230,https://basket-40.wbbasket.ru/vol9269/part926932/926932179/images/big/1.webp
WBKANSAKV231,https://basket-03.wbbasket.ru/vol310/part31069/31069387/images/big/1.webp
WBKANSAKV232,https://basket-41.wbbasket.ru/vol9940/part994080/994080085/images/big/1.webp
WBKANSAKV233,https://basket-16.wbbasket.ru/vol2505/part250571/250571190/images/big/1.webp
WBKANSAKV234,https://basket-12.wbbasket.ru/vol1754/part175460/175460984/images/big/1.webp
WBKANSAKV235,https://basket-41.wbbasket.ru/vol9940/part994080/994080785/images/big/1.webp
WBKANSAKV236,https://basket-17.wbbasket.ru/vol2666/part266661/266661454/images/big/1.webp
WBKANSAKV237,https://basket-22.wbbasket.ru/vol3917/part391747/391747868/images/big/1.webp
WBKANSAKV238,https://basket-27.wbbasket.ru/vol4938/part493811/493811178/images/big/1.webp
WBKANSAKV239,https://basket-05.wbbasket.ru/vol915/part91518/91518325/images/big/1.webp
WBKANSAKV240,https://basket-10.wbbasket.ru/vol1407/part140786/140786886/images/big/1.webp
WBKANSAKV241,https://basket-27.wbbasket.ru/vol5168/part516868/516868664/images/big/1.webp
WBKANSAKV242,https://basket-15.wbbasket.ru/vol2360/part236044/236044835/images/big/1.webp
WBKANSAKV243,https://basket-27.wbbasket.ru/vol5168/part516868/516868665/images/big/1.webp
WBKANSAKV244,https://basket-03.wbbasket.ru/vol374/part37409/37409123/images/big/1.webp
WBKANSAKV245,https://basket-27.wbbasket.ru/vol4941/part494118/494118655/images/big/1.webp
WBKANSAKV246,https://basket-10.wbbasket.ru/vol1497/part149753/149753941/images/big/1.webp
WBKANSAKV247,https://basket-26.wbbasket.ru/vol4812/part481236/481236882/images/big/1.webp
WBKANSAKV248,https://basket-10.wbbasket.ru/vol1434/part143472/143472604/images/big/1.webp
WBKANSAKV249,https://basket-10.wbbasket.ru/vol1497/part149753/149753947/images/big/1.webp
WBKANSAKV250,https://basket-27.wbbasket.ru/vol5168/part516868/516868663/images/big/1.webp
WBKANSAKV251,https://basket-15.wbbasket.ru/vol2359/part235946/235946207/images/big/1.webp
WBKANSAKV253,https://basket-10.wbbasket.ru/vol1497/part149753/149753960/images/big/1.webp
WBKANSAKV255,https://basket-10.wbbasket.ru/vol1463/part146381/146381769/images/big/1.webp
WBKANSAKV256,https://basket-15.wbbasket.ru/vol2326/part232607/232607813/images/big/1.webp
WBKANSAKV258,https://basket-08.wbbasket.ru/vol1131/part113156/113156478/images/big/1.webp
WBKANSAKV259,https://basket-05.wbbasket.ru/vol914/part91479/91479101/images/big/1.webp
WBKANSAKV260,https://basket-34.wbbasket.ru/vol7106/part710671/710671382/images/big/1.webp
WBKANSAKV261,https://basket-16.wbbasket.ru/vol2505/part250571/250571191/images/big/1.webp
WBKANSAKV262,https://basket-15.wbbasket.ru/vol2328/part232834/232834638/images/big/1.webp
WBKANSAKV263,https://basket-27.wbbasket.ru/vol5168/part516868/516868666/images/big/1.webp
WBKANSAKV264,https://basket-12.wbbasket.ru/vol1885/part188577/188577963/images/big/1.webp
WBKANSAKV265,https://basket-15.wbbasket.ru/vol2360/part236044/236044848/images/big/1.webp
WBKANSAKV266,https://basket-40.wbbasket.ru/vol9493/part949326/949326431/images/big/1.webp
WBKANSAKV267,https://basket-16.wbbasket.ru/vol2565/part256599/256599945/images/big/1.webp
WBKANSAKV268,https://basket-10.wbbasket.ru/vol1537/part153782/153782853/images/big/1.webp
WBKANSAKV269,https://basket-32.wbbasket.ru/vol6711/part671148/671148368/images/big/1.webp
WBKANSAKV270,https://basket-03.wbbasket.ru/vol406/part40646/40646542/images/big/1.webp
WBKANSAKV271,https://basket-27.wbbasket.ru/vol5168/part516868/516868668/images/big/1.webp
WBKANSAKV272,https://basket-33.wbbasket.ru/vol6797/part679755/679755009/images/big/1.webp
WBKANSAKV273,https://basket-10.wbbasket.ru/vol1457/part145793/145793969/images/big/1.webp
WBKANSAKV274,https://basket-39.wbbasket.ru/vol9156/part915650/915650905/images/big/1.webp
WBKANSAKV275,https://basket-05.wbbasket.ru/vol915/part91518/91518617/images/big/1.webp
WBKANSAKV276,https://basket-15.wbbasket.ru/vol2298/part229880/229880425/images/big/1.webp
WBKANSAKV277,https://basket-39.wbbasket.ru/vol9159/part915917/915917375/images/big/1.webp
WBKANSAKV278,https://basket-27.wbbasket.ru/vol5003/part500331/500331310/images/big/1.webp
WBKANSAKV279,https://basket-10.wbbasket.ru/vol1448/part144811/144811799/images/big/1.webp
WBKANSAKV280,https://basket-31.wbbasket.ru/vol6137/part613776/613776111/images/big/1.webp
WBKANSAKV281,https://basket-22.wbbasket.ru/vol3917/part391747/391747867/images/big/1.webp
WBKANSAKV282,https://basket-41.wbbasket.ru/vol9940/part994080/994080784/images/big/1.webp
WBKANSAKV283,https://basket-40.wbbasket.ru/vol9269/part926932/926932095/images/big/1.webp
WBKANSAKV284,https://basket-39.wbbasket.ru/vol9156/part915650/915650904/images/big/1.webp
WBKANSAKV285,https://basket-16.wbbasket.ru/vol2505/part250571/250571188/images/big/1.webp
WBKANSAKV286,https://basket-10.wbbasket.ru/vol1448/part144841/144841929/images/big/1.webp
WBKANSAKV287,https://basket-11.wbbasket.ru/vol1606/part160640/160640357/images/big/1.webp
WBKANSAKV288,https://basket-39.wbbasket.ru/vol9158/part915889/915889547/images/big/1.webp
WBKANSAKV289,https://basket-04.wbbasket.ru/vol701/part70125/70125615/images/big/1.webp
WBKANSAKV290,https://basket-10.wbbasket.ru/vol1585/part158529/158529435/images/big/1.webp
WBKANSAKV291,https://basket-22.wbbasket.ru/vol3702/part370274/370274306/images/big/1.webp
WBKANSAKV292,https://basket-41.wbbasket.ru/vol9940/part994080/994080082/images/big/1.webp
WBKANSAKV293,https://basket-34.wbbasket.ru/vol7199/part719910/719910822/images/big/1.webp
WBKANSAKV294,https://basket-25.wbbasket.ru/vol4367/part436728/436728096/images/big/1.webp
WBKANSAKV295,https://basket-39.wbbasket.ru/vol9159/part915917/915917376/images/big/1.webp
WBKANSAKV296,https://basket-05.wbbasket.ru/vol915/part91518/91518293/images/big/1.webp
WBKANSAKV297,https://basket-16.wbbasket.ru/vol2511/part251124/251124856/images/big/1.webp
WBKANSAKV298,https://basket-03.wbbasket.ru/vol374/part37409/37409138/images/big/1.webp
WBKANSAKV299,https://basket-39.wbbasket.ru/vol9156/part915610/915610385/images/big/1.webp
WBKANSAKV300,https://basket-21.wbbasket.ru/vol3697/part369795/369795940/images/big/1.webp
WBKANSAKV301,https://basket-02.wbbasket.ru/vol189/part18976/18976487/images/big/1.webp
WBKANSAKV302,https://basket-02.wbbasket.ru/vol156/part15611/15611753/images/big/1.webp
WBKANSAKV303,https://basket-02.wbbasket.ru/vol176/part17686/17686232/images/big/1.webp
WBKANSAKV305,https://basket-01.wbbasket.ru/vol137/part13726/13726920/images/big/1.webp
WBKANSAKV306,https://basket-02.wbbasket.ru/vol156/part15636/15636636/images/big/1.webp
WBKANSAKV307,https://basket-12.wbbasket.ru/vol1731/part173180/173180774/images/big/1.webp
WBKANSAKV308,https://basket-12.wbbasket.ru/vol1772/part177283/177283033/images/big/1.webp
WBKANSAKV309,https://basket-12.wbbasket.ru/vol1736/part173692/173692595/images/big/1.webp
WBKANSAKV310,https://basket-12.wbbasket.ru/vol1690/part169069/169069493/images/big/1.webp
WBKANSAKV311,https://basket-11.wbbasket.ru/vol1642/part164297/164297091/images/big/1.webp
WBKANSAKV312,https://basket-12.wbbasket.ru/vol1664/part166407/166407654/images/big/1.webp
WBKANSAKV313,https://basket-11.wbbasket.ru/vol1646/part164610/164610856/images/big/1.webp
WBKANSAKV314,https://basket-11.wbbasket.ru/vol1646/part164632/164632090/images/big/1.webp
WBKANSAKV315,https://basket-10.wbbasket.ru/vol1482/part148292/148292299/images/big/1.webp
WBKANSAKV316,https://basket-10.wbbasket.ru/vol1454/part145448/145448931/images/big/1.webp
WBKANSAKV317,https://basket-10.wbbasket.ru/vol1457/part145709/145709384/images/big/1.webp
WBKANSAKV318,https://basket-01.wbbasket.ru/vol61/part6142/6142282/images/big/1.webp
WBKANSAKV319,https://basket-01.wbbasket.ru/vol76/part7677/7677079/images/big/1.webp
WBKANSAKV321,https://basket-10.wbbasket.ru/vol1514/part151474/151474168/images/big/1.webp
WBKANSAKV322,https://basket-05.wbbasket.ru/vol775/part77502/77502724/images/big/1.webp
WBKANSAKV323,https://basket-03.wbbasket.ru/vol314/part31421/31421238/images/big/1.webp
WBKANSAKV324,https://basket-03.wbbasket.ru/vol382/part38273/38273805/images/big/1.webp
WBKANSAKV325,https://basket-03.wbbasket.ru/vol414/part41482/41482922/images/big/1.webp
WBKANSAKV326,https://basket-02.wbbasket.ru/vol222/part22274/22274090/images/big/1.webp
WBKANSAKV327,https://basket-10.wbbasket.ru/vol1382/part138207/138207825/images/big/1.webp
WBKANSAKV328,https://basket-02.wbbasket.ru/vol146/part14640/14640727/images/big/1.webp
WBKANSAKV329,https://basket-01.wbbasket.ru/vol119/part11960/11960898/images/big/1.webp
WBKANSAKV330,https://basket-01.wbbasket.ru/vol140/part14072/14072468/images/big/1.webp
WBKANSAKV331,https://basket-01.wbbasket.ru/vol117/part11765/11765805/images/big/1.webp
WBKANSAKV332,https://basket-02.wbbasket.ru/vol145/part14504/14504537/images/big/1.webp
WBKANSAKV333,https://basket-02.wbbasket.ru/vol175/part17554/17554910/images/big/1.webp
WBKANSAKV334,https://basket-02.wbbasket.ru/vol168/part16848/16848075/images/big/1.webp
WBKANSAKV335,https://basket-01.wbbasket.ru/vol126/part12638/12638128/images/big/1.webp
WBKANSAKV336,https://basket-01.wbbasket.ru/vol100/part10088/10088041/images/big/1.webp
WBKANSAKV337,https://basket-02.wbbasket.ru/vol152/part15279/15279958/images/big/1.webp
WBKANSAKV338,https://basket-01.wbbasket.ru/vol116/part11646/11646228/images/big/1.webp
WBKANSAKV339,https://basket-01.wbbasket.ru/vol130/part13007/13007854/images/big/1.webp
WBKANSAKV340,https://basket-02.wbbasket.ru/vol177/part17767/17767375/images/big/1.webp
WBKANSAKV341,https://basket-02.wbbasket.ru/vol175/part17554/17554949/images/big/1.webp
WBKANSAKV342,https://basket-10.wbbasket.ru/vol1525/part152553/152553708/images/big/1.webp
WBKANSAKV343,https://basket-10.wbbasket.ru/vol1596/part159689/159689362/images/big/1.webp
WBKANSAKV344,https://basket-11.wbbasket.ru/vol1646/part164632/164632091/images/big/1.webp
WBKANSAKV345,https://basket-12.wbbasket.ru/vol1678/part167825/167825899/images/big/1.webp
WBKANSAKV346,https://basket-12.wbbasket.ru/vol1681/part168126/168126386/images/big/1.webp
WBKANSAKV347,https://basket-12.wbbasket.ru/vol1678/part167825/167825718/images/big/1.webp
WBKANSAKV348,https://basket-04.wbbasket.ru/vol434/part43484/43484528/images/big/1.webp
WBKANSAKV349,https://basket-10.wbbasket.ru/vol1318/part131826/131826638/images/big/1.webp
WBKANSAKV350,https://basket-12.wbbasket.ru/vol1704/part170421/170421343/images/big/1.webp
WBKANSAKV351,https://basket-10.wbbasket.ru/vol1493/part149399/149399738/images/big/1.webp
WBKANSAKV352,https://basket-10.wbbasket.ru/vol1435/part143505/143505385/images/big/1.webp
WBKANSAKV353,https://basket-10.wbbasket.ru/vol1443/part144345/144345420/images/big/1.webp
WBKANSAKV355,https://basket-05.wbbasket.ru/vol786/part78663/78663876/images/big/1.webp
WBKANSAKV357,https://basket-01.wbbasket.ru/vol89/part8948/8948581/images/big/1.webp
WBKANSAKV358,https://basket-03.wbbasket.ru/vol329/part32988/32988688/images/big/1.webp
WBKANSAKV359,https://basket-03.wbbasket.ru/vol329/part32988/32988705/images/big/1.webp
WBKANSAKV360,https://basket-03.wbbasket.ru/vol342/part34285/34285367/images/big/1.webp
WBKANSAKV361,https://basket-03.wbbasket.ru/vol381/part38128/38128499/images/big/1.webp
WBKANSAKV362,https://basket-06.wbbasket.ru/vol1050/part105033/105033418/images/big/1.webp
WBKANSAKV363,https://basket-06.wbbasket.ru/vol1037/part103701/103701079/images/big/1.webp
WBKANSAKV364,https://basket-07.wbbasket.ru/vol1097/part109766/109766270/images/big/1.webp
WBKANSAKV365,https://basket-02.wbbasket.ru/vol282/part28206/28206766/images/big/1.webp
WBKANSAKV366,https://basket-02.wbbasket.ru/vol277/part27772/27772481/images/big/1.webp
WBKANSAKV367,https://basket-07.wbbasket.ru/vol1102/part110285/110285316/images/big/1.webp
WBKANSAKV368,https://basket-08.wbbasket.ru/vol1153/part115311/115311978/images/big/1.webp
WBKANSAKV369,https://basket-09.wbbasket.ru/vol1205/part120564/120564742/images/big/1.webp
WBKANSAKV370,https://basket-12.wbbasket.ru/vol1840/part184007/184007087/images/big/1.webp
WBKANSAKV371,https://basket-04.wbbasket.ru/vol661/part66113/66113329/images/big/1.webp
WBKANSAKV372,https://basket-12.wbbasket.ru/vol1810/part181050/181050812/images/big/1.webp
WBKANSAKV373,https://basket-11.wbbasket.ru/vol1631/part163198/163198241/images/big/1.webp
WBKANSAKV374,https://basket-12.wbbasket.ru/vol1678/part167825/167825898/images/big/1.webp
WBKANSAKV375,https://basket-12.wbbasket.ru/vol1691/part169102/169102017/images/big/1.webp
WBKANSAKV376,https://basket-11.wbbasket.ru/vol1636/part163681/163681520/images/big/1.webp
WBKANSAKV377,https://basket-10.wbbasket.ru/vol1514/part151476/151476849/images/big/1.webp
WBKANSAKV378,https://basket-03.wbbasket.ru/vol374/part37409/37409147/images/big/1.webp
WBKANSAKV379,https://basket-03.wbbasket.ru/vol374/part37414/37414096/images/big/1.webp
WBKANSAKV380,https://basket-12.wbbasket.ru/vol1740/part174038/174038569/images/big/1.webp
WBKANSAKV381,https://basket-12.wbbasket.ru/vol1776/part177636/177636018/images/big/1.webp
WBKANSAKV382,https://basket-12.wbbasket.ru/vol1736/part173692/173692596/images/big/1.webp
WBKANSAKV383,https://basket-12.wbbasket.ru/vol1757/part175770/175770617/images/big/1.webp
WBKANSAKV384,https://basket-12.wbbasket.ru/vol1799/part179993/179993040/images/big/1.webp
WBKANSAKV385,https://basket-01.wbbasket.ru/vol61/part6142/6142281/images/big/1.webp
WBKANSAKV386,https://basket-01.wbbasket.ru/vol89/part8948/8948593/images/big/1.webp
WBKANSAKV387,https://basket-02.wbbasket.ru/vol283/part28366/28366045/images/big/1.webp
WBKANSAKV388,https://basket-02.wbbasket.ru/vol208/part20842/20842313/images/big/1.webp
WBKANSAKV389,https://basket-02.wbbasket.ru/vol283/part28361/28361182/images/big/1.webp
WBKANSAKV390,https://basket-02.wbbasket.ru/vol284/part28456/28456120/images/big/1.webp
WBKANSAKV391,https://basket-02.wbbasket.ru/vol176/part17686/17686223/images/big/1.webp
WBKANSAKV392,https://basket-02.wbbasket.ru/vol186/part18680/18680037/images/big/1.webp
WBKANSAKV393,https://basket-01.wbbasket.ru/vol119/part11960/11960897/images/big/1.webp
WBKANSAKV394,https://basket-01.wbbasket.ru/vol131/part13150/13150066/images/big/1.webp
WBKANSAKV395,https://basket-01.wbbasket.ru/vol141/part14195/14195555/images/big/1.webp
WBKANSAKV396,https://basket-01.wbbasket.ru/vol121/part12100/12100424/images/big/1.webp
WBKANSAKV397,https://basket-01.wbbasket.ru/vol141/part14166/14166779/images/big/1.webp
WBKANSAKV398,https://basket-01.wbbasket.ru/vol116/part11646/11646229/images/big/1.webp
WBKANSAKV399,https://basket-01.wbbasket.ru/vol126/part12696/12696236/images/big/1.webp
WBKANSAKV400,https://basket-02.wbbasket.ru/vol167/part16750/16750739/images/big/1.webp
WBKANSALB003,https://basket-13.wbbasket.ru/vol2042/part204246/204246222/images/big/1.webp
WBKANSALB005,https://basket-23.wbbasket.ru/vol3973/part397356/397356947/images/big/1.webp
WBKANSALB006,https://basket-41.wbbasket.ru/vol9692/part969203/969203239/images/big/1.webp
WBKANSALB007,https://basket-20.wbbasket.ru/vol3317/part331746/331746821/images/big/1.webp
WBKANSALB008,https://basket-20.wbbasket.ru/vol3317/part331746/331746825/images/big/1.webp
WBKANSALB009,https://basket-38.wbbasket.ru/vol8362/part836203/836203421/images/big/1.webp
WBKANSALB010,https://basket-34.wbbasket.ru/vol7119/part711983/711983041/images/big/1.webp
WBKANSALB011,https://basket-13.wbbasket.ru/vol2042/part204246/204246227/images/big/1.webp
WBKANSALB012,https://basket-20.wbbasket.ru/vol3416/part341681/341681208/images/big/1.webp
WBKANSALB014,https://basket-41.wbbasket.ru/vol9692/part969203/969203244/images/big/1.webp
WBKANSALB015,https://basket-38.wbbasket.ru/vol8689/part868975/868975883/images/big/1.webp
WBKANSALB016,https://basket-02.wbbasket.ru/vol176/part17686/17686223/images/big/1.webp
WBKANSALB019,https://basket-41.wbbasket.ru/vol10137/part1013702/1013702769/images/big/1.webp
WBKANSALB020,https://basket-35.wbbasket.ru/vol7549/part754900/754900283/images/big/1.webp
WBKANSALB021,https://basket-41.wbbasket.ru/vol10137/part1013702/1013702778/images/big/1.webp
WBKANSALB023,https://basket-13.wbbasket.ru/vol1962/part196241/196241520/images/big/1.webp
WBKANSALB024,https://basket-02.wbbasket.ru/vol283/part28369/28369390/images/big/1.webp
WBKANSALB025,https://basket-23.wbbasket.ru/vol3973/part397356/397356935/images/big/1.webp
WBKANSALB027,https://basket-31.wbbasket.ru/vol6292/part629206/629206024/images/big/1.webp
WBKANSALB028,https://basket-41.wbbasket.ru/vol10137/part1013702/1013702810/images/big/1.webp
WBKANSALB030,https://basket-10.wbbasket.ru/vol1415/part141507/141507296/images/big/1.webp
WBKANSALB031,https://basket-31.wbbasket.ru/vol6292/part629206/629206029/images/big/1.webp
WBKANSALB033,https://basket-15.wbbasket.ru/vol2373/part237349/237349034/images/big/1.webp
WBKANSALB034,https://basket-14.wbbasket.ru/vol2117/part211770/211770735/images/big/1.webp
WBKANSALB035,https://basket-02.wbbasket.ru/vol177/part17767/17767375/images/big/1.webp
WBKANSALB036,https://basket-29.wbbasket.ru/vol5630/part563074/563074372/images/big/1.webp
WBKANSALB037,https://basket-39.wbbasket.ru/vol9102/part910287/910287753/images/big/1.webp
WBKANSALB038,https://basket-39.wbbasket.ru/vol9102/part910287/910287749/images/big/1.webp
WBKANSALB039,https://basket-20.wbbasket.ru/vol3475/part347551/347551572/images/big/1.webp
WBKANSALB040,https://basket-12.wbbasket.ru/vol1799/part179993/179993041/images/big/1.webp
WBKANSALB041,https://basket-13.wbbasket.ru/vol1964/part196470/196470623/images/big/1.webp
WBKANSALB042,https://basket-12.wbbasket.ru/vol1799/part179993/179993040/images/big/1.webp
WBKANSALB043,https://basket-29.wbbasket.ru/vol5634/part563485/563485516/images/big/1.webp
WBKANSALB046,https://basket-39.wbbasket.ru/vol9102/part910287/910287742/images/big/1.webp
WBKANSALB047,https://basket-15.wbbasket.ru/vol2373/part237332/237332187/images/big/1.webp
WBKANSALB048,https://basket-29.wbbasket.ru/vol5634/part563485/563485517/images/big/1.webp
WBKANSALB049,https://basket-31.wbbasket.ru/vol6292/part629206/629206004/images/big/1.webp
WBKANSALB050,https://basket-10.wbbasket.ru/vol1415/part141507/141507281/images/big/1.webp
WBKANSALB051,https://basket-39.wbbasket.ru/vol9102/part910287/910287741/images/big/1.webp
WBKANSALB052,https://basket-10.wbbasket.ru/vol1415/part141507/141507332/images/big/1.webp
WBKANSALB054,https://basket-05.wbbasket.ru/vol774/part77488/77488011/images/big/1.webp
WBKANSALB055,https://basket-38.wbbasket.ru/vol8352/part835261/835261971/images/big/1.webp
WBKANSALB056,https://basket-28.wbbasket.ru/vol5422/part542255/542255787/images/big/1.webp
WBKANSALB058,https://basket-05.wbbasket.ru/vol774/part77488/77488041/images/big/1.webp
WBKANSALB060,https://basket-29.wbbasket.ru/vol5796/part579636/579636042/images/big/1.webp
WBKANSALB061,https://basket-10.wbbasket.ru/vol1415/part141507/141507287/images/big/1.webp
WBKANSALB062,https://basket-29.wbbasket.ru/vol5634/part563485/563485519/images/big/1.webp
WBKANSALB063,https://basket-31.wbbasket.ru/vol6292/part629206/629206044/images/big/1.webp
WBKANSALB064,https://basket-29.wbbasket.ru/vol5796/part579672/579672940/images/big/1.webp
WBKANSALB065,https://basket-30.wbbasket.ru/vol5884/part588403/588403126/images/big/1.webp
WBKANSALB066,https://basket-19.wbbasket.ru/vol3173/part317339/317339042/images/big/1.webp
WBKANSALB067,https://basket-09.wbbasket.ru/vol1199/part119966/119966843/images/big/1.webp
WBKANSALB068,https://basket-38.wbbasket.ru/vol8362/part836203/836203430/images/big/1.webp
WBKANSALB069,https://basket-22.wbbasket.ru/vol3716/part371622/371622016/images/big/1.webp
WBKANSALB070,https://basket-37.wbbasket.ru/vol8114/part811432/811432314/images/big/1.webp
WBKANSALB071,https://basket-29.wbbasket.ru/vol5634/part563485/563485521/images/big/1.webp
WBKANSALB072,https://basket-12.wbbasket.ru/vol1759/part175981/175981170/images/big/1.webp
WBKANSALB073,https://basket-39.wbbasket.ru/vol9102/part910278/910278322/images/big/1.webp
WBKANSALB074,https://basket-14.wbbasket.ru/vol2180/part218053/218053951/images/big/1.webp
WBKANSALB075,https://basket-24.wbbasket.ru/vol4315/part431575/431575126/images/big/1.webp
WBKANSALB077,https://basket-27.wbbasket.ru/vol4979/part497941/497941941/images/big/1.webp
WBKANSALB078,https://basket-29.wbbasket.ru/vol5796/part579644/579644849/images/big/1.webp
WBKANSALB079,https://basket-40.wbbasket.ru/vol9492/part949262/949262268/images/big/1.webp
WBKANSALB080,https://basket-31.wbbasket.ru/vol6292/part629206/629206012/images/big/1.webp
WBKANSALB081,https://basket-29.wbbasket.ru/vol5634/part563485/563485520/images/big/1.webp
WBKANSALB082,https://basket-03.wbbasket.ru/vol431/part43116/43116946/images/big/1.webp
WBKANSALB083,https://basket-10.wbbasket.ru/vol1516/part151648/151648943/images/big/1.webp
WBKANSALB085,https://basket-43.wbbasket.ru/vol11273/part1127348/1127348028/images/big/1.webp
WBKANSALB086,https://basket-38.wbbasket.ru/vol8362/part836203/836203403/images/big/1.webp
WBKANSALB087,https://basket-30.wbbasket.ru/vol5884/part588411/588411566/images/big/1.webp
WBKANSALB088,https://basket-15.wbbasket.ru/vol2359/part235952/235952441/images/big/1.webp
WBKANSALB089,https://basket-05.wbbasket.ru/vol774/part77488/77488071/images/big/1.webp
WBKANSALB091,https://basket-30.wbbasket.ru/vol5878/part587816/587816043/images/big/1.webp
WBKANSALB092,https://basket-14.wbbasket.ru/vol2183/part218383/218383029/images/big/1.webp
WBKANSALB093,https://basket-20.wbbasket.ru/vol3416/part341681/341681210/images/big/1.webp
WBKANSALB094,https://basket-24.wbbasket.ru/vol4290/part429038/429038709/images/big/1.webp
WBKANSALB095,https://basket-15.wbbasket.ru/vol2345/part234570/234570786/images/big/1.webp
WBKANSALB096,https://basket-29.wbbasket.ru/vol5796/part579638/579638637/images/big/1.webp
WBKANSALB097,https://basket-01.wbbasket.ru/vol122/part12209/12209387/images/big/1.webp
WBKANSALB099,https://basket-20.wbbasket.ru/vol3376/part337607/337607056/images/big/1.webp
WBKANSALB100,https://basket-16.wbbasket.ru/vol2437/part243765/243765423/images/big/1.webp
WBKANSALB101,https://basket-39.wbbasket.ru/vol8897/part889716/889716019/images/big/1.webp
WBKANSALB102,https://basket-40.wbbasket.ru/vol9492/part949262/949262269/images/big/1.webp
WBKANSALB103,https://basket-34.wbbasket.ru/vol7103/part710331/710331294/images/big/1.webp
WBKANSALB104,https://basket-38.wbbasket.ru/vol8362/part836203/836203442/images/big/1.webp
WBKANSALB106,https://basket-23.wbbasket.ru/vol3973/part397356/397356939/images/big/1.webp
WBKANSALB107,https://basket-38.wbbasket.ru/vol8362/part836203/836203445/images/big/1.webp
WBKANSALB108,https://basket-19.wbbasket.ru/vol3173/part317339/317339036/images/big/1.webp
WBKANSALB109,https://basket-30.wbbasket.ru/vol5883/part588383/588383937/images/big/1.webp
WBKANSALB110,https://basket-17.wbbasket.ru/vol2734/part273440/273440181/images/big/1.webp
WBKANSALB111,https://basket-38.wbbasket.ru/vol8362/part836203/836203411/images/big/1.webp
WBKANSALB112,https://basket-10.wbbasket.ru/vol1566/part156676/156676785/images/big/1.webp
WBKANSALB113,https://basket-13.wbbasket.ru/vol2042/part204246/204246223/images/big/1.webp
WBKANSALB114,https://basket-23.wbbasket.ru/vol4026/part402653/402653175/images/big/1.webp
WBKANSALB115,https://basket-29.wbbasket.ru/vol5796/part579684/579684029/images/big/1.webp
WBKANSALB116,https://basket-13.wbbasket.ru/vol1962/part196280/196280763/images/big/1.webp
WBKANSALB117,https://basket-37.wbbasket.ru/vol8200/part820054/820054778/images/big/1.webp
WBKANSALB118,https://basket-15.wbbasket.ru/vol2218/part221858/221858963/images/big/1.webp
WBKANSALB119,https://basket-16.wbbasket.ru/vol2422/part242227/242227512/images/big/1.webp
WBKANSALB123,https://basket-37.wbbasket.ru/vol8003/part800327/800327369/images/big/1.webp
WBKANSALB124,https://basket-35.wbbasket.ru/vol7605/part760599/760599097/images/big/1.webp
WBKANSALB125,https://basket-29.wbbasket.ru/vol5634/part563485/563485518/images/big/1.webp
WBKANSALB126,https://basket-19.wbbasket.ru/vol3173/part317339/317339039/images/big/1.webp
WBKANSALB127,https://basket-34.wbbasket.ru/vol7103/part710331/710331295/images/big/1.webp
WBKANSALB128,https://basket-20.wbbasket.ru/vol3416/part341681/341681214/images/big/1.webp
WBKANSALB129,https://basket-38.wbbasket.ru/vol8362/part836203/836203425/images/big/1.webp
WBKANSALB131,https://basket-19.wbbasket.ru/vol3173/part317339/317339037/images/big/1.webp
WBKANSALB132,https://basket-28.wbbasket.ru/vol5266/part526607/526607813/images/big/1.webp
WBKANSALB133,https://basket-28.wbbasket.ru/vol5266/part526607/526607812/images/big/1.webp
WBKANSALB134,https://basket-19.wbbasket.ru/vol3173/part317339/317339043/images/big/1.webp
WBKANSALB135,https://basket-37.wbbasket.ru/vol8200/part820095/820095329/images/big/1.webp
WBKANSALB136,https://basket-15.wbbasket.ru/vol2373/part237336/237336812/images/big/1.webp
WBKANSALB137,https://basket-19.wbbasket.ru/vol3173/part317339/317339044/images/big/1.webp
WBKANSALB139,https://basket-12.wbbasket.ru/vol1799/part179986/179986867/images/big/1.webp
WBKANSALB142,https://basket-20.wbbasket.ru/vol3416/part341681/341681223/images/big/1.webp
WBKANSALB143,https://basket-27.wbbasket.ru/vol4979/part497942/497942704/images/big/1.webp
WBKANSALB144,https://basket-05.wbbasket.ru/vol774/part77487/77487943/images/big/1.webp
WBKANSALB145,https://basket-35.wbbasket.ru/vol7549/part754900/754900308/images/big/1.webp
WBKANSALB146,https://basket-27.wbbasket.ru/vol4979/part497941/497941050/images/big/1.webp
WBKANSALB147,https://basket-28.wbbasket.ru/vol5266/part526607/526607814/images/big/1.webp
WBKANSALB148,https://basket-10.wbbasket.ru/vol1563/part156342/156342600/images/big/1.webp
WBKANSALB149,https://basket-23.wbbasket.ru/vol3990/part399064/399064696/images/big/1.webp
WBKANSALB150,https://basket-39.wbbasket.ru/vol8847/part884756/884756452/images/big/1.webp
WBKANSALB151,https://basket-15.wbbasket.ru/vol2373/part237337/237337380/images/big/1.webp
WBKANSALB152,https://basket-15.wbbasket.ru/vol2345/part234570/234570782/images/big/1.webp
WBKANSALB153,https://basket-33.wbbasket.ru/vol6783/part678323/678323917/images/big/1.webp
WBKANSALB155,https://basket-39.wbbasket.ru/vol8847/part884756/884756450/images/big/1.webp
WBKANSALB156,https://basket-12.wbbasket.ru/vol1736/part173692/173692595/images/big/1.webp
WBKANSALB157,https://basket-39.wbbasket.ru/vol9102/part910287/910287746/images/big/1.webp
WBKANSALB158,https://basket-10.wbbasket.ru/vol1395/part139530/139530069/images/big/1.webp
WBKANSALB159,https://basket-38.wbbasket.ru/vol8362/part836203/836203418/images/big/1.webp
WBKANSALB160,https://basket-20.wbbasket.ru/vol3416/part341681/341681204/images/big/1.webp
WBKANSALB161,https://basket-25.wbbasket.ru/vol4372/part437266/437266800/images/big/1.webp
WBKANSALB164,https://basket-15.wbbasket.ru/vol2373/part237352/237352202/images/big/1.webp
WBKANSALB165,https://basket-37.wbbasket.ru/vol8200/part820028/820028957/images/big/1.webp
WBKANSALB166,https://basket-16.wbbasket.ru/vol2422/part242282/242282087/images/big/1.webp
WBKANSALB168,https://basket-39.wbbasket.ru/vol9102/part910287/910287754/images/big/1.webp
WBKANSALB169,https://basket-38.wbbasket.ru/vol8466/part846614/846614090/images/big/1.webp
WBKANSALB170,https://basket-13.wbbasket.ru/vol1963/part196397/196397552/images/big/1.webp
WBKANSALB171,https://basket-02.wbbasket.ru/vol283/part28366/28366045/images/big/1.webp
WBKANSALB172,https://basket-15.wbbasket.ru/vol2373/part237350/237350061/images/big/1.webp
WBKANSALB173,https://basket-29.wbbasket.ru/vol5634/part563485/563485515/images/big/1.webp
WBKANSALB174,https://basket-27.wbbasket.ru/vol4979/part497941/497941575/images/big/1.webp
WBKANSALB175,https://basket-11.wbbasket.ru/vol1636/part163682/163682358/images/big/1.webp
WBKANSALB177,https://basket-37.wbbasket.ru/vol8201/part820100/820100798/images/big/1.webp
WBKANSALB178,https://basket-34.wbbasket.ru/vol7117/part711797/711797802/images/big/1.webp
WBKANSALB179,https://basket-37.wbbasket.ru/vol8201/part820102/820102203/images/big/1.webp
WBKANSALB180,https://basket-19.wbbasket.ru/vol3173/part317339/317339040/images/big/1.webp
WBKANSALB181,https://basket-02.wbbasket.ru/vol177/part17767/17767377/images/big/1.webp
WBKANSALB183,https://basket-37.wbbasket.ru/vol8200/part820032/820032493/images/big/1.webp
WBKANSALB184,https://basket-14.wbbasket.ru/vol2168/part216855/216855542/images/big/1.webp
WBKANSALB185,https://basket-17.wbbasket.ru/vol2739/part273941/273941192/images/big/1.webp
WBKANSALB186,https://basket-37.wbbasket.ru/vol8200/part820033/820033779/images/big/1.webp
WBKANSALB187,https://basket-12.wbbasket.ru/vol1883/part188365/188365618/images/big/1.webp
WBKANSALB188,https://basket-19.wbbasket.ru/vol3173/part317311/317311020/images/big/1.webp
WBKANSALB189,https://basket-37.wbbasket.ru/vol8200/part820067/820067118/images/big/1.webp
WBKANSALB190,https://basket-38.wbbasket.ru/vol8352/part835261/835261972/images/big/1.webp
WBKANSALB191,https://basket-37.wbbasket.ru/vol8200/part820083/820083347/images/big/1.webp
WBKANSALB192,https://basket-12.wbbasket.ru/vol1736/part173692/173692596/images/big/1.webp
WBKANSALB193,https://basket-14.wbbasket.ru/vol2168/part216855/216855552/images/big/1.webp
WBKANSALB194,https://basket-15.wbbasket.ru/vol2373/part237343/237343508/images/big/1.webp
WBKANSALB195,https://basket-28.wbbasket.ru/vol5266/part526607/526607819/images/big/1.webp
WBKANSALB196,https://basket-37.wbbasket.ru/vol8200/part820027/820027204/images/big/1.webp
WBKANSALB197,https://basket-28.wbbasket.ru/vol5266/part526607/526607811/images/big/1.webp
WBKANSALB198,https://basket-10.wbbasket.ru/vol1562/part156225/156225557/images/big/1.webp
WBKANSALB199,https://basket-11.wbbasket.ru/vol1627/part162710/162710021/images/big/1.webp
WBKANSALB200,https://basket-19.wbbasket.ru/vol3184/part318419/318419019/images/big/1.webp
WBKANSBLK000,https://basket-14.wbbasket.ru/vol2101/part210199/210199916/images/big/1.webp
WBKANSBLK001,https://basket-18.wbbasket.ru/vol2959/part295991/295991521/images/big/1.webp
WBKANSBLK003,https://basket-16.wbbasket.ru/vol2451/part245110/245110438/images/big/1.webp
WBKANSBLK004,https://basket-23.wbbasket.ru/vol3918/part391861/391861990/images/big/1.webp
WBKANSBLK005,https://basket-39.wbbasket.ru/vol8951/part895198/895198418/images/big/1.webp
WBKANSBLK006,https://basket-14.wbbasket.ru/vol2101/part210198/210198806/images/big/1.webp
WBKANSBLK007,https://basket-23.wbbasket.ru/vol3937/part393772/393772988/images/big/1.webp
WBKANSBLK008,https://basket-18.wbbasket.ru/vol2959/part295986/295986084/images/big/1.webp
WBKANSBLK009,https://basket-18.wbbasket.ru/vol2957/part295765/295765307/images/big/1.webp
WBKANSBLK010,https://basket-16.wbbasket.ru/vol2471/part247177/247177112/images/big/1.webp
WBKANSBLK012,https://basket-23.wbbasket.ru/vol3939/part393918/393918716/images/big/1.webp
WBKANSBLK013,https://basket-18.wbbasket.ru/vol2959/part295991/295991160/images/big/1.webp
WBKANSBLK015,https://basket-19.wbbasket.ru/vol3160/part316043/316043633/images/big/1.webp
WBKANSBLK016,https://basket-18.wbbasket.ru/vol2959/part295990/295990791/images/big/1.webp
WBKANSBLK017,https://basket-18.wbbasket.ru/vol2959/part295987/295987678/images/big/1.webp
WBKANSBLK019,https://basket-39.wbbasket.ru/vol8951/part895198/895198417/images/big/1.webp
WBKANSBLK020,https://basket-18.wbbasket.ru/vol2959/part295989/295989622/images/big/1.webp
WBKANSBLK021,https://basket-19.wbbasket.ru/vol3160/part316036/316036914/images/big/1.webp
WBKANSBLK022,https://basket-14.wbbasket.ru/vol2102/part210202/210202507/images/big/1.webp
WBKANSBLK023,https://basket-18.wbbasket.ru/vol2959/part295990/295990150/images/big/1.webp
WBKANSBLK025,https://basket-19.wbbasket.ru/vol3160/part316034/316034341/images/big/1.webp
WBKANSBLK029,https://basket-16.wbbasket.ru/vol2471/part247177/247177113/images/big/1.webp
WBKANSBLK031,https://basket-39.wbbasket.ru/vol8951/part895198/895198420/images/big/1.webp
WBKANSBLK032,https://basket-14.wbbasket.ru/vol2102/part210202/210202509/images/big/1.webp
WBKANSBLK033,https://basket-39.wbbasket.ru/vol8951/part895198/895198419/images/big/1.webp
WBKANSBLK034,https://basket-19.wbbasket.ru/vol3160/part316045/316045288/images/big/1.webp
WBKANSBLK035,https://basket-18.wbbasket.ru/vol2959/part295988/295988414/images/big/1.webp
WBKANSBLK037,https://basket-19.wbbasket.ru/vol3162/part316257/316257564/images/big/1.webp
WBKANSBLK038,https://basket-26.wbbasket.ru/vol4571/part457172/457172524/images/big/1.webp
WBKANSBLK040,https://basket-23.wbbasket.ru/vol3937/part393799/393799397/images/big/1.webp
WBKANSBLK041,https://basket-23.wbbasket.ru/vol3937/part393799/393799391/images/big/1.webp
WBKANSBLK047,https://basket-02.wbbasket.ru/vol149/part14916/14916180/images/big/1.webp
WBKANSBLK055,https://basket-19.wbbasket.ru/vol3160/part316034/316034965/images/big/1.webp
WBKANSBLK057,https://basket-18.wbbasket.ru/vol2957/part295764/295764636/images/big/1.webp
WBKANSBLK060,https://basket-18.wbbasket.ru/vol2959/part295985/295985835/images/big/1.webp
WBKANSBLK062,https://basket-33.wbbasket.ru/vol6808/part680889/680889692/images/big/1.webp
WBKANSBLK064,https://basket-23.wbbasket.ru/vol3918/part391861/391861989/images/big/1.webp
WBKANSBLK070,https://basket-28.wbbasket.ru/vol5266/part526603/526603785/images/big/1.webp
WBKANSBLK079,https://basket-18.wbbasket.ru/vol2886/part288633/288633011/images/big/1.webp
WBKANSBLK081,https://basket-18.wbbasket.ru/vol2886/part288632/288632997/images/big/1.webp
WBKANSBLK082,https://basket-03.wbbasket.ru/vol356/part35661/35661370/images/big/1.webp
WBKANSBLK087,https://basket-03.wbbasket.ru/vol405/part40596/40596573/images/big/1.webp
WBKANSBLK089,https://basket-12.wbbasket.ru/vol1893/part189397/189397427/images/big/1.webp
WBKANSBLK091,https://basket-01.wbbasket.ru/vol92/part9298/9298245/images/big/1.webp
WBKANSBLK092,https://basket-12.wbbasket.ru/vol1895/part189582/189582632/images/big/1.webp
WBKANSBLK094,https://basket-18.wbbasket.ru/vol2886/part288633/288633010/images/big/1.webp
WBKANSBLK096,https://basket-01.wbbasket.ru/vol92/part9298/9298248/images/big/1.webp
WBKANSBLK097,https://basket-13.wbbasket.ru/vol2045/part204583/204583015/images/big/1.webp
WBKANSBLK098,https://basket-18.wbbasket.ru/vol2886/part288633/288633007/images/big/1.webp
WBKANSBLK100,https://basket-24.wbbasket.ru/vol4298/part429877/429877947/images/big/1.webp
WBKANSBLK101,https://basket-28.wbbasket.ru/vol5266/part526603/526603866/images/big/1.webp
WBKANSBLK102,https://basket-28.wbbasket.ru/vol5266/part526603/526603803/images/big/1.webp
WBKANSBLK104,https://basket-01.wbbasket.ru/vol125/part12524/12524702/images/big/1.webp
WBKANSBLK105,https://basket-28.wbbasket.ru/vol5266/part526603/526603806/images/big/1.webp
WBKANSBLK106,https://basket-03.wbbasket.ru/vol405/part40596/40596575/images/big/1.webp
WBKANSBLK107,https://basket-28.wbbasket.ru/vol5266/part526603/526603885/images/big/1.webp
WBKANSBLK108,https://basket-28.wbbasket.ru/vol5266/part526603/526603808/images/big/1.webp
WBKANSBLK109,https://basket-34.wbbasket.ru/vol7159/part715995/715995852/images/big/1.webp
WBKANSBLK110,https://basket-01.wbbasket.ru/vol92/part9298/9298246/images/big/1.webp
WBKANSBLK111,https://basket-18.wbbasket.ru/vol2886/part288632/288632977/images/big/1.webp
WBKANSBLK112,https://basket-18.wbbasket.ru/vol2886/part288633/288633042/images/big/1.webp
WBKANSBLK114,https://basket-17.wbbasket.ru/vol2734/part273405/273405276/images/big/1.webp
WBKANSBLK115,https://basket-28.wbbasket.ru/vol5266/part526603/526603867/images/big/1.webp
WBKANSBLK117,https://basket-28.wbbasket.ru/vol5266/part526603/526603802/images/big/1.webp
WBKANSBLK118,https://basket-18.wbbasket.ru/vol2886/part288633/288633045/images/big/1.webp
WBKANSBLK122,https://basket-28.wbbasket.ru/vol5266/part526603/526603812/images/big/1.webp
WBKANSBLK124,https://basket-10.wbbasket.ru/vol1436/part143659/143659658/images/big/1.webp
WBKANSBLK126,https://basket-28.wbbasket.ru/vol5266/part526603/526603871/images/big/1.webp
WBKANSBLK127,https://basket-10.wbbasket.ru/vol1504/part150441/150441228/images/big/1.webp
WBKANSBLK128,https://basket-10.wbbasket.ru/vol1434/part143495/143495241/images/big/1.webp
WBKANSBLK129,https://basket-28.wbbasket.ru/vol5266/part526603/526603869/images/big/1.webp
WBKANSBLK130,https://basket-26.wbbasket.ru/vol4754/part475442/475442599/images/big/1.webp
WBKANSBLK134,https://basket-01.wbbasket.ru/vol89/part8904/8904936/images/big/1.webp
WBKANSBLK135,https://basket-26.wbbasket.ru/vol4754/part475442/475442535/images/big/1.webp
WBKANSBLK140,https://basket-16.wbbasket.ru/vol2619/part261935/261935300/images/big/1.webp
WBKANSBLK144,https://basket-16.wbbasket.ru/vol2619/part261935/261935299/images/big/1.webp
WBKANSBLK152,https://basket-18.wbbasket.ru/vol2886/part288633/288633111/images/big/1.webp
WBKANSBLK153,https://basket-12.wbbasket.ru/vol1895/part189548/189548526/images/big/1.webp
WBKANSBLK156,https://basket-28.wbbasket.ru/vol5449/part544900/544900401/images/big/1.webp
WBKANSBLK158,https://basket-26.wbbasket.ru/vol4754/part475442/475442577/images/big/1.webp
WBKANSBLK160,https://basket-10.wbbasket.ru/vol1436/part143659/143659661/images/big/1.webp
WBKANSBLK161,https://basket-19.wbbasket.ru/vol3078/part307864/307864420/images/big/1.webp
WBKANSBLK162,https://basket-18.wbbasket.ru/vol2886/part288633/288633105/images/big/1.webp
WBKANSBLK164,https://basket-19.wbbasket.ru/vol3078/part307864/307864421/images/big/1.webp
WBKANSBLK165,https://basket-18.wbbasket.ru/vol2886/part288633/288633002/images/big/1.webp
WBKANSBLK166,https://basket-17.wbbasket.ru/vol2681/part268104/268104554/images/big/1.webp
WBKANSBLK167,https://basket-19.wbbasket.ru/vol3078/part307864/307864419/images/big/1.webp
WBKANSBLK171,https://basket-28.wbbasket.ru/vol5266/part526603/526603864/images/big/1.webp
WBKANSBLK173,https://basket-18.wbbasket.ru/vol2886/part288633/288633140/images/big/1.webp
WBKANSBLK177,https://basket-16.wbbasket.ru/vol2619/part261935/261935295/images/big/1.webp
WBKANSBLK179,https://basket-19.wbbasket.ru/vol3126/part312648/312648311/images/big/1.webp
WBKANSBLK180,https://basket-33.wbbasket.ru/vol7021/part702120/702120380/images/big/1.webp
WBKANSBLK182,https://basket-18.wbbasket.ru/vol2886/part288633/288633147/images/big/1.webp
WBKANSBLK183,https://basket-28.wbbasket.ru/vol5266/part526603/526603872/images/big/1.webp
WBKANSBLK184,https://basket-12.wbbasket.ru/vol1895/part189548/189548515/images/big/1.webp
WBKANSBLK185,https://basket-33.wbbasket.ru/vol6872/part687265/687265963/images/big/1.webp
WBKANSBLK187,https://basket-28.wbbasket.ru/vol5266/part526603/526603868/images/big/1.webp
WBKANSBLK188,https://basket-19.wbbasket.ru/vol3074/part307437/307437749/images/big/1.webp
WBKANSBLK189,https://basket-18.wbbasket.ru/vol2886/part288633/288633153/images/big/1.webp
WBKANSBLK190,https://basket-16.wbbasket.ru/vol2619/part261935/261935327/images/big/1.webp
WBKANSBLK191,https://basket-18.wbbasket.ru/vol2886/part288632/288632982/images/big/1.webp
WBKANSBLK193,https://basket-18.wbbasket.ru/vol2886/part288633/288633114/images/big/1.webp
WBKANSBLK195,https://basket-40.wbbasket.ru/vol9243/part924333/924333136/images/big/1.webp
WBKANSBLK196,https://basket-11.wbbasket.ru/vol1651/part165135/165135859/images/big/1.webp
WBKANSBLK197,https://basket-26.wbbasket.ru/vol4754/part475442/475442534/images/big/1.webp
WBKANSBLK198,https://basket-03.wbbasket.ru/vol424/part42460/42460424/images/big/1.webp
WBKANSGU001,https://basket-27.wbbasket.ru/vol5146/part514674/514674526/images/big/1.webp
WBKANSGU002,https://basket-01.wbbasket.ru/vol124/part12478/12478391/images/big/1.webp
WBKANSGU004,https://basket-33.wbbasket.ru/vol6767/part676771/676771637/images/big/1.webp
WBKANSGU005,https://basket-17.wbbasket.ru/vol2687/part268752/268752503/images/big/1.webp
WBKANSGU006,https://basket-12.wbbasket.ru/vol1702/part170208/170208220/images/big/1.webp
WBKANSGU008,https://basket-24.wbbasket.ru/vol4181/part418108/418108332/images/big/1.webp
WBKANSGU010,https://basket-10.wbbasket.ru/vol1469/part146936/146936918/images/big/1.webp
WBKANSGU011,https://basket-12.wbbasket.ru/vol1886/part188682/188682151/images/big/1.webp
WBKANSGU012,https://basket-33.wbbasket.ru/vol6767/part676771/676771622/images/big/1.webp
WBKANSGU013,https://basket-37.wbbasket.ru/vol8041/part804137/804137903/images/big/1.webp
WBKANSGU014,https://basket-01.wbbasket.ru/vol61/part6142/6142279/images/big/1.webp
WBKANSGU015,https://basket-39.wbbasket.ru/vol8794/part879483/879483051/images/big/1.webp
WBKANSGU016,https://basket-33.wbbasket.ru/vol6767/part676771/676771612/images/big/1.webp
WBKANSGU017,https://basket-31.wbbasket.ru/vol6179/part617969/617969320/images/big/1.webp
WBKANSGU018,https://basket-01.wbbasket.ru/vol61/part6142/6142280/images/big/1.webp
WBKANSGU019,https://basket-02.wbbasket.ru/vol283/part28306/28306724/images/big/1.webp
WBKANSGU020,https://basket-12.wbbasket.ru/vol1886/part188682/188682152/images/big/1.webp
WBKANSGU021,https://basket-01.wbbasket.ru/vol133/part13371/13371207/images/big/1.webp
WBKANSGU022,https://basket-39.wbbasket.ru/vol8794/part879483/879483050/images/big/1.webp
WBKANSGU024,https://basket-12.wbbasket.ru/vol1886/part188682/188682149/images/big/1.webp
WBKANSGU025,https://basket-01.wbbasket.ru/vol61/part6142/6142281/images/big/1.webp
WBKANSGU026,https://basket-01.wbbasket.ru/vol119/part11960/11960897/images/big/1.webp
WBKANSGU027,https://basket-04.wbbasket.ru/vol599/part59923/59923166/images/big/1.webp
WBKANSGU028,https://basket-02.wbbasket.ru/vol283/part28306/28306729/images/big/1.webp
WBKANSGU029,https://basket-12.wbbasket.ru/vol1886/part188682/188682150/images/big/1.webp
WBKANSGU030,https://basket-01.wbbasket.ru/vol84/part8473/8473400/images/big/1.webp
WBKANSGU031,https://basket-10.wbbasket.ru/vol1514/part151476/151476850/images/big/1.webp
WBKANSGU032,https://basket-01.wbbasket.ru/vol84/part8473/8473354/images/big/1.webp
WBKANSGU033,https://basket-12.wbbasket.ru/vol1704/part170421/170421343/images/big/1.webp
WBKANSGU034,https://basket-02.wbbasket.ru/vol284/part28495/28495379/images/big/1.webp
WBKANSGU035,https://basket-33.wbbasket.ru/vol6767/part676771/676771632/images/big/1.webp
WBKANSGU036,https://basket-25.wbbasket.ru/vol4496/part449627/449627259/images/big/1.webp
WBKANSGU037,https://basket-12.wbbasket.ru/vol1752/part175289/175289758/images/big/1.webp
WBKANSGU038,https://basket-18.wbbasket.ru/vol3008/part300881/300881372/images/big/1.webp
WBKANSGU039,https://basket-15.wbbasket.ru/vol2310/part231047/231047652/images/big/1.webp
WBKANSGU040,https://basket-41.wbbasket.ru/vol9716/part971656/971656045/images/big/1.webp
WBKANSGU041,https://basket-15.wbbasket.ru/vol2325/part232582/232582057/images/big/1.webp
WBKANSGU042,https://basket-23.wbbasket.ru/vol4121/part412117/412117991/images/big/1.webp
WBKANSGU043,https://basket-10.wbbasket.ru/vol1453/part145355/145355634/images/big/1.webp
WBKANSGU045,https://basket-27.wbbasket.ru/vol5048/part504883/504883809/images/big/1.webp
WBKANSGU046,https://basket-41.wbbasket.ru/vol9716/part971656/971656044/images/big/1.webp
WBKANSGU047,https://basket-03.wbbasket.ru/vol382/part38273/38273870/images/big/1.webp
WBKANSGU048,https://basket-25.wbbasket.ru/vol4496/part449627/449627261/images/big/1.webp
WBKANSGU049,https://basket-12.wbbasket.ru/vol1704/part170421/170421340/images/big/1.webp
WBKANSGU050,https://basket-30.wbbasket.ru/vol6043/part604380/604380976/images/big/1.webp
WBKANSGU051,https://basket-03.wbbasket.ru/vol336/part33633/33633510/images/big/1.webp
WBKANSGU052,https://basket-25.wbbasket.ru/vol4496/part449614/449614475/images/big/1.webp
WBKANSGU053,https://basket-17.wbbasket.ru/vol2755/part275545/275545798/images/big/1.webp
WBKANSGU054,https://basket-37.wbbasket.ru/vol8154/part815470/815470651/images/big/1.webp
WBKANSGU055,https://basket-01.wbbasket.ru/vol61/part6142/6142273/images/big/1.webp
WBKANSGU057,https://basket-05.wbbasket.ru/vol869/part86920/86920669/images/big/1.webp
WBKANSGU058,https://basket-12.wbbasket.ru/vol1678/part167825/167825717/images/big/1.webp
WBKANSGU059,https://basket-04.wbbasket.ru/vol608/part60859/60859205/images/big/1.webp
WBKANSGU060,https://basket-10.wbbasket.ru/vol1432/part143218/143218748/images/big/1.webp
WBKANSGU061,https://basket-10.wbbasket.ru/vol1394/part139434/139434463/images/big/1.webp
WBKANSGU062,https://basket-02.wbbasket.ru/vol154/part15410/15410666/images/big/1.webp
WBKANSGU063,https://basket-02.wbbasket.ru/vol284/part28456/28456157/images/big/1.webp
WBKANSGU064,https://basket-12.wbbasket.ru/vol1714/part171412/171412254/images/big/1.webp
WBKANSGU065,https://basket-12.wbbasket.ru/vol1886/part188682/188682153/images/big/1.webp
WBKANSGU066,https://basket-25.wbbasket.ru/vol4552/part455255/455255369/images/big/1.webp
WBKANSGU067,https://basket-34.wbbasket.ru/vol7328/part732887/732887981/images/big/1.webp
WBKANSGU068,https://basket-23.wbbasket.ru/vol4121/part412117/412117987/images/big/1.webp
WBKANSGU069,https://basket-17.wbbasket.ru/vol2679/part267972/267972630/images/big/1.webp
WBKANSGU070,https://basket-03.wbbasket.ru/vol329/part32988/32988695/images/big/1.webp
WBKANSGU071,https://basket-02.wbbasket.ru/vol277/part27772/27772484/images/big/1.webp
WBKANSGU072,https://basket-10.wbbasket.ru/vol1562/part156253/156253536/images/big/1.webp
WBKANSGU073,https://basket-13.wbbasket.ru/vol2018/part201896/201896920/images/big/1.webp
WBKANSGU074,https://basket-01.wbbasket.ru/vol41/part4196/4196424/images/big/1.webp
WBKANSGU075,https://basket-10.wbbasket.ru/vol1514/part151475/151475679/images/big/1.webp
WBKANSGU076,https://basket-40.wbbasket.ru/vol9270/part927099/927099866/images/big/1.webp
WBKANSGU077,https://basket-14.wbbasket.ru/vol2187/part218777/218777816/images/big/1.webp
WBKANSGU078,https://basket-12.wbbasket.ru/vol1770/part177024/177024887/images/big/1.webp
WBKANSGU079,https://basket-23.wbbasket.ru/vol4121/part412117/412117989/images/big/1.webp
WBKANSGU080,https://basket-02.wbbasket.ru/vol277/part27772/27772486/images/big/1.webp
WBKANSGU081,https://basket-35.wbbasket.ru/vol7681/part768164/768164065/images/big/1.webp
WBKANSGU082,https://basket-02.wbbasket.ru/vol277/part27772/27772491/images/big/1.webp
WBKANSGU083,https://basket-02.wbbasket.ru/vol277/part27772/27772493/images/big/1.webp
WBKANSGU084,https://basket-01.wbbasket.ru/vol61/part6142/6142286/images/big/1.webp
WBKANSGU085,https://basket-42.wbbasket.ru/vol11093/part1109316/1109316078/images/big/1.webp
WBKANSGU086,https://basket-19.wbbasket.ru/vol3122/part312202/312202623/images/big/1.webp
WBKANSGU087,https://basket-10.wbbasket.ru/vol1584/part158418/158418590/images/big/1.webp
WBKANSGU088,https://basket-28.wbbasket.ru/vol5290/part529026/529026531/images/big/1.webp
WBKANSGU089,https://basket-33.wbbasket.ru/vol6767/part676771/676771645/images/big/1.webp
WBKANSGU090,https://basket-16.wbbasket.ru/vol2490/part249083/249083210/images/big/1.webp
WBKANSGU091,https://basket-02.wbbasket.ru/vol283/part28348/28348478/images/big/1.webp
WBKANSGU092,https://basket-10.wbbasket.ru/vol1584/part158411/158411055/images/big/1.webp
WBKANSGU094,https://basket-16.wbbasket.ru/vol2490/part249071/249071542/images/big/1.webp
WBKANSGU095,https://basket-02.wbbasket.ru/vol189/part18976/18976486/images/big/1.webp
WBKANSGU097,https://basket-32.wbbasket.ru/vol6681/part668117/668117556/images/big/1.webp
WBKANSGU099,https://basket-25.wbbasket.ru/vol4497/part449798/449798679/images/big/1.webp
WBKANSGU100,https://basket-10.wbbasket.ru/vol1584/part158411/158411061/images/big/1.webp
WBKANSGU101,https://basket-21.wbbasket.ru/vol3514/part351456/351456050/images/big/1.webp
WBKANSGU102,https://basket-43.wbbasket.ru/vol11400/part1140019/1140019453/images/big/1.webp
WBKANSGU103,https://basket-03.wbbasket.ru/vol329/part32988/32988690/images/big/1.webp
WBKANSGU104,https://basket-28.wbbasket.ru/vol5290/part529026/529026568/images/big/1.webp
WBKANSGU105,https://basket-26.wbbasket.ru/vol4639/part463974/463974830/images/big/1.webp
WBKANSGU106,https://basket-25.wbbasket.ru/vol4497/part449732/449732224/images/big/1.webp
WBKANSGU107,https://basket-17.wbbasket.ru/vol2679/part267980/267980241/images/big/1.webp
WBKANSGU108,https://basket-21.wbbasket.ru/vol3559/part355973/355973167/images/big/1.webp
WBKANSGU109,https://basket-28.wbbasket.ru/vol5290/part529026/529026552/images/big/1.webp
WBKANSGU110,https://basket-12.wbbasket.ru/vol1738/part173876/173876283/images/big/1.webp
WBKANSGU111,https://basket-03.wbbasket.ru/vol329/part32988/32988687/images/big/1.webp
WBKANSGU112,https://basket-02.wbbasket.ru/vol283/part28348/28348463/images/big/1.webp
WBKANSGU113,https://basket-02.wbbasket.ru/vol277/part27772/27772485/images/big/1.webp
WBKANSGU115,https://basket-17.wbbasket.ru/vol2634/part263451/263451177/images/big/1.webp
WBKANSGU116,https://basket-16.wbbasket.ru/vol2471/part247182/247182023/images/big/1.webp
WBKANSGU117,https://basket-18.wbbasket.ru/vol2894/part289454/289454053/images/big/1.webp
WBKANSGU118,https://basket-02.wbbasket.ru/vol284/part28496/28496361/images/big/1.webp
WBKANSGU120,https://basket-10.wbbasket.ru/vol1584/part158411/158411056/images/big/1.webp
WBKANSGU121,https://basket-19.wbbasket.ru/vol3269/part326934/326934144/images/big/1.webp
WBKANSGU122,https://basket-16.wbbasket.ru/vol2485/part248541/248541206/images/big/1.webp
WBKANSGU123,https://basket-01.wbbasket.ru/vol116/part11646/11646251/images/big/1.webp
WBKANSGU124,https://basket-02.wbbasket.ru/vol284/part28495/28495377/images/big/1.webp
WBKANSGU125,https://basket-10.wbbasket.ru/vol1584/part158411/158411050/images/big/1.webp
WBKANSGU126,https://basket-03.wbbasket.ru/vol329/part32988/32988696/images/big/1.webp
WBKANSGU127,https://basket-03.wbbasket.ru/vol329/part32988/32988703/images/big/1.webp
WBKANSGU128,https://basket-32.wbbasket.ru/vol6624/part662489/662489436/images/big/1.webp
WBKANSGU129,https://basket-18.wbbasket.ru/vol2939/part293987/293987590/images/big/1.webp
WBKANSGU130,https://basket-05.wbbasket.ru/vol752/part75209/75209977/images/big/1.webp
WBKANSGU131,https://basket-12.wbbasket.ru/vol1740/part174000/174000640/images/big/1.webp
WBKANSGU132,https://basket-02.wbbasket.ru/vol284/part28495/28495378/images/big/1.webp
WBKANSGU133,https://basket-18.wbbasket.ru/vol2912/part291243/291243291/images/big/1.webp
WBKANSGU134,https://basket-21.wbbasket.ru/vol3674/part367405/367405999/images/big/1.webp
WBKANSGU135,https://basket-39.wbbasket.ru/vol8992/part899226/899226712/images/big/1.webp
WBKANSGU136,https://basket-32.wbbasket.ru/vol6624/part662494/662494978/images/big/1.webp
WBKANSGU137,https://basket-02.wbbasket.ru/vol277/part27772/27772480/images/big/1.webp
WBKANSGU138,https://basket-40.wbbasket.ru/vol9531/part953188/953188926/images/big/1.webp
WBKANSGU139,https://basket-17.wbbasket.ru/vol2775/part277555/277555834/images/big/1.webp
WBKANSGU140,https://basket-02.wbbasket.ru/vol284/part28495/28495376/images/big/1.webp
WBKANSGU141,https://basket-02.wbbasket.ru/vol155/part15533/15533594/images/big/1.webp
WBKANSGU142,https://basket-02.wbbasket.ru/vol284/part28495/28495380/images/big/1.webp
WBKANSGU143,https://basket-35.wbbasket.ru/vol7666/part766657/766657793/images/big/1.webp
WBKANSGU144,https://basket-02.wbbasket.ru/vol284/part28496/28496382/images/big/1.webp
WBKANSGU145,https://basket-31.wbbasket.ru/vol6228/part622868/622868503/images/big/1.webp
WBKANSGU146,https://basket-25.wbbasket.ru/vol4496/part449627/449627260/images/big/1.webp
WBKANSGU147,https://basket-25.wbbasket.ru/vol4554/part455445/455445772/images/big/1.webp
WBKANSGU148,https://basket-03.wbbasket.ru/vol428/part42866/42866725/images/big/1.webp
WBKANSGU149,https://basket-27.wbbasket.ru/vol5146/part514675/514675443/images/big/1.webp
WBKANSGU150,https://basket-18.wbbasket.ru/vol2885/part288566/288566763/images/big/1.webp
WBKANSGU151,https://basket-17.wbbasket.ru/vol2666/part266673/266673394/images/big/1.webp
WBKANSGU152,https://basket-07.wbbasket.ru/vol1102/part110287/110287454/images/big/1.webp
WBKANSGU153,https://basket-12.wbbasket.ru/vol1772/part177283/177283077/images/big/1.webp
WBKANSGU154,https://basket-16.wbbasket.ru/vol2506/part250604/250604691/images/big/1.webp
WBKANSGU155,https://basket-27.wbbasket.ru/vol4905/part490582/490582069/images/big/1.webp
WBKANSGU156,https://basket-12.wbbasket.ru/vol1676/part167628/167628307/images/big/1.webp
WBKANSGU157,https://basket-02.wbbasket.ru/vol277/part27772/27772488/images/big/1.webp
WBKANSGU158,https://basket-03.wbbasket.ru/vol329/part32988/32988697/images/big/1.webp
WBKANSGU159,https://basket-15.wbbasket.ru/vol2340/part234054/234054858/images/big/1.webp
WBKANSGU160,https://basket-32.wbbasket.ru/vol6624/part662491/662491143/images/big/1.webp
WBKANSGU161,https://basket-27.wbbasket.ru/vol5048/part504874/504874535/images/big/1.webp
WBKANSGU162,https://basket-09.wbbasket.ru/vol1222/part122290/122290005/images/big/1.webp
WBKANSGU163,https://basket-27.wbbasket.ru/vol5168/part516880/516880214/images/big/1.webp
WBKANSGU164,https://basket-28.wbbasket.ru/vol5290/part529026/529026536/images/big/1.webp
WBKANSGU165,https://basket-26.wbbasket.ru/vol4784/part478488/478488877/images/big/1.webp
WBKANSGU166,https://basket-21.wbbasket.ru/vol3559/part355973/355973178/images/big/1.webp
WBKANSGU167,https://basket-04.wbbasket.ru/vol653/part65384/65384707/images/big/1.webp
WBKANSGU168,https://basket-01.wbbasket.ru/vol141/part14166/14166813/images/big/1.webp
WBKANSGU170,https://basket-23.wbbasket.ru/vol3998/part399833/399833545/images/big/1.webp
WBKANSGU171,https://basket-42.wbbasket.ru/vol10750/part1075098/1075098145/images/big/1.webp
WBKANSGU172,https://basket-17.wbbasket.ru/vol2837/part283741/283741008/images/big/1.webp
WBKANSGU173,https://basket-33.wbbasket.ru/vol7016/part701638/701638668/images/big/1.webp
WBKANSGU174,https://basket-21.wbbasket.ru/vol3674/part367457/367457135/images/big/1.webp
WBKANSGU176,https://basket-32.wbbasket.ru/vol6624/part662493/662493896/images/big/1.webp
WBKANSGU177,https://basket-27.wbbasket.ru/vol5146/part514674/514674500/images/big/1.webp
WBKANSGU178,https://basket-22.wbbasket.ru/vol3910/part391099/391099399/images/big/1.webp
WBKANSGU179,https://basket-02.wbbasket.ru/vol277/part27772/27772490/images/big/1.webp
WBKANSGU180,https://basket-28.wbbasket.ru/vol5290/part529026/529026553/images/big/1.webp
WBKANSGU181,https://basket-27.wbbasket.ru/vol4946/part494676/494676291/images/big/1.webp
WBKANSGU182,https://basket-01.wbbasket.ru/vol116/part11646/11646266/images/big/1.webp
WBKANSGU183,https://basket-28.wbbasket.ru/vol5290/part529026/529026547/images/big/1.webp
WBKANSGU184,https://basket-02.wbbasket.ru/vol277/part27772/27772492/images/big/1.webp
WBKANSGU185,https://basket-02.wbbasket.ru/vol262/part26242/26242979/images/big/1.webp
WBKANSGU186,https://basket-16.wbbasket.ru/vol2506/part250604/250604694/images/big/1.webp
WBKANSGU187,https://basket-16.wbbasket.ru/vol2490/part249077/249077010/images/big/1.webp
WBKANSGU188,https://basket-28.wbbasket.ru/vol5290/part529026/529026548/images/big/1.webp
WBKANSGU189,https://basket-14.wbbasket.ru/vol2107/part210708/210708636/images/big/1.webp
WBKANSGU190,https://basket-37.wbbasket.ru/vol8167/part816766/816766929/images/big/1.webp
WBKANSGU191,https://basket-26.wbbasket.ru/vol4672/part467293/467293897/images/big/1.webp
WBKANSGU192,https://basket-27.wbbasket.ru/vol5146/part514674/514674483/images/big/1.webp
WBKANSGU193,https://basket-02.wbbasket.ru/vol277/part27772/27772481/images/big/1.webp
WBKANSGU194,https://basket-36.wbbasket.ru/vol7963/part796352/796352624/images/big/1.webp
WBKANSGU195,https://basket-01.wbbasket.ru/vol115/part11592/11592469/images/big/1.webp
WBKANSGU196,https://basket-03.wbbasket.ru/vol329/part32988/32988710/images/big/1.webp
WBKANSGU197,https://basket-21.wbbasket.ru/vol3674/part367404/367404011/images/big/1.webp
WBKANSGU198,https://basket-04.wbbasket.ru/vol717/part71725/71725716/images/big/1.webp
WBKANSGU199,https://basket-01.wbbasket.ru/vol61/part6142/6142283/images/big/1.webp
WBKANSGU200,https://basket-15.wbbasket.ru/vol2379/part237979/237979493/images/big/1.webp
WBKANSKA000,https://basket-41.wbbasket.ru/vol10122/part1012205/1012205328/images/big/1.webp
WBKANSKA001,https://basket-04.wbbasket.ru/vol645/part64510/64510996/images/big/1.webp
WBKANSKA002,https://basket-10.wbbasket.ru/vol1491/part149196/149196048/images/big/1.webp
WBKANSKA003,https://basket-15.wbbasket.ru/vol2254/part225454/225454679/images/big/1.webp
WBKANSKA004,https://basket-22.wbbasket.ru/vol3793/part379328/379328285/images/big/1.webp
WBKANSKA005,https://basket-01.wbbasket.ru/vol46/part4687/4687116/images/big/1.webp
WBKANSKA006,https://basket-30.wbbasket.ru/vol6034/part603426/603426358/images/big/1.webp
WBKANSKA007,https://basket-15.wbbasket.ru/vol2290/part229035/229035536/images/big/1.webp
WBKANSKA008,https://basket-25.wbbasket.ru/vol4540/part454046/454046570/images/big/1.webp
WBKANSKA009,https://basket-02.wbbasket.ru/vol193/part19318/19318987/images/big/1.webp
WBKANSKA010,https://basket-16.wbbasket.ru/vol2599/part259917/259917472/images/big/1.webp
WBKANSKA011,https://basket-20.wbbasket.ru/vol3274/part327496/327496042/images/big/1.webp
WBKANSKA012,https://basket-32.wbbasket.ru/vol6701/part670177/670177170/images/big/1.webp
WBKANSKA013,https://basket-04.wbbasket.ru/vol621/part62144/62144469/images/big/1.webp
WBKANSKA014,https://basket-03.wbbasket.ru/vol376/part37641/37641297/images/big/1.webp
WBKANSKA015,https://basket-40.wbbasket.ru/vol9546/part954631/954631472/images/big/1.webp
WBKANSKA016,https://basket-12.wbbasket.ru/vol1883/part188391/188391349/images/big/1.webp
WBKANSKA017,https://basket-29.wbbasket.ru/vol5714/part571423/571423704/images/big/1.webp
WBKANSKA019,https://basket-02.wbbasket.ru/vol198/part19874/19874019/images/big/1.webp
WBKANSKA020,https://basket-11.wbbasket.ru/vol1631/part163164/163164834/images/big/1.webp
WBKANSKA021,https://basket-05.wbbasket.ru/vol1006/part100656/100656532/images/big/1.webp
WBKANSKA022,https://basket-10.wbbasket.ru/vol1598/part159832/159832150/images/big/1.webp
WBKANSKA024,https://basket-36.wbbasket.ru/vol7832/part783232/783232857/images/big/1.webp
WBKANSKA025,https://basket-37.wbbasket.ru/vol8025/part802564/802564286/images/big/1.webp
WBKANSKA026,https://basket-30.wbbasket.ru/vol5989/part598998/598998206/images/big/1.webp
WBKANSKA027,https://basket-01.wbbasket.ru/vol82/part8202/8202284/images/big/1.webp
WBKANSKA028,https://basket-12.wbbasket.ru/vol1907/part190791/190791681/images/big/1.webp
WBKANSKA029,https://basket-19.wbbasket.ru/vol3069/part306914/306914888/images/big/1.webp
WBKANSKA030,https://basket-40.wbbasket.ru/vol9546/part954631/954631475/images/big/1.webp
WBKANSKA031,https://basket-05.wbbasket.ru/vol816/part81697/81697840/images/big/1.webp
WBKANSKA032,https://basket-41.wbbasket.ru/vol10098/part1009840/1009840433/images/big/1.webp
WBKANSKA033,https://basket-01.wbbasket.ru/vol141/part14195/14195469/images/big/1.webp
WBKANSKA034,https://basket-16.wbbasket.ru/vol2501/part250105/250105389/images/big/1.webp
WBKANSKA035,https://basket-12.wbbasket.ru/vol1658/part165822/165822516/images/big/1.webp
WBKANSKA036,https://basket-16.wbbasket.ru/vol2501/part250105/250105391/images/big/1.webp
WBKANSKA037,https://basket-29.wbbasket.ru/vol5805/part580566/580566128/images/big/1.webp
WBKANSKA038,https://basket-05.wbbasket.ru/vol817/part81792/81792873/images/big/1.webp
WBKANSKA039,https://basket-03.wbbasket.ru/vol356/part35653/35653444/images/big/1.webp
WBKANSKA040,https://basket-31.wbbasket.ru/vol6135/part613516/613516777/images/big/1.webp
WBKANSKA041,https://basket-37.wbbasket.ru/vol8002/part800244/800244131/images/big/1.webp
WBKANSKA042,https://basket-10.wbbasket.ru/vol1545/part154521/154521199/images/big/1.webp
WBKANSKA043,https://basket-37.wbbasket.ru/vol8044/part804416/804416528/images/big/1.webp
WBKANSKA044,https://basket-41.wbbasket.ru/vol9814/part981429/981429091/images/big/1.webp
WBKANSKA045,https://basket-24.wbbasket.ru/vol4250/part425049/425049478/images/big/1.webp
WBKANSKA046,https://basket-24.wbbasket.ru/vol4250/part425049/425049445/images/big/1.webp
WBKANSKA047,https://basket-28.wbbasket.ru/vol5238/part523834/523834357/images/big/1.webp
WBKANSKA048,https://basket-16.wbbasket.ru/vol2562/part256282/256282977/images/big/1.webp
WBKANSKA049,https://basket-37.wbbasket.ru/vol8044/part804428/804428601/images/big/1.webp
WBKANSKA051,https://basket-13.wbbasket.ru/vol2037/part203772/203772661/images/big/1.webp
WBKANSKA052,https://basket-05.wbbasket.ru/vol972/part97265/97265945/images/big/1.webp
WBKANSKA053,https://basket-19.wbbasket.ru/vol3069/part306914/306914886/images/big/1.webp
WBKANSKA054,https://basket-27.wbbasket.ru/vol4968/part496855/496855587/images/big/1.webp
WBKANSKA055,https://basket-10.wbbasket.ru/vol1587/part158747/158747768/images/big/1.webp
WBKANSKA056,https://basket-41.wbbasket.ru/vol10025/part1002560/1002560658/images/big/1.webp
WBKANSKA057,https://basket-20.wbbasket.ru/vol3294/part329440/329440800/images/big/1.webp
WBKANSKA058,https://basket-04.wbbasket.ru/vol520/part52070/52070291/images/big/1.webp
WBKANSKA059,https://basket-15.wbbasket.ru/vol2194/part219423/219423820/images/big/1.webp
WBKANSKA060,https://basket-28.wbbasket.ru/vol5501/part550184/550184369/images/big/1.webp
WBKANSKA062,https://basket-20.wbbasket.ru/vol3354/part335434/335434586/images/big/1.webp
WBKANSKA064,https://basket-29.wbbasket.ru/vol5553/part555366/555366086/images/big/1.webp
WBKANSKA065,https://basket-25.wbbasket.ru/vol4425/part442539/442539562/images/big/1.webp
WBKANSKA066,https://basket-20.wbbasket.ru/vol3441/part344110/344110410/images/big/1.webp
WBKANSKA067,https://basket-16.wbbasket.ru/vol2432/part243202/243202341/images/big/1.webp
WBKANSKA068,https://basket-04.wbbasket.ru/vol665/part66522/66522618/images/big/1.webp
WBKANSKA069,https://basket-12.wbbasket.ru/vol1688/part168810/168810763/images/big/1.webp
WBKANSKA070,https://basket-05.wbbasket.ru/vol817/part81797/81797886/images/big/1.webp
WBKANSKA071,https://basket-10.wbbasket.ru/vol1342/part134235/134235171/images/big/1.webp
WBKANSKA073,https://basket-37.wbbasket.ru/vol8002/part800244/800244133/images/big/1.webp
WBKANSKA074,https://basket-29.wbbasket.ru/vol5553/part555366/555366089/images/big/1.webp
WBKANSKA075,https://basket-01.wbbasket.ru/vol141/part14195/14195470/images/big/1.webp
WBKANSKA076,https://basket-10.wbbasket.ru/vol1545/part154519/154519945/images/big/1.webp
WBKANSKA077,https://basket-36.wbbasket.ru/vol7765/part776505/776505595/images/big/1.webp
WBKANSKA078,https://basket-04.wbbasket.ru/vol579/part57956/57956821/images/big/1.webp
WBKANSKA079,https://basket-02.wbbasket.ru/vol185/part18546/18546580/images/big/1.webp
WBKANSKA080,https://basket-10.wbbasket.ru/vol1545/part154521/154521201/images/big/1.webp
WBKANSKA081,https://basket-26.wbbasket.ru/vol4799/part479943/479943082/images/big/1.webp
WBKANSKA082,https://basket-12.wbbasket.ru/vol1819/part181954/181954443/images/big/1.webp
WBKANSKA083,https://basket-12.wbbasket.ru/vol1680/part168001/168001150/images/big/1.webp
WBKANSKA084,https://basket-43.wbbasket.ru/vol11245/part1124576/1124576107/images/big/1.webp
WBKANSKA085,https://basket-10.wbbasket.ru/vol1518/part151807/151807191/images/big/1.webp
WBKANSKA086,https://basket-19.wbbasket.ru/vol3082/part308291/308291569/images/big/1.webp
WBKANSKA087,https://basket-16.wbbasket.ru/vol2485/part248559/248559129/images/big/1.webp
WBKANSKA088,https://basket-20.wbbasket.ru/vol3270/part327024/327024496/images/big/1.webp
WBKANSKA089,https://basket-15.wbbasket.ru/vol2293/part229315/229315840/images/big/1.webp
WBKANSKA090,https://basket-10.wbbasket.ru/vol1502/part150266/150266595/images/big/1.webp
WBKANSKA091,https://basket-25.wbbasket.ru/vol4538/part453809/453809194/images/big/1.webp
WBKANSKA092,https://basket-03.wbbasket.ru/vol340/part34030/34030293/images/big/1.webp
WBKANSKA093,https://basket-12.wbbasket.ru/vol1754/part175471/175471609/images/big/1.webp
WBKANSKA094,https://basket-24.wbbasket.ru/vol4182/part418218/418218106/images/big/1.webp
WBKANSKA095,https://basket-13.wbbasket.ru/vol2014/part201478/201478178/images/big/1.webp
WBKANSKA096,https://basket-05.wbbasket.ru/vol728/part72800/72800268/images/big/1.webp
WBKANSKA097,https://basket-19.wbbasket.ru/vol3069/part306945/306945870/images/big/1.webp
WBKANSKA098,https://basket-15.wbbasket.ru/vol2211/part221198/221198625/images/big/1.webp
WBKANSKA099,https://basket-20.wbbasket.ru/vol3275/part327596/327596218/images/big/1.webp
WBKANSKA100,https://basket-17.wbbasket.ru/vol2656/part265633/265633550/images/big/1.webp
WBKANSKA101,https://basket-12.wbbasket.ru/vol1822/part182278/182278404/images/big/1.webp
WBKANSKA102,https://basket-10.wbbasket.ru/vol1505/part150587/150587664/images/big/1.webp
WBKANSKA103,https://basket-10.wbbasket.ru/vol1411/part141119/141119674/images/big/1.webp
WBKANSKA104,https://basket-20.wbbasket.ru/vol3408/part340806/340806045/images/big/1.webp
WBKANSKA105,https://basket-29.wbbasket.ru/vol5774/part577475/577475901/images/big/1.webp
WBKANSKA106,https://basket-08.wbbasket.ru/vol1164/part116417/116417565/images/big/1.webp
WBKANSKA107,https://basket-04.wbbasket.ru/vol536/part53605/53605618/images/big/1.webp
WBKANSKA108,https://basket-26.wbbasket.ru/vol4733/part473353/473353177/images/big/1.webp
WBKANSKA109,https://basket-10.wbbasket.ru/vol1558/part155846/155846360/images/big/1.webp
WBKANSKA111,https://basket-26.wbbasket.ru/vol4584/part458402/458402996/images/big/1.webp
WBKANSKA112,https://basket-22.wbbasket.ru/vol3916/part391638/391638310/images/big/1.webp
WBKANSKA113,https://basket-12.wbbasket.ru/vol1680/part168001/168001140/images/big/1.webp
WBKANSKA114,https://basket-18.wbbasket.ru/vol2885/part288563/288563041/images/big/1.webp
WBKANSKA116,https://basket-04.wbbasket.ru/vol686/part68647/68647234/images/big/1.webp
WBKANSKA117,https://basket-03.wbbasket.ru/vol302/part30279/30279677/images/big/1.webp
WBKANSKA118,https://basket-29.wbbasket.ru/vol5774/part577475/577475900/images/big/1.webp
WBKANSKA119,https://basket-01.wbbasket.ru/vol141/part14195/14195475/images/big/1.webp
WBKANSKA120,https://basket-28.wbbasket.ru/vol5447/part544788/544788561/images/big/1.webp
WBKANSKA123,https://basket-29.wbbasket.ru/vol5661/part566106/566106704/images/big/1.webp
WBKANSKA125,https://basket-10.wbbasket.ru/vol1404/part140409/140409763/images/big/1.webp
WBKANSKA126,https://basket-12.wbbasket.ru/vol1904/part190453/190453490/images/big/1.webp
WBKANSKA127,https://basket-18.wbbasket.ru/vol2881/part288116/288116374/images/big/1.webp
WBKANSKA128,https://basket-27.wbbasket.ru/vol5042/part504249/504249331/images/big/1.webp
WBKANSKA129,https://basket-04.wbbasket.ru/vol519/part51999/51999053/images/big/1.webp
WBKANSKA130,https://basket-10.wbbasket.ru/vol1392/part139240/139240456/images/big/1.webp
WBKANSKA132,https://basket-05.wbbasket.ru/vol933/part93384/93384281/images/big/1.webp
WBKANSKA133,https://basket-24.wbbasket.ru/vol4180/part418087/418087404/images/big/1.webp
WBKANSKA134,https://basket-04.wbbasket.ru/vol705/part70580/70580827/images/big/1.webp
WBKANSKA135,https://basket-26.wbbasket.ru/vol4744/part474407/474407688/images/big/1.webp
WBKANSKA136,https://basket-10.wbbasket.ru/vol1539/part153904/153904137/images/big/1.webp
WBKANSKA137,https://basket-12.wbbasket.ru/vol1730/part173063/173063978/images/big/1.webp
WBKANSKA138,https://basket-04.wbbasket.ru/vol536/part53605/53605701/images/big/1.webp
WBKANSKA139,https://basket-25.wbbasket.ru/vol4426/part442650/442650597/images/big/1.webp
WBKANSKA140,https://basket-02.wbbasket.ru/vol147/part14773/14773695/images/big/1.webp
WBKANSKA141,https://basket-15.wbbasket.ru/vol2219/part221990/221990295/images/big/1.webp
WBKANSKA142,https://basket-24.wbbasket.ru/vol4250/part425049/425049450/images/big/1.webp
WBKANSKA143,https://basket-17.wbbasket.ru/vol2818/part281881/281881177/images/big/1.webp
WBKANSKA144,https://basket-01.wbbasket.ru/vol141/part14195/14195476/images/big/1.webp
WBKANSKA145,https://basket-11.wbbasket.ru/vol1608/part160838/160838277/images/big/1.webp
WBKANSKA146,https://basket-16.wbbasket.ru/vol2476/part247632/247632634/images/big/1.webp
WBKANSKA147,https://basket-28.wbbasket.ru/vol5373/part537369/537369535/images/big/1.webp
WBKANSKA148,https://basket-10.wbbasket.ru/vol1587/part158759/158759189/images/big/1.webp
WBKANSKA149,https://basket-12.wbbasket.ru/vol1894/part189488/189488633/images/big/1.webp
WBKANSKA150,https://basket-15.wbbasket.ru/vol2389/part238999/238999183/images/big/1.webp
WBKANSKA151,https://basket-18.wbbasket.ru/vol2890/part289097/289097765/images/big/1.webp
WBKANSKA152,https://basket-28.wbbasket.ru/vol5335/part533530/533530943/images/big/1.webp
WBKANSKA153,https://basket-12.wbbasket.ru/vol1712/part171243/171243499/images/big/1.webp
WBKANSKA154,https://basket-03.wbbasket.ru/vol354/part35455/35455674/images/big/1.webp
WBKANSKA155,https://basket-42.wbbasket.ru/vol10519/part1051931/1051931933/images/big/1.webp
WBKANSKA156,https://basket-41.wbbasket.ru/vol9991/part999135/999135246/images/big/1.webp
WBKANSKA158,https://basket-15.wbbasket.ru/vol2215/part221532/221532095/images/big/1.webp
WBKANSKA159,https://basket-30.wbbasket.ru/vol5861/part586169/586169183/images/big/1.webp
WBKANSKA160,https://basket-27.wbbasket.ru/vol4990/part499090/499090155/images/big/1.webp
WBKANSKA161,https://basket-10.wbbasket.ru/vol1566/part156650/156650461/images/big/1.webp
WBKANSKA162,https://basket-01.wbbasket.ru/vol141/part14195/14195468/images/big/1.webp
WBKANSKA163,https://basket-38.wbbasket.ru/vol8611/part861187/861187355/images/big/1.webp
WBKANSKA164,https://basket-03.wbbasket.ru/vol340/part34030/34030261/images/big/1.webp
WBKANSKA166,https://basket-38.wbbasket.ru/vol8504/part850492/850492090/images/big/1.webp
WBKANSKA167,https://basket-01.wbbasket.ru/vol141/part14195/14195471/images/big/1.webp
WBKANSKA168,https://basket-03.wbbasket.ru/vol373/part37383/37383107/images/big/1.webp
WBKANSKA169,https://basket-15.wbbasket.ru/vol2402/part240257/240257326/images/big/1.webp
WBKANSKA170,https://basket-01.wbbasket.ru/vol98/part9828/9828909/images/big/1.webp
WBKANSKA171,https://basket-04.wbbasket.ru/vol578/part57830/57830866/images/big/1.webp
WBKANSKA172,https://basket-36.wbbasket.ru/vol7905/part790546/790546388/images/big/1.webp
WBKANSKA174,https://basket-16.wbbasket.ru/vol2485/part248559/248559121/images/big/1.webp
WBKANSKA175,https://basket-12.wbbasket.ru/vol1689/part168922/168922448/images/big/1.webp
WBKANSKA176,https://basket-03.wbbasket.ru/vol302/part30279/30279717/images/big/1.webp
WBKANSKA177,https://basket-29.wbbasket.ru/vol5553/part555397/555397648/images/big/1.webp
WBKANSKA178,https://basket-12.wbbasket.ru/vol1908/part190844/190844760/images/big/1.webp
WBKANSKA179,https://basket-27.wbbasket.ru/vol4948/part494839/494839992/images/big/1.webp
WBKANSKA180,https://basket-01.wbbasket.ru/vol132/part13273/13273423/images/big/1.webp
WBKANSKA181,https://basket-06.wbbasket.ru/vol1028/part102834/102834468/images/big/1.webp
WBKANSKA182,https://basket-04.wbbasket.ru/vol645/part64500/64500484/images/big/1.webp
WBKANSKA183,https://basket-04.wbbasket.ru/vol645/part64512/64512674/images/big/1.webp
WBKANSKA184,https://basket-04.wbbasket.ru/vol659/part65939/65939080/images/big/1.webp
WBKANSKA185,https://basket-04.wbbasket.ru/vol611/part61167/61167797/images/big/1.webp
WBKANSKA186,https://basket-10.wbbasket.ru/vol1491/part149196/149196052/images/big/1.webp
WBKANSKA187,https://basket-10.wbbasket.ru/vol1472/part147265/147265760/images/big/1.webp
WBKANSKA188,https://basket-10.wbbasket.ru/vol1438/part143896/143896507/images/big/1.webp
WBKANSKA189,https://basket-10.wbbasket.ru/vol1435/part143555/143555109/images/big/1.webp
WBKANSKA190,https://basket-01.wbbasket.ru/vol99/part9986/9986858/images/big/1.webp
WBKANSKA191,https://basket-01.wbbasket.ru/vol91/part9136/9136690/images/big/1.webp
WBKANSKA192,https://basket-01.wbbasket.ru/vol96/part9698/9698445/images/big/1.webp
WBKANSKA193,https://basket-05.wbbasket.ru/vol753/part75363/75363884/images/big/1.webp
WBKANSKA194,https://basket-04.wbbasket.ru/vol700/part70090/70090491/images/big/1.webp
WBKANSKA195,https://basket-05.wbbasket.ru/vol787/part78793/78793020/images/big/1.webp
WBKANSKA196,https://basket-05.wbbasket.ru/vol752/part75241/75241216/images/big/1.webp
WBKANSKA197,https://basket-03.wbbasket.ru/vol303/part30385/30385906/images/big/1.webp
WBKANSKA198,https://basket-03.wbbasket.ru/vol389/part38934/38934735/images/big/1.webp
WBKANSKA199,https://basket-03.wbbasket.ru/vol364/part36491/36491584/images/big/1.webp
WBKANSKAR188,https://basket-08.wbbasket.ru/vol1148/part114885/114885018/images/big/1.webp
WBKANSKIS0019,https://basket-16.wbbasket.ru/vol2574/part257409/257409780/images/big/1.webp
WBKANSKIS0064,https://basket-15.wbbasket.ru/vol2347/part234723/234723411/images/big/1.webp
WBKANSKIS0081,https://basket-01.wbbasket.ru/vol64/part6454/6454676/images/big/1.webp
WBKANSKIS0085,https://basket-43.wbbasket.ru/vol11245/part1124549/1124549494/images/big/1.webp
WBKANSKIS0088,https://basket-26.wbbasket.ru/vol4816/part481668/481668066/images/big/1.webp
WBKANSKIS0096,https://basket-09.wbbasket.ru/vol1191/part119194/119194048/images/big/1.webp
WBKANSKIS0113,https://basket-02.wbbasket.ru/vol283/part28366/28366033/images/big/1.webp
WBKANSKIS0136,https://basket-05.wbbasket.ru/vol839/part83953/83953472/images/big/1.webp
WBKANSKIS0164,https://basket-10.wbbasket.ru/vol1429/part142966/142966696/images/big/1.webp
WBKANSLI003,https://basket-12.wbbasket.ru/vol1866/part186667/186667503/images/big/1.webp
WBKANSLI007,https://basket-15.wbbasket.ru/vol2228/part222871/222871870/images/big/1.webp
WBKANSLI010,https://basket-01.wbbasket.ru/vol124/part12419/12419162/images/big/1.webp
WBKANSLI021,https://basket-01.wbbasket.ru/vol106/part10691/10691422/images/big/1.webp
WBKANSLI030,https://basket-10.wbbasket.ru/vol1497/part149763/149763844/images/big/1.webp
WBKANSLI061,https://basket-38.wbbasket.ru/vol8311/part831178/831178287/images/big/1.webp
WBKANSLI072,https://basket-03.wbbasket.ru/vol390/part39058/39058528/images/big/1.webp
WBKANSLI085,https://basket-43.wbbasket.ru/vol11358/part1135868/1135868599/images/big/1.webp
WBKANSLI107,https://basket-28.wbbasket.ru/vol5263/part526392/526392194/images/big/1.webp
WBKANSLI115,https://basket-12.wbbasket.ru/vol1828/part182863/182863487/images/big/1.webp
WBKANSLI124,https://basket-35.wbbasket.ru/vol7563/part756351/756351129/images/big/1.webp
WBKANSLI133,https://basket-12.wbbasket.ru/vol1828/part182832/182832168/images/big/1.webp
WBKANSLI174,https://basket-29.wbbasket.ru/vol5555/part555502/555502694/images/big/1.webp
WBKANSLI186,https://basket-01.wbbasket.ru/vol106/part10691/10691426/images/big/1.webp
WBKANSLI191,https://basket-01.wbbasket.ru/vol106/part10691/10691416/images/big/1.webp
WBKANSLI192,https://basket-02.wbbasket.ru/vol169/part16947/16947101/images/big/1.webp
WBKANSLI218,https://basket-14.wbbasket.ru/vol2167/part216799/216799014/images/big/1.webp
WBKANSLI229,https://basket-01.wbbasket.ru/vol106/part10691/10691427/images/big/1.webp
WBKANSLI239,https://basket-02.wbbasket.ru/vol169/part16947/16947066/images/big/1.webp
WBKANSLI243,https://basket-12.wbbasket.ru/vol1817/part181717/181717085/images/big/1.webp
WBKANSLI246,https://basket-12.wbbasket.ru/vol1692/part169232/169232783/images/big/1.webp
WBKANSLI261,https://basket-03.wbbasket.ru/vol404/part40434/40434738/images/big/1.webp
WBKANSLI287,https://basket-15.wbbasket.ru/vol2310/part231043/231043530/images/big/1.webp
WBKANSLI294,https://basket-35.wbbasket.ru/vol7563/part756368/756368744/images/big/1.webp
WBKANSMAR001,https://basket-19.wbbasket.ru/vol3222/part322271/322271836/images/big/1.webp
WBKANSMAR002,https://basket-20.wbbasket.ru/vol3405/part340573/340573003/images/big/1.webp
WBKANSMAR003,https://basket-02.wbbasket.ru/vol179/part17963/17963065/images/big/1.webp
WBKANSMAR004,https://basket-18.wbbasket.ru/vol2995/part299575/299575125/images/big/1.webp
WBKANSMAR005,https://basket-20.wbbasket.ru/vol3405/part340573/340573005/images/big/1.webp
WBKANSMAR006,https://basket-02.wbbasket.ru/vol173/part17309/17309166/images/big/1.webp
WBKANSMAR007,https://basket-24.wbbasket.ru/vol4344/part434482/434482821/images/big/1.webp
WBKANSMAR008,https://basket-01.wbbasket.ru/vol47/part4709/4709073/images/big/1.webp
WBKANSMAR009,https://basket-16.wbbasket.ru/vol2502/part250291/250291882/images/big/1.webp
WBKANSMAR010,https://basket-19.wbbasket.ru/vol3146/part314667/314667993/images/big/1.webp
WBKANSMAR011,https://basket-02.wbbasket.ru/vol184/part18479/18479938/images/big/1.webp
WBKANSMAR012,https://basket-04.wbbasket.ru/vol582/part58254/58254624/images/big/1.webp
WBKANSMAR013,https://basket-02.wbbasket.ru/vol174/part17458/17458700/images/big/1.webp
WBKANSMAR014,https://basket-15.wbbasket.ru/vol2373/part237337/237337671/images/big/1.webp
WBKANSMAR015,https://basket-02.wbbasket.ru/vol174/part17458/17458699/images/big/1.webp
WBKANSMAR016,https://basket-02.wbbasket.ru/vol174/part17458/17458706/images/big/1.webp
WBKANSMAR017,https://basket-12.wbbasket.ru/vol1826/part182625/182625379/images/big/1.webp
WBKANSMAR018,https://basket-20.wbbasket.ru/vol3280/part328050/328050216/images/big/1.webp
WBKANSMAR019,https://basket-10.wbbasket.ru/vol1589/part158943/158943346/images/big/1.webp
WBKANSMAR020,https://basket-04.wbbasket.ru/vol455/part45552/45552717/images/big/1.webp
WBKANSMAR021,https://basket-31.wbbasket.ru/vol6155/part615512/615512836/images/big/1.webp
WBKANSMAR022,https://basket-16.wbbasket.ru/vol2591/part259166/259166075/images/big/1.webp
WBKANSMAR023,https://basket-02.wbbasket.ru/vol211/part21145/21145595/images/big/1.webp
WBKANSMAR024,https://basket-21.wbbasket.ru/vol3677/part367737/367737213/images/big/1.webp
WBKANSMAR025,https://basket-17.wbbasket.ru/vol2771/part277117/277117804/images/big/1.webp
WBKANSMAR026,https://basket-15.wbbasket.ru/vol2373/part237333/237333113/images/big/1.webp
WBKANSMAR027,https://basket-16.wbbasket.ru/vol2594/part259440/259440167/images/big/1.webp
WBKANSMAR028,https://basket-02.wbbasket.ru/vol174/part17458/17458701/images/big/1.webp
WBKANSMAR029,https://basket-15.wbbasket.ru/vol2340/part234072/234072215/images/big/1.webp
WBKANSMAR030,https://basket-02.wbbasket.ru/vol174/part17458/17458707/images/big/1.webp
WBKANSMAR031,https://basket-15.wbbasket.ru/vol2373/part237336/237336642/images/big/1.webp
WBKANSMAR032,https://basket-37.wbbasket.ru/vol8228/part822893/822893829/images/big/1.webp
WBKANSMAR033,https://basket-04.wbbasket.ru/vol655/part65577/65577063/images/big/1.webp
WBKANSMAR034,https://basket-37.wbbasket.ru/vol8104/part810405/810405706/images/big/1.webp
WBKANSMAR035,https://basket-38.wbbasket.ru/vol8317/part831741/831741167/images/big/1.webp
WBKANSMAR036,https://basket-12.wbbasket.ru/vol1686/part168600/168600256/images/big/1.webp
WBKANSMAR037,https://basket-27.wbbasket.ru/vol5166/part516665/516665927/images/big/1.webp
WBKANSMAR038,https://basket-19.wbbasket.ru/vol3072/part307240/307240191/images/big/1.webp
WBKANSMAR039,https://basket-23.wbbasket.ru/vol4123/part412352/412352947/images/big/1.webp
WBKANSMAR040,https://basket-12.wbbasket.ru/vol1667/part166770/166770915/images/big/1.webp
WBKANSMAR041,https://basket-40.wbbasket.ru/vol9554/part955418/955418546/images/big/1.webp
WBKANSMAR042,https://basket-20.wbbasket.ru/vol3276/part327626/327626053/images/big/1.webp
WBKANSMAR043,https://basket-40.wbbasket.ru/vol9492/part949229/949229658/images/big/1.webp
WBKANSMAR044,https://basket-02.wbbasket.ru/vol179/part17963/17963074/images/big/1.webp
WBKANSMAR045,https://basket-15.wbbasket.ru/vol2195/part219531/219531775/images/big/1.webp
WBKANSMAR046,https://basket-15.wbbasket.ru/vol2340/part234075/234075827/images/big/1.webp
WBKANSMAR047,https://basket-02.wbbasket.ru/vol174/part17458/17458708/images/big/1.webp
WBKANSMAR048,https://basket-35.wbbasket.ru/vol7550/part755027/755027125/images/big/1.webp
WBKANSMAR049,https://basket-26.wbbasket.ru/vol4604/part460434/460434545/images/big/1.webp
WBKANSMAR050,https://basket-34.wbbasket.ru/vol7116/part711698/711698402/images/big/1.webp
WBKANSMAR051,https://basket-15.wbbasket.ru/vol2340/part234068/234068530/images/big/1.webp
WBKANSMAR053,https://basket-30.wbbasket.ru/vol5870/part587030/587030302/images/big/1.webp
WBKANSMAR054,https://basket-27.wbbasket.ru/vol4958/part495888/495888874/images/big/1.webp
WBKANSMAR055,https://basket-33.wbbasket.ru/vol6817/part681705/681705098/images/big/1.webp
WBKANSMAR056,https://basket-20.wbbasket.ru/vol3270/part327058/327058752/images/big/1.webp
WBKANSMAR058,https://basket-35.wbbasket.ru/vol7550/part755027/755027086/images/big/1.webp
WBKANSMAR060,https://basket-14.wbbasket.ru/vol2181/part218146/218146279/images/big/1.webp
WBKANSMAR061,https://basket-13.wbbasket.ru/vol1981/part198112/198112946/images/big/1.webp
WBKANSMAR062,https://basket-20.wbbasket.ru/vol3386/part338641/338641964/images/big/1.webp
WBKANSMAR064,https://basket-38.wbbasket.ru/vol8587/part858787/858787901/images/big/1.webp
WBKANSMAR065,https://basket-01.wbbasket.ru/vol47/part4709/4709072/images/big/1.webp
WBKANSMAR066,https://basket-19.wbbasket.ru/vol3222/part322271/322271835/images/big/1.webp
WBKANSMAR067,https://basket-01.wbbasket.ru/vol142/part14245/14245513/images/big/1.webp
WBKANSMAR068,https://basket-01.wbbasket.ru/vol113/part11305/11305588/images/big/1.webp
WBKANSMAR069,https://basket-40.wbbasket.ru/vol9492/part949229/949229631/images/big/1.webp
WBKANSMAR070,https://basket-01.wbbasket.ru/vol140/part14009/14009582/images/big/1.webp
WBKANSMAR071,https://basket-36.wbbasket.ru/vol7710/part771025/771025995/images/big/1.webp
WBKANSMAR072,https://basket-26.wbbasket.ru/vol4604/part460434/460434552/images/big/1.webp
WBKANSMAR073,https://basket-13.wbbasket.ru/vol2003/part200351/200351771/images/big/1.webp
WBKANSMAR074,https://basket-37.wbbasket.ru/vol8228/part822893/822893830/images/big/1.webp
WBKANSMAR075,https://basket-35.wbbasket.ru/vol7549/part754981/754981975/images/big/1.webp
WBKANSMAR076,https://basket-26.wbbasket.ru/vol4604/part460434/460434546/images/big/1.webp
WBKANSMAR077,https://basket-18.wbbasket.ru/vol2984/part298424/298424970/images/big/1.webp
WBKANSMAR078,https://basket-40.wbbasket.ru/vol9492/part949229/949229652/images/big/1.webp
WBKANSMAR080,https://basket-02.wbbasket.ru/vol174/part17458/17458697/images/big/1.webp
WBKANSMAR081,https://basket-19.wbbasket.ru/vol3100/part310040/310040367/images/big/1.webp
WBKANSMAR082,https://basket-23.wbbasket.ru/vol3976/part397667/397667596/images/big/1.webp
WBKANSMAR083,https://basket-21.wbbasket.ru/vol3494/part349422/349422170/images/big/1.webp
WBKANSMAR084,https://basket-15.wbbasket.ru/vol2345/part234568/234568354/images/big/1.webp
WBKANSMAR085,https://basket-42.wbbasket.ru/vol11097/part1109778/1109778092/images/big/1.webp
WBKANSMAR086,https://basket-13.wbbasket.ru/vol2003/part200351/200351773/images/big/1.webp
WBKANSMAR087,https://basket-12.wbbasket.ru/vol1667/part166770/166770914/images/big/1.webp
WBKANSMAR088,https://basket-35.wbbasket.ru/vol7550/part755027/755027105/images/big/1.webp
WBKANSMAR089,https://basket-26.wbbasket.ru/vol4865/part486573/486573541/images/big/1.webp
WBKANSMAR090,https://basket-05.wbbasket.ru/vol919/part91982/91982171/images/big/1.webp
WBKANSMAR091,https://basket-05.wbbasket.ru/vol728/part72861/72861553/images/big/1.webp
WBKANSMAR092,https://basket-40.wbbasket.ru/vol9492/part949229/949229661/images/big/1.webp
WBKANSMAR093,https://basket-03.wbbasket.ru/vol412/part41249/41249564/images/big/1.webp
WBKANSMAR094,https://basket-40.wbbasket.ru/vol9492/part949229/949229629/images/big/1.webp
WBKANSMAR095,https://basket-19.wbbasket.ru/vol3108/part310890/310890390/images/big/1.webp
WBKANSMAR096,https://basket-24.wbbasket.ru/vol4344/part434480/434480230/images/big/1.webp
WBKANSMAR097,https://basket-27.wbbasket.ru/vol4958/part495877/495877754/images/big/1.webp
WBKANSMAR098,https://basket-18.wbbasket.ru/vol2886/part288632/288632697/images/big/1.webp
WBKANSMAR099,https://basket-26.wbbasket.ru/vol4865/part486575/486575472/images/big/1.webp
WBKANSMAR100,https://basket-09.wbbasket.ru/vol1311/part131138/131138207/images/big/1.webp
WBKANSMAR101,https://basket-19.wbbasket.ru/vol3146/part314667/314667994/images/big/1.webp
WBKANSMAR102,https://basket-12.wbbasket.ru/vol1667/part166770/166770916/images/big/1.webp
WBKANSMAR103,https://basket-19.wbbasket.ru/vol3253/part325378/325378653/images/big/1.webp
WBKANSMAR104,https://basket-27.wbbasket.ru/vol5050/part505010/505010539/images/big/1.webp
WBKANSMAR105,https://basket-10.wbbasket.ru/vol1589/part158943/158943345/images/big/1.webp
WBKANSMAR106,https://basket-19.wbbasket.ru/vol3146/part314667/314667991/images/big/1.webp
WBKANSMAR107,https://basket-19.wbbasket.ru/vol3108/part310865/310865920/images/big/1.webp
WBKANSMAR108,https://basket-10.wbbasket.ru/vol1522/part152242/152242763/images/big/1.webp
WBKANSMAR110,https://basket-39.wbbasket.ru/vol8788/part878817/878817535/images/big/1.webp
WBKANSMAR111,https://basket-36.wbbasket.ru/vol7883/part788376/788376628/images/big/1.webp
WBKANSMAR112,https://basket-04.wbbasket.ru/vol655/part65569/65569668/images/big/1.webp
WBKANSMAR113,https://basket-17.wbbasket.ru/vol2771/part277113/277113430/images/big/1.webp
WBKANSMAR114,https://basket-41.wbbasket.ru/vol9853/part985373/985373023/images/big/1.webp
WBKANSMAR115,https://basket-17.wbbasket.ru/vol2771/part277108/277108833/images/big/1.webp
WBKANSMAR116,https://basket-33.wbbasket.ru/vol6809/part680903/680903514/images/big/1.webp
WBKANSMAR117,https://basket-02.wbbasket.ru/vol186/part18660/18660041/images/big/1.webp
WBKANSMAR118,https://basket-16.wbbasket.ru/vol2469/part246922/246922903/images/big/1.webp
WBKANSMAR119,https://basket-29.wbbasket.ru/vol5576/part557632/557632781/images/big/1.webp
WBKANSMAR120,https://basket-01.wbbasket.ru/vol106/part10670/10670382/images/big/1.webp
WBKANSMAR121,https://basket-26.wbbasket.ru/vol4601/part460153/460153719/images/big/1.webp
WBKANSMAR122,https://basket-13.wbbasket.ru/vol1972/part197265/197265480/images/big/1.webp
WBKANSMAR123,https://basket-12.wbbasket.ru/vol1667/part166770/166770918/images/big/1.webp
WBKANSMAR124,https://basket-27.wbbasket.ru/vol4950/part495015/495015919/images/big/1.webp
WBKANSMAR125,https://basket-01.wbbasket.ru/vol70/part7039/7039585/images/big/1.webp
WBKANSMAR126,https://basket-38.wbbasket.ru/vol8356/part835644/835644651/images/big/1.webp
WBKANSMAR128,https://basket-12.wbbasket.ru/vol1659/part165926/165926611/images/big/1.webp
WBKANSMAR129,https://basket-19.wbbasket.ru/vol3108/part310882/310882795/images/big/1.webp
WBKANSMAR130,https://basket-19.wbbasket.ru/vol3100/part310040/310040365/images/big/1.webp
WBKANSMAR131,https://basket-04.wbbasket.ru/vol503/part50340/50340236/images/big/1.webp
WBKANSMAR132,https://basket-26.wbbasket.ru/vol4572/part457205/457205406/images/big/1.webp
WBKANSMAR133,https://basket-09.wbbasket.ru/vol1258/part125849/125849127/images/big/1.webp
WBKANSMAR134,https://basket-14.wbbasket.ru/vol2089/part208988/208988551/images/big/1.webp
WBKANSMAR135,https://basket-12.wbbasket.ru/vol1907/part190723/190723574/images/big/1.webp
WBKANSMAR136,https://basket-16.wbbasket.ru/vol2594/part259441/259441476/images/big/1.webp
WBKANSMAR137,https://basket-05.wbbasket.ru/vol833/part83332/83332910/images/big/1.webp
WBKANSMAR138,https://basket-10.wbbasket.ru/vol1507/part150761/150761880/images/big/1.webp
WBKANSMAR139,https://basket-17.wbbasket.ru/vol2771/part277119/277119441/images/big/1.webp
WBKANSMAR140,https://basket-18.wbbasket.ru/vol2984/part298424/298424971/images/big/1.webp
WBKANSMAR141,https://basket-10.wbbasket.ru/vol1343/part134311/134311206/images/big/1.webp
WBKANSMAR142,https://basket-02.wbbasket.ru/vol149/part14916/14916184/images/big/1.webp
WBKANSMAR143,https://basket-16.wbbasket.ru/vol2456/part245695/245695229/images/big/1.webp
WBKANSMAR144,https://basket-22.wbbasket.ru/vol3917/part391759/391759185/images/big/1.webp
WBKANSMAR145,https://basket-29.wbbasket.ru/vol5689/part568910/568910822/images/big/1.webp
WBKANSMAR146,https://basket-38.wbbasket.ru/vol8484/part848421/848421912/images/big/1.webp
WBKANSMAR147,https://basket-29.wbbasket.ru/vol5754/part575418/575418601/images/big/1.webp
WBKANSMAR148,https://basket-16.wbbasket.ru/vol2527/part252768/252768523/images/big/1.webp
WBKANSMAR149,https://basket-20.wbbasket.ru/vol3346/part334638/334638384/images/big/1.webp
WBKANSMAR150,https://basket-19.wbbasket.ru/vol3108/part310896/310896233/images/big/1.webp
WBKANSMAR152,https://basket-05.wbbasket.ru/vol876/part87655/87655922/images/big/1.webp
WBKANSMAR153,https://basket-18.wbbasket.ru/vol2886/part288632/288632701/images/big/1.webp
WBKANSMAR154,https://basket-10.wbbasket.ru/vol1416/part141642/141642221/images/big/1.webp
WBKANSMAR155,https://basket-15.wbbasket.ru/vol2195/part219521/219521835/images/big/1.webp
WBKANSMAR156,https://basket-22.wbbasket.ru/vol3791/part379115/379115288/images/big/1.webp
WBKANSMAR157,https://basket-01.wbbasket.ru/vol126/part12643/12643250/images/big/1.webp
WBKANSMAR158,https://basket-10.wbbasket.ru/vol1396/part139648/139648570/images/big/1.webp
WBKANSMAR159,https://basket-19.wbbasket.ru/vol3222/part322271/322271838/images/big/1.webp
WBKANSMAR160,https://basket-13.wbbasket.ru/vol2027/part202715/202715805/images/big/1.webp
WBKANSMAR161,https://basket-19.wbbasket.ru/vol3108/part310860/310860247/images/big/1.webp
WBKANSMAR162,https://basket-16.wbbasket.ru/vol2527/part252768/252768522/images/big/1.webp
WBKANSMAR163,https://basket-02.wbbasket.ru/vol278/part27864/27864283/images/big/1.webp
WBKANSMAR165,https://basket-22.wbbasket.ru/vol3917/part391759/391759188/images/big/1.webp
WBKANSMAR166,https://basket-03.wbbasket.ru/vol332/part33274/33274183/images/big/1.webp
WBKANSMAR167,https://basket-25.wbbasket.ru/vol4508/part450861/450861508/images/big/1.webp
WBKANSMAR168,https://basket-25.wbbasket.ru/vol4356/part435687/435687961/images/big/1.webp
WBKANSMAR169,https://basket-19.wbbasket.ru/vol3108/part310863/310863872/images/big/1.webp
WBKANSMAR170,https://basket-16.wbbasket.ru/vol2527/part252768/252768521/images/big/1.webp
WBKANSMAR171,https://basket-37.wbbasket.ru/vol8021/part802151/802151916/images/big/1.webp
WBKANSMAR172,https://basket-14.wbbasket.ru/vol2089/part208992/208992310/images/big/1.webp
WBKANSMAR173,https://basket-15.wbbasket.ru/vol2254/part225414/225414400/images/big/1.webp
WBKANSMAR174,https://basket-30.wbbasket.ru/vol5929/part592917/592917573/images/big/1.webp
WBKANSMAR175,https://basket-10.wbbasket.ru/vol1587/part158721/158721679/images/big/1.webp
WBKANSMAR177,https://basket-10.wbbasket.ru/vol1589/part158943/158943343/images/big/1.webp
WBKANSMAR179,https://basket-14.wbbasket.ru/vol2048/part204885/204885469/images/big/1.webp
WBKANSMAR180,https://basket-16.wbbasket.ru/vol2456/part245695/245695295/images/big/1.webp
WBKANSMAR181,https://basket-12.wbbasket.ru/vol1703/part170364/170364355/images/big/1.webp
WBKANSMAR182,https://basket-12.wbbasket.ru/vol1793/part179312/179312668/images/big/1.webp
WBKANSMAR183,https://basket-19.wbbasket.ru/vol3061/part306189/306189071/images/big/1.webp
WBKANSMAR184,https://basket-14.wbbasket.ru/vol2048/part204849/204849134/images/big/1.webp
WBKANSMAR185,https://basket-12.wbbasket.ru/vol1681/part168163/168163183/images/big/1.webp
WBKANSMAR186,https://basket-12.wbbasket.ru/vol1659/part165924/165924162/images/big/1.webp
WBKANSMAR187,https://basket-16.wbbasket.ru/vol2608/part260825/260825421/images/big/1.webp
WBKANSMAR188,https://basket-10.wbbasket.ru/vol1589/part158943/158943342/images/big/1.webp
WBKANSMAR189,https://basket-15.wbbasket.ru/vol2196/part219601/219601433/images/big/1.webp
WBKANSMAR190,https://basket-10.wbbasket.ru/vol1522/part152242/152242764/images/big/1.webp
WBKANSMAR191,https://basket-19.wbbasket.ru/vol3253/part325381/325381445/images/big/1.webp
WBKANSMAR192,https://basket-12.wbbasket.ru/vol1722/part172215/172215292/images/big/1.webp
WBKANSMAR193,https://basket-13.wbbasket.ru/vol1958/part195848/195848306/images/big/1.webp
WBKANSMAR194,https://basket-19.wbbasket.ru/vol3109/part310900/310900179/images/big/1.webp
WBKANSMAR195,https://basket-16.wbbasket.ru/vol2608/part260814/260814861/images/big/1.webp
WBKANSMAR196,https://basket-13.wbbasket.ru/vol2003/part200351/200351770/images/big/1.webp
WBKANSMAR197,https://basket-21.wbbasket.ru/vol3556/part355625/355625518/images/big/1.webp
WBKANSMAR198,https://basket-16.wbbasket.ru/vol2456/part245695/245695333/images/big/1.webp
WBKANSMAR199,https://basket-15.wbbasket.ru/vol2210/part221023/221023850/images/big/1.webp
WBKANSMAR200,https://basket-10.wbbasket.ru/vol1557/part155705/155705728/images/big/1.webp
WBKANSMAR201,https://basket-19.wbbasket.ru/vol3054/part305472/305472771/images/big/1.webp
WBKANSMAR202,https://basket-10.wbbasket.ru/vol1408/part140896/140896097/images/big/1.webp
WBKANSMAR203,https://basket-38.wbbasket.ru/vol8484/part848405/848405570/images/big/1.webp
WBKANSMAR204,https://basket-12.wbbasket.ru/vol1858/part185846/185846833/images/big/1.webp
WBKANSMAR205,https://basket-16.wbbasket.ru/vol2608/part260816/260816634/images/big/1.webp
WBKANSMAR206,https://basket-02.wbbasket.ru/vol211/part21145/21145593/images/big/1.webp
WBKANSMAR207,https://basket-04.wbbasket.ru/vol497/part49705/49705634/images/big/1.webp
WBKANSMAR208,https://basket-12.wbbasket.ru/vol1881/part188163/188163839/images/big/1.webp
WBKANSMAR209,https://basket-13.wbbasket.ru/vol1978/part197813/197813402/images/big/1.webp
WBKANSMAR210,https://basket-15.wbbasket.ru/vol2210/part221023/221023847/images/big/1.webp
WBKANSMAR211,https://basket-03.wbbasket.ru/vol332/part33274/33274195/images/big/1.webp
WBKANSMAR212,https://basket-09.wbbasket.ru/vol1311/part131138/131138608/images/big/1.webp
WBKANSMAR214,https://basket-02.wbbasket.ru/vol174/part17458/17458698/images/big/1.webp
WBKANSMAR215,https://basket-09.wbbasket.ru/vol1311/part131138/131138607/images/big/1.webp
WBKANSMAR216,https://basket-01.wbbasket.ru/vol132/part13289/13289743/images/big/1.webp
WBKANSMAR217,https://basket-12.wbbasket.ru/vol1659/part165924/165924497/images/big/1.webp
WBKANSMAR218,https://basket-15.wbbasket.ru/vol2196/part219601/219601020/images/big/1.webp
WBKANSMAR219,https://basket-12.wbbasket.ru/vol1659/part165924/165924163/images/big/1.webp
WBKANSMAR220,https://basket-02.wbbasket.ru/vol185/part18504/18504859/images/big/1.webp
WBKANSMAR221,https://basket-01.wbbasket.ru/vol140/part14009/14009584/images/big/1.webp
WBKANSMAR223,https://basket-10.wbbasket.ru/vol1548/part154849/154849000/images/big/1.webp
WBKANSMAR224,https://basket-02.wbbasket.ru/vol185/part18504/18504860/images/big/1.webp
WBKANSMAR225,https://basket-12.wbbasket.ru/vol1701/part170185/170185459/images/big/1.webp
WBKANSMAR226,https://basket-24.wbbasket.ru/vol4273/part427397/427397867/images/big/1.webp
WBKANSMAR227,https://basket-12.wbbasket.ru/vol1858/part185846/185846835/images/big/1.webp
WBKANSMAR228,https://basket-10.wbbasket.ru/vol1377/part137776/137776807/images/big/1.webp
WBKANSMAR229,https://basket-29.wbbasket.ru/vol5565/part556587/556587725/images/big/1.webp
WBKANSMAR231,https://basket-01.wbbasket.ru/vol140/part14009/14009589/images/big/1.webp
WBKANSMAR232,https://basket-10.wbbasket.ru/vol1589/part158943/158943344/images/big/1.webp
WBKANSMAR233,https://basket-14.wbbasket.ru/vol2048/part204849/204849136/images/big/1.webp
WBKANSMAR234,https://basket-18.wbbasket.ru/vol2838/part283883/283883454/images/big/1.webp
WBKANSMAR235,https://basket-18.wbbasket.ru/vol3044/part304488/304488020/images/big/1.webp
WBKANSMAR236,https://basket-02.wbbasket.ru/vol211/part21145/21145596/images/big/1.webp
WBKANSMAR237,https://basket-21.wbbasket.ru/vol3560/part356035/356035673/images/big/1.webp
WBKANSMAR238,https://basket-17.wbbasket.ru/vol2806/part280615/280615497/images/big/1.webp
WBKANSMAR239,https://basket-02.wbbasket.ru/vol174/part17458/17458704/images/big/1.webp
WBKANSMAR240,https://basket-05.wbbasket.ru/vol862/part86224/86224644/images/big/1.webp
WBKANSMAR241,https://basket-16.wbbasket.ru/vol2608/part260820/260820866/images/big/1.webp
WBKANSMAR242,https://basket-10.wbbasket.ru/vol1480/part148015/148015117/images/big/1.webp
WBKANSMAR243,https://basket-31.wbbasket.ru/vol6148/part614847/614847695/images/big/1.webp
WBKANSMAR244,https://basket-25.wbbasket.ru/vol4491/part449119/449119803/images/big/1.webp
WBKANSMAR245,https://basket-03.wbbasket.ru/vol313/part31327/31327923/images/big/1.webp
WBKANSMAR246,https://basket-15.wbbasket.ru/vol2254/part225461/225461436/images/big/1.webp
WBKANSMAR247,https://basket-10.wbbasket.ru/vol1547/part154772/154772390/images/big/1.webp
WBKANSMAR248,https://basket-04.wbbasket.ru/vol711/part71150/71150306/images/big/1.webp
WBKANSMAR249,https://basket-24.wbbasket.ru/vol4202/part420284/420284858/images/big/1.webp
WBKANSMAR250,https://basket-16.wbbasket.ru/vol2549/part254932/254932230/images/big/1.webp
WBKANSMAR251,https://basket-02.wbbasket.ru/vol211/part21145/21145594/images/big/1.webp
WBKANSMAR252,https://basket-14.wbbasket.ru/vol2164/part216431/216431457/images/big/1.webp
WBKANSMAR253,https://basket-19.wbbasket.ru/vol3108/part310876/310876711/images/big/1.webp
WBKANSMAR254,https://basket-04.wbbasket.ru/vol655/part65577/65577066/images/big/1.webp
WBKANSMAR255,https://basket-11.wbbasket.ru/vol1623/part162375/162375599/images/big/1.webp
WBKANSMAR256,https://basket-10.wbbasket.ru/vol1405/part140503/140503519/images/big/1.webp
WBKANSMAR257,https://basket-10.wbbasket.ru/vol1475/part147526/147526366/images/big/1.webp
WBKANSMAR258,https://basket-20.wbbasket.ru/vol3374/part337423/337423092/images/big/1.webp
WBKANSMAR259,https://basket-29.wbbasket.ru/vol5688/part568891/568891511/images/big/1.webp
WBKANSMAR260,https://basket-10.wbbasket.ru/vol1483/part148323/148323329/images/big/1.webp
WBKANSMAR261,https://basket-02.wbbasket.ru/vol185/part18504/18504855/images/big/1.webp
WBKANSMAR262,https://basket-13.wbbasket.ru/vol2005/part200590/200590388/images/big/1.webp
WBKANSMAR263,https://basket-38.wbbasket.ru/vol8514/part851491/851491256/images/big/1.webp
WBKANSMAR264,https://basket-12.wbbasket.ru/vol1713/part171376/171376564/images/big/1.webp
WBKANSMAR265,https://basket-02.wbbasket.ru/vol174/part17458/17458705/images/big/1.webp
WBKANSMAR266,https://basket-02.wbbasket.ru/vol152/part15256/15256074/images/big/1.webp
WBKANSMAR267,https://basket-16.wbbasket.ru/vol2608/part260818/260818316/images/big/1.webp
WBKANSMAR268,https://basket-16.wbbasket.ru/vol2514/part251453/251453407/images/big/1.webp
WBKANSMAR269,https://basket-04.wbbasket.ru/vol443/part44353/44353174/images/big/1.webp
WBKANSMAR270,https://basket-05.wbbasket.ru/vol815/part81555/81555980/images/big/1.webp
WBKANSMAR271,https://basket-29.wbbasket.ru/vol5565/part556587/556587728/images/big/1.webp
WBKANSMAR272,https://basket-19.wbbasket.ru/vol3072/part307240/307240192/images/big/1.webp
WBKANSMAR273,https://basket-26.wbbasket.ru/vol4604/part460434/460434558/images/big/1.webp
WBKANSMAR274,https://basket-10.wbbasket.ru/vol1483/part148333/148333328/images/big/1.webp
WBKANSMAR275,https://basket-26.wbbasket.ru/vol4848/part484891/484891009/images/big/1.webp
WBKANSMAR276,https://basket-26.wbbasket.ru/vol4574/part457403/457403996/images/big/1.webp
WBKANSMAR277,https://basket-14.wbbasket.ru/vol2084/part208465/208465956/images/big/1.webp
WBKANSMAR278,https://basket-10.wbbasket.ru/vol1499/part149945/149945303/images/big/1.webp
WBKANSMAR279,https://basket-15.wbbasket.ru/vol2196/part219602/219602075/images/big/1.webp
WBKANSMAR280,https://basket-19.wbbasket.ru/vol3061/part306189/306189070/images/big/1.webp
WBKANSMAR281,https://basket-41.wbbasket.ru/vol9646/part964687/964687209/images/big/1.webp
WBKANSMAR282,https://basket-13.wbbasket.ru/vol2013/part201381/201381262/images/big/1.webp
WBKANSMAR283,https://basket-17.wbbasket.ru/vol2767/part276781/276781602/images/big/1.webp
WBKANSMAR284,https://basket-15.wbbasket.ru/vol2196/part219602/219602277/images/big/1.webp
WBKANSMAR285,https://basket-33.wbbasket.ru/vol7015/part701528/701528227/images/big/1.webp
WBKANSMAR286,https://basket-26.wbbasket.ru/vol4857/part485795/485795428/images/big/1.webp
WBKANSMAR287,https://basket-19.wbbasket.ru/vol3222/part322281/322281624/images/big/1.webp
WBKANSMAR288,https://basket-16.wbbasket.ru/vol2424/part242467/242467033/images/big/1.webp
WBKANSMAR289,https://basket-10.wbbasket.ru/vol1387/part138751/138751203/images/big/1.webp
WBKANSMAR290,https://basket-18.wbbasket.ru/vol2912/part291254/291254684/images/big/1.webp
WBKANSMAR291,https://basket-29.wbbasket.ru/vol5565/part556587/556587727/images/big/1.webp
WBKANSMAR292,https://basket-29.wbbasket.ru/vol5649/part564912/564912540/images/big/1.webp
WBKANSMAR293,https://basket-36.wbbasket.ru/vol7907/part790757/790757041/images/big/1.webp
WBKANSMAR294,https://basket-04.wbbasket.ru/vol443/part44353/44353173/images/big/1.webp
WBKANSMAR295,https://basket-17.wbbasket.ru/vol2677/part267794/267794279/images/big/1.webp
WBKANSMAR296,https://basket-14.wbbasket.ru/vol2048/part204849/204849133/images/big/1.webp
WBKANSMAR297,https://basket-01.wbbasket.ru/vol126/part12643/12643247/images/big/1.webp
WBKANSMAR298,https://basket-10.wbbasket.ru/vol1376/part137649/137649773/images/big/1.webp
WBKANSMAR299,https://basket-13.wbbasket.ru/vol1929/part192957/192957946/images/big/1.webp
WBKANSMAR300,https://basket-18.wbbasket.ru/vol2912/part291254/291254688/images/big/1.webp
WBKANSMAR302,https://basket-25.wbbasket.ru/vol4507/part450774/450774707/images/big/1.webp
WBKANSMAR303,https://basket-10.wbbasket.ru/vol1480/part148016/148016862/images/big/1.webp
WBKANSMAR304,https://basket-24.wbbasket.ru/vol4273/part427379/427379558/images/big/1.webp
WBKANSMAR305,https://basket-10.wbbasket.ru/vol1393/part139311/139311650/images/big/1.webp
WBKANSMAR306,https://basket-01.wbbasket.ru/vol126/part12643/12643251/images/big/1.webp
WBKANSMAR307,https://basket-18.wbbasket.ru/vol2961/part296171/296171755/images/big/1.webp
WBKANSMAR308,https://basket-33.wbbasket.ru/vol7049/part704965/704965950/images/big/1.webp
WBKANSMAR309,https://basket-24.wbbasket.ru/vol4261/part426148/426148994/images/big/1.webp
WBKANSMAR310,https://basket-12.wbbasket.ru/vol1882/part188279/188279377/images/big/1.webp
WBKANSMAR311,https://basket-12.wbbasket.ru/vol1858/part185844/185844230/images/big/1.webp
WBKANSMAR312,https://basket-05.wbbasket.ru/vol862/part86225/86225895/images/big/1.webp
WBKANSMAR313,https://basket-01.wbbasket.ru/vol132/part13289/13289749/images/big/1.webp
WBKANSMAR314,https://basket-16.wbbasket.ru/vol2463/part246312/246312959/images/big/1.webp
WBKANSMAR315,https://basket-22.wbbasket.ru/vol3917/part391759/391759187/images/big/1.webp
WBKANSMAR316,https://basket-01.wbbasket.ru/vol126/part12643/12643252/images/big/1.webp
WBKANSMAR317,https://basket-25.wbbasket.ru/vol4390/part439083/439083518/images/big/1.webp
WBKANSMAR318,https://basket-14.wbbasket.ru/vol2084/part208465/208465955/images/big/1.webp
WBKANSMAR319,https://basket-17.wbbasket.ru/vol2739/part273994/273994164/images/big/1.webp
WBKANSMAR320,https://basket-14.wbbasket.ru/vol2134/part213412/213412094/images/big/1.webp
WBKANSMAR321,https://basket-26.wbbasket.ru/vol4604/part460434/460434559/images/big/1.webp
WBKANSMAR322,https://basket-23.wbbasket.ru/vol3973/part397390/397390523/images/big/1.webp
WBKANSMAR323,https://basket-17.wbbasket.ru/vol2731/part273155/273155922/images/big/1.webp
WBKANSMAR324,https://basket-13.wbbasket.ru/vol1924/part192468/192468646/images/big/1.webp
WBKANSMAR325,https://basket-02.wbbasket.ru/vol199/part19943/19943926/images/big/1.webp
WBKANSMAR326,https://basket-25.wbbasket.ru/vol4451/part445126/445126685/images/big/1.webp
WBKANSMAR327,https://basket-19.wbbasket.ru/vol3100/part310007/310007009/images/big/1.webp
WBKANSMAR328,https://basket-18.wbbasket.ru/vol2843/part284397/284397976/images/big/1.webp
WBKANSMAR329,https://basket-16.wbbasket.ru/vol2549/part254924/254924288/images/big/1.webp
WBKANSMAR330,https://basket-25.wbbasket.ru/vol4507/part450774/450774725/images/big/1.webp
WBKANSMAR331,https://basket-19.wbbasket.ru/vol3108/part310880/310880054/images/big/1.webp
WBKANSMAR332,https://basket-19.wbbasket.ru/vol3054/part305472/305472768/images/big/1.webp
WBKANSMAR333,https://basket-24.wbbasket.ru/vol4273/part427368/427368935/images/big/1.webp
WBKANSMAR334,https://basket-33.wbbasket.ru/vol7002/part700220/700220785/images/big/1.webp
WBKANSMAR335,https://basket-01.wbbasket.ru/vol127/part12704/12704483/images/big/1.webp
WBKANSMAR336,https://basket-01.wbbasket.ru/vol35/part3544/3544474/images/big/1.webp
WBKANSMAR337,https://basket-05.wbbasket.ru/vol975/part97561/97561348/images/big/1.webp
WBKANSMAR339,https://basket-10.wbbasket.ru/vol1343/part134315/134315186/images/big/1.webp
WBKANSMAR340,https://basket-25.wbbasket.ru/vol4451/part445126/445126680/images/big/1.webp
WBKANSMAR341,https://basket-09.wbbasket.ru/vol1228/part122870/122870001/images/big/1.webp
WBKANSMAR342,https://basket-14.wbbasket.ru/vol2084/part208465/208465957/images/big/1.webp
WBKANSMAR343,https://basket-32.wbbasket.ru/vol6741/part674153/674153027/images/big/1.webp
WBKANSMAR344,https://basket-26.wbbasket.ru/vol4601/part460153/460153720/images/big/1.webp
WBKANSMAR345,https://basket-13.wbbasket.ru/vol2005/part200590/200590391/images/big/1.webp
WBKANSMAR346,https://basket-25.wbbasket.ru/vol4451/part445126/445126686/images/big/1.webp
WBKANSMAR347,https://basket-10.wbbasket.ru/vol1507/part150762/150762076/images/big/1.webp
WBKANSMAR348,https://basket-15.wbbasket.ru/vol2210/part221023/221023848/images/big/1.webp
WBKANSMAR349,https://basket-29.wbbasket.ru/vol5565/part556587/556587726/images/big/1.webp
WBKANSMAR350,https://basket-18.wbbasket.ru/vol3044/part304490/304490058/images/big/1.webp
WBKANSMAR352,https://basket-40.wbbasket.ru/vol9463/part946333/946333647/images/big/1.webp
WBKANSMAR353,https://basket-10.wbbasket.ru/vol1480/part148016/148016863/images/big/1.webp
WBKANSMAR355,https://basket-38.wbbasket.ru/vol8484/part848412/848412917/images/big/1.webp
WBKANSMAR356,https://basket-10.wbbasket.ru/vol1485/part148512/148512866/images/big/1.webp
WBKANSMAR357,https://basket-29.wbbasket.ru/vol5576/part557632/557632782/images/big/1.webp
WBKANSMAR359,https://basket-19.wbbasket.ru/vol3205/part320502/320502664/images/big/1.webp
WBKANSMAR360,https://basket-02.wbbasket.ru/vol161/part16152/16152532/images/big/1.webp
WBKANSMAR361,https://basket-02.wbbasket.ru/vol185/part18504/18504041/images/big/1.webp
WBKANSMAR362,https://basket-25.wbbasket.ru/vol4507/part450775/450775186/images/big/1.webp
WBKANSMAR363,https://basket-10.wbbasket.ru/vol1343/part134392/134392302/images/big/1.webp
WBKANSMAR364,https://basket-04.wbbasket.ru/vol443/part44353/44353425/images/big/1.webp
WBKANSMAR365,https://basket-01.wbbasket.ru/vol126/part12643/12643248/images/big/1.webp
WBKANSMAR366,https://basket-13.wbbasket.ru/vol2003/part200351/200351772/images/big/1.webp
WBKANSMAR367,https://basket-10.wbbasket.ru/vol1482/part148294/148294722/images/big/1.webp
WBKANSMAR368,https://basket-03.wbbasket.ru/vol313/part31326/31326913/images/big/1.webp
WBKANSMAR369,https://basket-21.wbbasket.ru/vol3556/part355604/355604242/images/big/1.webp
WBKANSMAR370,https://basket-15.wbbasket.ru/vol2288/part228860/228860078/images/big/1.webp
WBKANSMAR371,https://basket-12.wbbasket.ru/vol1831/part183109/183109694/images/big/1.webp
WBKANSMAR372,https://basket-28.wbbasket.ru/vol5278/part527847/527847458/images/big/1.webp
WBKANSMAR373,https://basket-15.wbbasket.ru/vol2210/part221023/221023849/images/big/1.webp
WBKANSMAR375,https://basket-04.wbbasket.ru/vol517/part51748/51748356/images/big/1.webp
WBKANSMAR376,https://basket-12.wbbasket.ru/vol1811/part181184/181184941/images/big/1.webp
WBKANSMAR377,https://basket-27.wbbasket.ru/vol4904/part490420/490420510/images/big/1.webp
WBKANSMAR378,https://basket-39.wbbasket.ru/vol9116/part911603/911603387/images/big/1.webp
WBKANSMAR379,https://basket-16.wbbasket.ru/vol2463/part246306/246306308/images/big/1.webp
WBKANSMAR380,https://basket-10.wbbasket.ru/vol1482/part148294/148294721/images/big/1.webp
WBKANSMAR381,https://basket-15.wbbasket.ru/vol2239/part223921/223921819/images/big/1.webp
WBKANSMAR382,https://basket-26.wbbasket.ru/vol4755/part475530/475530672/images/big/1.webp
WBKANSMAR383,https://basket-10.wbbasket.ru/vol1594/part159466/159466989/images/big/1.webp
WBKANSMAR384,https://basket-04.wbbasket.ru/vol438/part43862/43862640/images/big/1.webp
WBKANSMAR385,https://basket-01.wbbasket.ru/vol126/part12643/12643253/images/big/1.webp
WBKANSMAR386,https://basket-33.wbbasket.ru/vol6874/part687400/687400223/images/big/1.webp
WBKANSMAR388,https://basket-08.wbbasket.ru/vol1152/part115227/115227685/images/big/1.webp
WBKANSMAR389,https://basket-22.wbbasket.ru/vol3917/part391759/391759186/images/big/1.webp
WBKANSMAR390,https://basket-04.wbbasket.ru/vol700/part70071/70071328/images/big/1.webp
WBKANSMAR391,https://basket-10.wbbasket.ru/vol1482/part148294/148294723/images/big/1.webp
WBKANSMAR392,https://basket-29.wbbasket.ru/vol5578/part557815/557815948/images/big/1.webp
WBKANSMAR393,https://basket-04.wbbasket.ru/vol700/part70078/70078426/images/big/1.webp
WBKANSMAR394,https://basket-34.wbbasket.ru/vol7209/part720956/720956306/images/big/1.webp
WBKANSMAR395,https://basket-16.wbbasket.ru/vol2563/part256314/256314814/images/big/1.webp
WBKANSMAR396,https://basket-12.wbbasket.ru/vol1681/part168163/168163186/images/big/1.webp
WBKANSMAR397,https://basket-38.wbbasket.ru/vol8557/part855793/855793882/images/big/1.webp
WBKANSMAR398,https://basket-13.wbbasket.ru/vol1921/part192194/192194183/images/big/1.webp
WBKANSMAR399,https://basket-12.wbbasket.ru/vol1858/part185846/185846834/images/big/1.webp
WBKANSMAR400,https://basket-10.wbbasket.ru/vol1591/part159182/159182069/images/big/1.webp
WBKANSMEL001,https://basket-01.wbbasket.ru/vol89/part8948/8948581/images/big/1.webp
WBKANSMEL002,https://basket-01.wbbasket.ru/vol41/part4196/4196442/images/big/1.webp
WBKANSMEL003,https://basket-01.wbbasket.ru/vol131/part13150/13150065/images/big/1.webp
WBKANSMEL004,https://basket-21.wbbasket.ru/vol3678/part367801/367801960/images/big/1.webp
WBKANSMEL005,https://basket-16.wbbasket.ru/vol2580/part258095/258095789/images/big/1.webp
WBKANSMEL006,https://basket-10.wbbasket.ru/vol1408/part140874/140874021/images/big/1.webp
WBKANSMEL007,https://basket-03.wbbasket.ru/vol427/part42793/42793752/images/big/1.webp
WBKANSMEL008,https://basket-01.wbbasket.ru/vol131/part13150/13150067/images/big/1.webp
WBKANSMEL009,https://basket-12.wbbasket.ru/vol1778/part177841/177841807/images/big/1.webp
WBKANSMEL010,https://basket-01.wbbasket.ru/vol49/part4931/4931983/images/big/1.webp
WBKANSMEL011,https://basket-02.wbbasket.ru/vol284/part28456/28456141/images/big/1.webp
WBKANSMEL012,https://basket-17.wbbasket.ru/vol2712/part271249/271249458/images/big/1.webp
WBKANSMEL013,https://basket-01.wbbasket.ru/vol96/part9643/9643861/images/big/1.webp
WBKANSMEL014,https://basket-17.wbbasket.ru/vol2712/part271249/271249456/images/big/1.webp
WBKANSMEL015,https://basket-02.wbbasket.ru/vol284/part28456/28456151/images/big/1.webp
WBKANSMEL016,https://basket-38.wbbasket.ru/vol8334/part833413/833413273/images/big/1.webp
WBKANSMEL017,https://basket-27.wbbasket.ru/vol4895/part489567/489567014/images/big/1.webp
WBKANSMEL018,https://basket-27.wbbasket.ru/vol4950/part495055/495055981/images/big/1.webp
WBKANSMEL019,https://basket-27.wbbasket.ru/vol4983/part498317/498317546/images/big/1.webp
WBKANSMEL020,https://basket-01.wbbasket.ru/vol49/part4931/4931985/images/big/1.webp
WBKANSMEL021,https://basket-27.wbbasket.ru/vol4895/part489567/489567015/images/big/1.webp
WBKANSMEL022,https://basket-03.wbbasket.ru/vol414/part41482/41482922/images/big/1.webp
WBKANSMEL023,https://basket-25.wbbasket.ru/vol4447/part444723/444723248/images/big/1.webp
WBKANSMEL024,https://basket-42.wbbasket.ru/vol10854/part1085435/1085435228/images/big/1.webp
WBKANSMEL025,https://basket-42.wbbasket.ru/vol10854/part1085429/1085429158/images/big/1.webp
WBKANSMEL026,https://basket-12.wbbasket.ru/vol1778/part177840/177840377/images/big/1.webp
WBKANSMEL027,https://basket-01.wbbasket.ru/vol131/part13150/13150066/images/big/1.webp
WBKANSMEL028,https://basket-01.wbbasket.ru/vol49/part4931/4931986/images/big/1.webp
WBKANSMEL029,https://basket-01.wbbasket.ru/vol41/part4196/4196444/images/big/1.webp
WBKANSMEL030,https://basket-01.wbbasket.ru/vol121/part12102/12102643/images/big/1.webp
WBKANSMEL031,https://basket-12.wbbasket.ru/vol1803/part180382/180382326/images/big/1.webp
WBKANSMEL032,https://basket-10.wbbasket.ru/vol1427/part142738/142738598/images/big/1.webp
WBKANSMEL033,https://basket-38.wbbasket.ru/vol8669/part866960/866960758/images/big/1.webp
WBKANSMEL034,https://basket-26.wbbasket.ru/vol4844/part484483/484483361/images/big/1.webp
WBKANSMEL035,https://basket-01.wbbasket.ru/vol128/part12877/12877084/images/big/1.webp
WBKANSMEL036,https://basket-01.wbbasket.ru/vol131/part13150/13150087/images/big/1.webp
WBKANSMEL037,https://basket-01.wbbasket.ru/vol131/part13150/13150072/images/big/1.webp
WBKANSMEL038,https://basket-24.wbbasket.ru/vol4311/part431186/431186493/images/big/1.webp
WBKANSMEL039,https://basket-10.wbbasket.ru/vol1408/part140873/140873572/images/big/1.webp
WBKANSMEL040,https://basket-04.wbbasket.ru/vol547/part54761/54761499/images/big/1.webp
WBKANSMEL041,https://basket-01.wbbasket.ru/vol89/part8948/8948566/images/big/1.webp
WBKANSMEL042,https://basket-15.wbbasket.ru/vol2326/part232615/232615357/images/big/1.webp
WBKANSMEL043,https://basket-17.wbbasket.ru/vol2712/part271249/271249454/images/big/1.webp
WBKANSMEL044,https://basket-19.wbbasket.ru/vol3058/part305842/305842605/images/big/1.webp
WBKANSMEL045,https://basket-01.wbbasket.ru/vol89/part8948/8948580/images/big/1.webp
WBKANSMEL046,https://basket-12.wbbasket.ru/vol1778/part177854/177854006/images/big/1.webp
WBKANSMEL047,https://basket-02.wbbasket.ru/vol152/part15256/15256079/images/big/1.webp
WBKANSMEL048,https://basket-01.wbbasket.ru/vol131/part13150/13150089/images/big/1.webp
WBKANSMEL049,https://basket-05.wbbasket.ru/vol972/part97237/97237681/images/big/1.webp
WBKANSMEL050,https://basket-14.wbbasket.ru/vol2151/part215120/215120511/images/big/1.webp
WBKANSMEL051,https://basket-16.wbbasket.ru/vol2470/part247056/247056349/images/big/1.webp
WBKANSMEL052,https://basket-22.wbbasket.ru/vol3785/part378538/378538779/images/big/1.webp
WBKANSMEL053,https://basket-25.wbbasket.ru/vol4447/part444723/444723247/images/big/1.webp
WBKANSMEL054,https://basket-04.wbbasket.ru/vol676/part67614/67614914/images/big/1.webp
WBKANSMEL055,https://basket-17.wbbasket.ru/vol2712/part271249/271249453/images/big/1.webp
WBKANSMEL056,https://basket-01.wbbasket.ru/vol117/part11765/11765805/images/big/1.webp
WBKANSMEL057,https://basket-29.wbbasket.ru/vol5634/part563401/563401127/images/big/1.webp
WBKANSMEL058,https://basket-12.wbbasket.ru/vol1892/part189263/189263806/images/big/1.webp
WBKANSMEL059,https://basket-14.wbbasket.ru/vol2070/part207037/207037412/images/big/1.webp
WBKANSMEL060,https://basket-19.wbbasket.ru/vol3136/part313644/313644267/images/big/1.webp
WBKANSMEL061,https://basket-15.wbbasket.ru/vol2326/part232615/232615514/images/big/1.webp
WBKANSMEL062,https://basket-10.wbbasket.ru/vol1382/part138207/138207825/images/big/1.webp
WBKANSMEL063,https://basket-12.wbbasket.ru/vol1796/part179630/179630591/images/big/1.webp
WBKANSMEL064,https://basket-29.wbbasket.ru/vol5557/part555785/555785006/images/big/1.webp
WBKANSMEL065,https://basket-16.wbbasket.ru/vol2427/part242747/242747992/images/big/1.webp
WBKANSMEL066,https://basket-01.wbbasket.ru/vol128/part12819/12819277/images/big/1.webp
WBKANSMEL067,https://basket-23.wbbasket.ru/vol4013/part401347/401347067/images/big/1.webp
WBKANSMEL068,https://basket-01.wbbasket.ru/vol102/part10202/10202658/images/big/1.webp
WBKANSMEL069,https://basket-01.wbbasket.ru/vol102/part10202/10202656/images/big/1.webp
WBKANSMEL070,https://basket-12.wbbasket.ru/vol1745/part174515/174515191/images/big/1.webp
WBKANSMEL071,https://basket-36.wbbasket.ru/vol7884/part788410/788410235/images/big/1.webp
WBKANSMEL072,https://basket-42.wbbasket.ru/vol10854/part1085415/1085415874/images/big/1.webp
WBKANSMEL073,https://basket-25.wbbasket.ru/vol4447/part444723/444723246/images/big/1.webp
WBKANSMEL074,https://basket-01.wbbasket.ru/vol131/part13150/13150096/images/big/1.webp
WBKANSMEL075,https://basket-30.wbbasket.ru/vol5866/part586681/586681050/images/big/1.webp
WBKANSMEL076,https://basket-25.wbbasket.ru/vol4352/part435295/435295311/images/big/1.webp
WBKANSMEL077,https://basket-16.wbbasket.ru/vol2593/part259321/259321068/images/big/1.webp
WBKANSMEL078,https://basket-10.wbbasket.ru/vol1482/part148292/148292299/images/big/1.webp
WBKANSMEL079,https://basket-10.wbbasket.ru/vol1569/part156976/156976518/images/big/1.webp
WBKANSMEL080,https://basket-17.wbbasket.ru/vol2684/part268447/268447227/images/big/1.webp
WBKANSMEL081,https://basket-14.wbbasket.ru/vol2129/part212954/212954636/images/big/1.webp
WBKANSMEL082,https://basket-09.wbbasket.ru/vol1244/part124490/124490511/images/big/1.webp
WBKANSMEL083,https://basket-14.wbbasket.ru/vol2048/part204816/204816269/images/big/1.webp
WBKANSMEL084,https://basket-36.wbbasket.ru/vol7886/part788637/788637469/images/big/1.webp
WBKANSMEL085,https://basket-42.wbbasket.ru/vol11099/part1109997/1109997591/images/big/1.webp
WBKANSMEL086,https://basket-15.wbbasket.ru/vol2384/part238430/238430244/images/big/1.webp
WBKANSMEL087,https://basket-25.wbbasket.ru/vol4445/part444599/444599434/images/big/1.webp
WBKANSMEL088,https://basket-13.wbbasket.ru/vol2041/part204120/204120017/images/big/1.webp
WBKANSMEL089,https://basket-15.wbbasket.ru/vol2384/part238430/238430245/images/big/1.webp
WBKANSMEL090,https://basket-15.wbbasket.ru/vol2384/part238459/238459848/images/big/1.webp
WBKANSMEL091,https://basket-33.wbbasket.ru/vol6996/part699671/699671614/images/big/1.webp
WBKANSMEL092,https://basket-11.wbbasket.ru/vol1653/part165327/165327342/images/big/1.webp
WBKANSMEL093,https://basket-22.wbbasket.ru/vol3904/part390406/390406094/images/big/1.webp
WBKANSMEL094,https://basket-22.wbbasket.ru/vol3881/part388142/388142950/images/big/1.webp
WBKANSMEL095,https://basket-12.wbbasket.ru/vol1745/part174515/174515193/images/big/1.webp
WBKANSMEL096,https://basket-39.wbbasket.ru/vol8775/part877582/877582940/images/big/1.webp
WBKANSMEL097,https://basket-31.wbbasket.ru/vol6282/part628223/628223516/images/big/1.webp
WBKANSMEL098,https://basket-15.wbbasket.ru/vol2380/part238020/238020737/images/big/1.webp
WBKANSMEL099,https://basket-04.wbbasket.ru/vol657/part65780/65780886/images/big/1.webp
WBKANSMEL100,https://basket-15.wbbasket.ru/vol2307/part230759/230759895/images/big/1.webp
WBKANSMEL101,https://basket-09.wbbasket.ru/vol1244/part124490/124490513/images/big/1.webp
WBKANSMEL102,https://basket-10.wbbasket.ru/vol1408/part140874/140874501/images/big/1.webp
WBKANSMEL103,https://basket-15.wbbasket.ru/vol2384/part238430/238430248/images/big/1.webp
WBKANSMEL104,https://basket-01.wbbasket.ru/vol131/part13150/13150083/images/big/1.webp
WBKANSMEL105,https://basket-35.wbbasket.ru/vol7374/part737427/737427183/images/big/1.webp
WBKANSMEL106,https://basket-33.wbbasket.ru/vol6787/part678701/678701721/images/big/1.webp
WBKANSMEL107,https://basket-41.wbbasket.ru/vol10255/part1025520/1025520855/images/big/1.webp
WBKANSMEL108,https://basket-15.wbbasket.ru/vol2223/part222385/222385658/images/big/1.webp
WBKANSMEL109,https://basket-12.wbbasket.ru/vol1766/part176622/176622158/images/big/1.webp
WBKANSMEL110,https://basket-23.wbbasket.ru/vol4028/part402855/402855378/images/big/1.webp
WBKANSMEL111,https://basket-15.wbbasket.ru/vol2346/part234631/234631109/images/big/1.webp
WBKANSMEL112,https://basket-31.wbbasket.ru/vol6429/part642935/642935839/images/big/1.webp
WBKANSMEL113,https://basket-31.wbbasket.ru/vol6226/part622693/622693276/images/big/1.webp
WBKANSMEL114,https://basket-01.wbbasket.ru/vol131/part13150/13150085/images/big/1.webp
WBKANSMEL115,https://basket-36.wbbasket.ru/vol7888/part788805/788805047/images/big/1.webp
WBKANSMEL116,https://basket-16.wbbasket.ru/vol2413/part241325/241325183/images/big/1.webp
WBKANSMEL117,https://basket-05.wbbasket.ru/vol985/part98518/98518055/images/big/1.webp
WBKANSMEL118,https://basket-26.wbbasket.ru/vol4817/part481709/481709782/images/big/1.webp
WBKANSMEL119,https://basket-25.wbbasket.ru/vol4508/part450846/450846001/images/big/1.webp
WBKANSMEL120,https://basket-18.wbbasket.ru/vol2890/part289086/289086511/images/big/1.webp
WBKANSMEL121,https://basket-10.wbbasket.ru/vol1586/part158696/158696707/images/big/1.webp
WBKANSMEL122,https://basket-15.wbbasket.ru/vol2384/part238430/238430246/images/big/1.webp
WBKANSMEL123,https://basket-23.wbbasket.ru/vol4028/part402855/402855283/images/big/1.webp
WBKANSMEL124,https://basket-14.wbbasket.ru/vol2090/part209040/209040798/images/big/1.webp
WBKANSMEL125,https://basket-15.wbbasket.ru/vol2254/part225417/225417734/images/big/1.webp
WBKANSMEL126,https://basket-30.wbbasket.ru/vol6006/part600657/600657833/images/big/1.webp
WBKANSMEL127,https://basket-05.wbbasket.ru/vol798/part79884/79884321/images/big/1.webp
WBKANSMEL128,https://basket-12.wbbasket.ru/vol1892/part189263/189263807/images/big/1.webp
WBKANSMEL129,https://basket-28.wbbasket.ru/vol5351/part535136/535136267/images/big/1.webp
WBKANSMEL130,https://basket-37.wbbasket.ru/vol8091/part809187/809187627/images/big/1.webp
WBKANSMEL131,https://basket-04.wbbasket.ru/vol509/part50988/50988694/images/big/1.webp
WBKANSMEL132,https://basket-02.wbbasket.ru/vol152/part15279/15279959/images/big/1.webp
WBKANSMEL133,https://basket-10.wbbasket.ru/vol1436/part143679/143679820/images/big/1.webp
WBKANSMEL134,https://basket-12.wbbasket.ru/vol1884/part188455/188455277/images/big/1.webp
WBKANSMEL135,https://basket-18.wbbasket.ru/vol2972/part297218/297218072/images/big/1.webp
WBKANSMEL136,https://basket-15.wbbasket.ru/vol2358/part235869/235869458/images/big/1.webp
WBKANSMEL137,https://basket-17.wbbasket.ru/vol2653/part265363/265363000/images/big/1.webp
WBKANSMEL138,https://basket-27.wbbasket.ru/vol4916/part491645/491645228/images/big/1.webp
WBKANSMEL139,https://basket-01.wbbasket.ru/vol131/part13150/13150091/images/big/1.webp
WBKANSMEL140,https://basket-03.wbbasket.ru/vol348/part34820/34820556/images/big/1.webp
WBKANSMEL141,https://basket-12.wbbasket.ru/vol1666/part166684/166684558/images/big/1.webp
WBKANSMEL142,https://basket-05.wbbasket.ru/vol798/part79860/79860488/images/big/1.webp
WBKANSMEL143,https://basket-12.wbbasket.ru/vol1720/part172013/172013452/images/big/1.webp
WBKANSMEL144,https://basket-05.wbbasket.ru/vol832/part83210/83210037/images/big/1.webp
WBKANSMEL145,https://basket-18.wbbasket.ru/vol2871/part287134/287134166/images/big/1.webp
WBKANSMEL146,https://basket-04.wbbasket.ru/vol475/part47548/47548971/images/big/1.webp
WBKANSMEL147,https://basket-10.wbbasket.ru/vol1548/part154889/154889881/images/big/1.webp
WBKANSMEL148,https://basket-17.wbbasket.ru/vol2719/part271904/271904928/images/big/1.webp
WBKANSMEL149,https://basket-14.wbbasket.ru/vol2083/part208325/208325251/images/big/1.webp
WBKANSMEL150,https://basket-15.wbbasket.ru/vol2384/part238443/238443124/images/big/1.webp
WBKANSMEL151,https://basket-28.wbbasket.ru/vol5230/part523085/523085484/images/big/1.webp
WBKANSMEL152,https://basket-12.wbbasket.ru/vol1879/part187945/187945839/images/big/1.webp
WBKANSMEL153,https://basket-19.wbbasket.ru/vol3250/part325087/325087823/images/big/1.webp
WBKANSMEL154,https://basket-15.wbbasket.ru/vol2233/part223333/223333037/images/big/1.webp
WBKANSMEL155,https://basket-09.wbbasket.ru/vol1298/part129817/129817162/images/big/1.webp
WBKANSMEL156,https://basket-33.wbbasket.ru/vol6959/part695934/695934280/images/big/1.webp
WBKANSMEL157,https://basket-16.wbbasket.ru/vol2440/part244020/244020528/images/big/1.webp
WBKANSMEL158,https://basket-39.wbbasket.ru/vol8998/part899855/899855542/images/big/1.webp
WBKANSMEL159,https://basket-15.wbbasket.ru/vol2384/part238443/238443123/images/big/1.webp
WBKANSMEL160,https://basket-11.wbbasket.ru/vol1625/part162544/162544966/images/big/1.webp
WBKANSMEL161,https://basket-17.wbbasket.ru/vol2836/part283653/283653963/images/big/1.webp
WBKANSMEL162,https://basket-16.wbbasket.ru/vol2566/part256652/256652959/images/big/1.webp
WBKANSMEL163,https://basket-12.wbbasket.ru/vol1784/part178439/178439819/images/big/1.webp
WBKANSMEL164,https://basket-14.wbbasket.ru/vol2063/part206339/206339596/images/big/1.webp
WBKANSMEL165,https://basket-31.wbbasket.ru/vol6226/part622697/622697135/images/big/1.webp
WBKANSMEL166,https://basket-26.wbbasket.ru/vol4816/part481687/481687113/images/big/1.webp
WBKANSMEL167,https://basket-17.wbbasket.ru/vol2667/part266711/266711780/images/big/1.webp
WBKANSMEL168,https://basket-33.wbbasket.ru/vol6787/part678777/678777764/images/big/1.webp
WBKANSMEL169,https://basket-02.wbbasket.ru/vol216/part21626/21626444/images/big/1.webp
WBKANSMEL170,https://basket-04.wbbasket.ru/vol654/part65464/65464932/images/big/1.webp
WBKANSMEL171,https://basket-15.wbbasket.ru/vol2207/part220788/220788887/images/big/1.webp
WBKANSMEL172,https://basket-16.wbbasket.ru/vol2569/part256927/256927019/images/big/1.webp
WBKANSMEL173,https://basket-05.wbbasket.ru/vol798/part79884/79884322/images/big/1.webp
WBKANSMEL174,https://basket-08.wbbasket.ru/vol1133/part113310/113310963/images/big/1.webp
WBKANSMEL175,https://basket-20.wbbasket.ru/vol3479/part347998/347998466/images/big/1.webp
WBKANSMEL176,https://basket-18.wbbasket.ru/vol2851/part285115/285115363/images/big/1.webp
WBKANSMEL177,https://basket-37.wbbasket.ru/vol8094/part809415/809415273/images/big/1.webp
WBKANSMEL178,https://basket-12.wbbasket.ru/vol1917/part191777/191777235/images/big/1.webp
WBKANSMEL179,https://basket-18.wbbasket.ru/vol2931/part293128/293128182/images/big/1.webp
WBKANSMEL180,https://basket-26.wbbasket.ru/vol4572/part457226/457226624/images/big/1.webp
WBKANSMEL181,https://basket-10.wbbasket.ru/vol1589/part158938/158938616/images/big/1.webp
WBKANSMEL182,https://basket-10.wbbasket.ru/vol1585/part158588/158588638/images/big/1.webp
WBKANSMEL183,https://basket-10.wbbasket.ru/vol1548/part154889/154889882/images/big/1.webp
WBKANSMEL184,https://basket-15.wbbasket.ru/vol2252/part225293/225293048/images/big/1.webp
WBKANSMEL185,https://basket-41.wbbasket.ru/vol10139/part1013930/1013930754/images/big/1.webp
WBKANSMEL186,https://basket-14.wbbasket.ru/vol2066/part206667/206667847/images/big/1.webp
WBKANSMEL187,https://basket-26.wbbasket.ru/vol4572/part457209/457209918/images/big/1.webp
WBKANSMEL188,https://basket-12.wbbasket.ru/vol1683/part168374/168374646/images/big/1.webp
WBKANSMEL189,https://basket-38.wbbasket.ru/vol8358/part835815/835815167/images/big/1.webp
WBKANSMEL190,https://basket-23.wbbasket.ru/vol3987/part398707/398707484/images/big/1.webp
WBKANSMEL191,https://basket-18.wbbasket.ru/vol2850/part285030/285030948/images/big/1.webp
WBKANSMEL192,https://basket-40.wbbasket.ru/vol9543/part954363/954363258/images/big/1.webp
WBKANSMEL193,https://basket-26.wbbasket.ru/vol4788/part478856/478856610/images/big/1.webp
WBKANSMEL194,https://basket-16.wbbasket.ru/vol2539/part253976/253976067/images/big/1.webp
WBKANSMEL195,https://basket-30.wbbasket.ru/vol6035/part603586/603586277/images/big/1.webp
WBKANSMEL196,https://basket-14.wbbasket.ru/vol2063/part206339/206339607/images/big/1.webp
WBKANSMEL197,https://basket-12.wbbasket.ru/vol1881/part188117/188117163/images/big/1.webp
WBKANSMEL198,https://basket-35.wbbasket.ru/vol7552/part755201/755201137/images/big/1.webp
WBKANSMEL199,https://basket-01.wbbasket.ru/vol41/part4114/4114834/images/big/1.webp
WBKANSMEL200,https://basket-12.wbbasket.ru/vol1917/part191768/191768192/images/big/1.webp
WBKANSPL004,https://basket-01.wbbasket.ru/vol141/part14183/14183499/images/big/1.webp
WBKANSPL005,https://basket-05.wbbasket.ru/vol796/part79623/79623063/images/big/1.webp
WBKANSPL007,https://basket-33.wbbasket.ru/vol6951/part695159/695159796/images/big/1.webp
WBKANSPL010,https://basket-15.wbbasket.ru/vol2222/part222200/222200010/images/big/1.webp
WBKANSPL011,https://basket-02.wbbasket.ru/vol194/part19412/19412010/images/big/1.webp
WBKANSPL012,https://basket-28.wbbasket.ru/vol5355/part535534/535534555/images/big/1.webp
WBKANSPL015,https://basket-43.wbbasket.ru/vol11271/part1127134/1127134461/images/big/1.webp
WBKANSPL018,https://basket-02.wbbasket.ru/vol278/part27895/27895288/images/big/1.webp
WBKANSPL021,https://basket-43.wbbasket.ru/vol11271/part1127196/1127196826/images/big/1.webp
WBKANSPL024,https://basket-12.wbbasket.ru/vol1761/part176161/176161044/images/big/1.webp
WBKANSPL026,https://basket-04.wbbasket.ru/vol457/part45775/45775353/images/big/1.webp
WBKANSPL027,https://basket-19.wbbasket.ru/vol3133/part313364/313364000/images/big/1.webp
WBKANSPL033,https://basket-17.wbbasket.ru/vol2628/part262883/262883733/images/big/1.webp
WBKANSPL035,https://basket-02.wbbasket.ru/vol194/part19412/19412011/images/big/1.webp
WBKANSPLS001,https://basket-42.wbbasket.ru/vol10519/part1051951/1051951290/images/big/1.webp
WBKANSPLS002,https://basket-01.wbbasket.ru/vol115/part11577/11577373/images/big/1.webp
WBKANSPLS003,https://basket-02.wbbasket.ru/vol179/part17987/17987369/images/big/1.webp
WBKANSPLS004,https://basket-40.wbbasket.ru/vol9518/part951849/951849318/images/big/1.webp
WBKANSPLS005,https://basket-01.wbbasket.ru/vol119/part11960/11960912/images/big/1.webp
WBKANSPLS006,https://basket-22.wbbasket.ru/vol3881/part388149/388149959/images/big/1.webp
WBKANSPLS007,https://basket-26.wbbasket.ru/vol4867/part486728/486728707/images/big/1.webp
WBKANSPLS008,https://basket-18.wbbasket.ru/vol2972/part297269/297269648/images/big/1.webp
WBKANSPLS009,https://basket-01.wbbasket.ru/vol128/part12887/12887238/images/big/1.webp
WBKANSPLS010,https://basket-02.wbbasket.ru/vol146/part14640/14640727/images/big/1.webp
WBKANSPLS011,https://basket-12.wbbasket.ru/vol1887/part188715/188715289/images/big/1.webp
WBKANSPLS012,https://basket-16.wbbasket.ru/vol2569/part256997/256997595/images/big/1.webp
WBKANSPLS013,https://basket-12.wbbasket.ru/vol1887/part188764/188764833/images/big/1.webp
WBKANSPLS014,https://basket-12.wbbasket.ru/vol1887/part188764/188764834/images/big/1.webp
WBKANSPLS015,https://basket-26.wbbasket.ru/vol4867/part486728/486728704/images/big/1.webp
WBKANSPLS016,https://basket-22.wbbasket.ru/vol3765/part376526/376526795/images/big/1.webp
WBKANSPLS017,https://basket-01.wbbasket.ru/vol119/part11960/11960911/images/big/1.webp
WBKANSPLS018,https://basket-22.wbbasket.ru/vol3765/part376526/376526787/images/big/1.webp
WBKANSPLS019,https://basket-12.wbbasket.ru/vol1887/part188764/188764829/images/big/1.webp
WBKANSPLS020,https://basket-13.wbbasket.ru/vol2005/part200524/200524768/images/big/1.webp
WBKANSPLS021,https://basket-25.wbbasket.ru/vol4508/part450885/450885423/images/big/1.webp
WBKANSPLS022,https://basket-02.wbbasket.ru/vol179/part17987/17987244/images/big/1.webp
WBKANSPLS023,https://basket-02.wbbasket.ru/vol179/part17987/17987368/images/big/1.webp
WBKANSPLS024,https://basket-12.wbbasket.ru/vol1887/part188764/188764830/images/big/1.webp
WBKANSPLS025,https://basket-41.wbbasket.ru/vol10292/part1029292/1029292173/images/big/1.webp
WBKANSPLS026,https://basket-12.wbbasket.ru/vol1887/part188715/188715290/images/big/1.webp
WBKANSPLS027,https://basket-10.wbbasket.ru/vol1457/part145773/145773554/images/big/1.webp
WBKANSPLS028,https://basket-41.wbbasket.ru/vol10292/part1029292/1029292212/images/big/1.webp
WBKANSPLS029,https://basket-02.wbbasket.ru/vol187/part18788/18788242/images/big/1.webp
WBKANSPLS030,https://basket-05.wbbasket.ru/vol970/part97019/97019407/images/big/1.webp
WBKANSPLS031,https://basket-01.wbbasket.ru/vol119/part11960/11960921/images/big/1.webp
WBKANSPLS032,https://basket-01.wbbasket.ru/vol89/part8948/8948593/images/big/1.webp
WBKANSPLS033,https://basket-12.wbbasket.ru/vol1851/part185186/185186366/images/big/1.webp
WBKANSPLS035,https://basket-25.wbbasket.ru/vol4365/part436526/436526712/images/big/1.webp
WBKANSPLS036,https://basket-11.wbbasket.ru/vol1651/part165130/165130639/images/big/1.webp
WBKANSPLS037,https://basket-41.wbbasket.ru/vol10292/part1029292/1029292194/images/big/1.webp
WBKANSPLS038,https://basket-30.wbbasket.ru/vol6042/part604212/604212926/images/big/1.webp
WBKANSPLS039,https://basket-24.wbbasket.ru/vol4232/part423272/423272072/images/big/1.webp
WBKANSPLS040,https://basket-01.wbbasket.ru/vol84/part8473/8473418/images/big/1.webp
WBKANSPLS041,https://basket-21.wbbasket.ru/vol3652/part365235/365235868/images/big/1.webp
WBKANSPLS042,https://basket-02.wbbasket.ru/vol189/part18976/18976477/images/big/1.webp
WBKANSPLS043,https://basket-12.wbbasket.ru/vol1663/part166337/166337860/images/big/1.webp
WBKANSPLS045,https://basket-12.wbbasket.ru/vol1887/part188764/188764831/images/big/1.webp
WBKANSPLS046,https://basket-01.wbbasket.ru/vol84/part8473/8473376/images/big/1.webp
WBKANSPLS047,https://basket-04.wbbasket.ru/vol708/part70836/70836106/images/big/1.webp
WBKANSPLS048,https://basket-24.wbbasket.ru/vol4232/part423272/423272257/images/big/1.webp
WBKANSPLS049,https://basket-42.wbbasket.ru/vol11087/part1108719/1108719294/images/big/1.webp
WBKANSPLS050,https://basket-10.wbbasket.ru/vol1386/part138600/138600861/images/big/1.webp
WBKANSPLS051,https://basket-31.wbbasket.ru/vol6248/part624803/624803622/images/big/1.webp
WBKANSPLS052,https://basket-01.wbbasket.ru/vol112/part11212/11212434/images/big/1.webp
WBKANSPLS053,https://basket-12.wbbasket.ru/vol1703/part170334/170334762/images/big/1.webp
WBKANSPLS054,https://basket-05.wbbasket.ru/vol817/part81728/81728141/images/big/1.webp
WBKANSPLS055,https://basket-01.wbbasket.ru/vol91/part9172/9172956/images/big/1.webp
WBKANSPLS057,https://basket-12.wbbasket.ru/vol1887/part188713/188713473/images/big/1.webp
WBKANSPLS059,https://basket-28.wbbasket.ru/vol5428/part542828/542828806/images/big/1.webp
WBKANSPLS060,https://basket-14.wbbasket.ru/vol2087/part208792/208792684/images/big/1.webp
WBKANSPLS061,https://basket-11.wbbasket.ru/vol1651/part165153/165153868/images/big/1.webp
WBKANSPLS062,https://basket-20.wbbasket.ru/vol3471/part347160/347160930/images/big/1.webp
WBKANSPLS063,https://basket-12.wbbasket.ru/vol1789/part178951/178951129/images/big/1.webp
WBKANSPLS064,https://basket-10.wbbasket.ru/vol1414/part141421/141421807/images/big/1.webp
WBKANSPLS065,https://basket-12.wbbasket.ru/vol1663/part166335/166335966/images/big/1.webp
WBKANSPLS066,https://basket-01.wbbasket.ru/vol124/part12454/12454978/images/big/1.webp
WBKANSPLS067,https://basket-12.wbbasket.ru/vol1746/part174616/174616902/images/big/1.webp
WBKANSPLS068,https://basket-20.wbbasket.ru/vol3471/part347160/347160493/images/big/1.webp
WBKANSPLS069,https://basket-42.wbbasket.ru/vol10514/part1051491/1051491807/images/big/1.webp
WBKANSPLS070,https://basket-20.wbbasket.ru/vol3466/part346602/346602222/images/big/1.webp
WBKANSPLS071,https://basket-10.wbbasket.ru/vol1394/part139444/139444775/images/big/1.webp
WBKANSPLS072,https://basket-01.wbbasket.ru/vol126/part12696/12696236/images/big/1.webp
WBKANSPLS073,https://basket-16.wbbasket.ru/vol2506/part250614/250614473/images/big/1.webp
WBKANSPLS074,https://basket-34.wbbasket.ru/vol7268/part726804/726804611/images/big/1.webp
WBKANSPLS075,https://basket-33.wbbasket.ru/vol6789/part678994/678994081/images/big/1.webp
WBKANSPLS076,https://basket-33.wbbasket.ru/vol6809/part680951/680951117/images/big/1.webp
WBKANSPLS077,https://basket-20.wbbasket.ru/vol3307/part330711/330711977/images/big/1.webp
WBKANSPLS078,https://basket-28.wbbasket.ru/vol5215/part521523/521523599/images/big/1.webp
WBKANSPLS079,https://basket-05.wbbasket.ru/vol969/part96946/96946680/images/big/1.webp
WBKANSPLS080,https://basket-04.wbbasket.ru/vol580/part58070/58070571/images/big/1.webp
WBKANSPLS081,https://basket-21.wbbasket.ru/vol3557/part355758/355758397/images/big/1.webp
WBKANSPLS082,https://basket-12.wbbasket.ru/vol1887/part188764/188764820/images/big/1.webp
WBKANSPLS083,https://basket-16.wbbasket.ru/vol2506/part250614/250614471/images/big/1.webp
WBKANSPLS084,https://basket-10.wbbasket.ru/vol1401/part140138/140138326/images/big/1.webp
WBKANSPLS085,https://basket-43.wbbasket.ru/vol11278/part1127861/1127861736/images/big/1.webp
WBKANSPLS086,https://basket-20.wbbasket.ru/vol3466/part346607/346607290/images/big/1.webp
WBKANSPLS087,https://basket-16.wbbasket.ru/vol2506/part250614/250614474/images/big/1.webp
WBKANSPLS088,https://basket-41.wbbasket.ru/vol10328/part1032885/1032885716/images/big/1.webp
WBKANSPLS089,https://basket-15.wbbasket.ru/vol2310/part231051/231051849/images/big/1.webp
WBKANSPLS090,https://basket-21.wbbasket.ru/vol3664/part366469/366469520/images/big/1.webp
WBKANSPLS091,https://basket-20.wbbasket.ru/vol3353/part335352/335352509/images/big/1.webp
WBKANSPLS092,https://basket-04.wbbasket.ru/vol584/part58455/58455511/images/big/1.webp
WBKANSPLS093,https://basket-16.wbbasket.ru/vol2502/part250242/250242052/images/big/1.webp
WBKANSPLS094,https://basket-41.wbbasket.ru/vol10328/part1032885/1032885717/images/big/1.webp
WBKANSPLS095,https://basket-10.wbbasket.ru/vol1551/part155173/155173329/images/big/1.webp
WBKANSPLS096,https://basket-33.wbbasket.ru/vol6789/part678955/678955086/images/big/1.webp
WBKANSPLS097,https://basket-10.wbbasket.ru/vol1457/part145713/145713429/images/big/1.webp
WBKANSPLS098,https://basket-39.wbbasket.ru/vol8857/part885737/885737139/images/big/1.webp
WBKANSPLS099,https://basket-16.wbbasket.ru/vol2439/part243974/243974606/images/big/1.webp
WBKANSPLS100,https://basket-26.wbbasket.ru/vol4749/part474904/474904265/images/big/1.webp
WBKANSPLS101,https://basket-33.wbbasket.ru/vol6791/part679123/679123481/images/big/1.webp
WBKANSPLS102,https://basket-05.wbbasket.ru/vol968/part96800/96800706/images/big/1.webp
WBKANSPLS103,https://basket-15.wbbasket.ru/vol2204/part220457/220457943/images/big/1.webp
WBKANSPLS104,https://basket-20.wbbasket.ru/vol3465/part346597/346597781/images/big/1.webp
WBKANSPLS105,https://basket-13.wbbasket.ru/vol1971/part197141/197141992/images/big/1.webp
WBKANSPLS106,https://basket-10.wbbasket.ru/vol1457/part145713/145713432/images/big/1.webp
WBKANSPLS107,https://basket-20.wbbasket.ru/vol3456/part345676/345676893/images/big/1.webp
WBKANSPLS108,https://basket-20.wbbasket.ru/vol3274/part327494/327494652/images/big/1.webp
WBKANSPLS109,https://basket-17.wbbasket.ru/vol2744/part274435/274435376/images/big/1.webp
WBKANSPLS110,https://basket-29.wbbasket.ru/vol5607/part560747/560747800/images/big/1.webp
WBKANSPLS111,https://basket-03.wbbasket.ru/vol363/part36347/36347255/images/big/1.webp
WBKANSPLS112,https://basket-38.wbbasket.ru/vol8597/part859739/859739696/images/big/1.webp
WBKANSPLS113,https://basket-03.wbbasket.ru/vol406/part40638/40638186/images/big/1.webp
WBKANSPLS114,https://basket-27.wbbasket.ru/vol4962/part496236/496236904/images/big/1.webp
WBKANSPLS115,https://basket-20.wbbasket.ru/vol3325/part332560/332560929/images/big/1.webp
WBKANSPLS116,https://basket-30.wbbasket.ru/vol5814/part581486/581486753/images/big/1.webp
WBKANSPLS117,https://basket-02.wbbasket.ru/vol257/part25786/25786391/images/big/1.webp
WBKANSPLS118,https://basket-04.wbbasket.ru/vol496/part49644/49644936/images/big/1.webp
WBKANSPLS119,https://basket-19.wbbasket.ru/vol3245/part324512/324512863/images/big/1.webp
WBKANSPLS120,https://basket-01.wbbasket.ru/vol70/part7030/7030012/images/big/1.webp
WBKANSPLS121,https://basket-02.wbbasket.ru/vol175/part17555/17555128/images/big/1.webp
WBKANSPLS122,https://basket-20.wbbasket.ru/vol3482/part348281/348281749/images/big/1.webp
WBKANSPLS123,https://basket-26.wbbasket.ru/vol4849/part484993/484993745/images/big/1.webp
WBKANSPLS124,https://basket-21.wbbasket.ru/vol3652/part365241/365241171/images/big/1.webp
WBKANSPLS125,https://basket-35.wbbasket.ru/vol7602/part760220/760220161/images/big/1.webp
WBKANSPLS126,https://basket-05.wbbasket.ru/vol904/part90472/90472054/images/big/1.webp
WBKANSPLS127,https://basket-29.wbbasket.ru/vol5539/part553940/553940264/images/big/1.webp
WBKANSPLS128,https://basket-35.wbbasket.ru/vol7660/part766038/766038750/images/big/1.webp
WBKANSPLS129,https://basket-37.wbbasket.ru/vol8071/part807189/807189298/images/big/1.webp
WBKANSPLS130,https://basket-36.wbbasket.ru/vol7817/part781736/781736808/images/big/1.webp
WBKANSPLS131,https://basket-01.wbbasket.ru/vol93/part9341/9341459/images/big/1.webp
WBKANSPLS132,https://basket-41.wbbasket.ru/vol10097/part1009721/1009721788/images/big/1.webp
WBKANSPLS133,https://basket-16.wbbasket.ru/vol2609/part260948/260948477/images/big/1.webp
WBKANSPLS134,https://basket-16.wbbasket.ru/vol2473/part247339/247339320/images/big/1.webp
WBKANSPLS135,https://basket-21.wbbasket.ru/vol3664/part366466/366466304/images/big/1.webp
WBKANSPLS136,https://basket-41.wbbasket.ru/vol9855/part985521/985521700/images/big/1.webp
WBKANSPLS137,https://basket-29.wbbasket.ru/vol5747/part574750/574750308/images/big/1.webp
WBKANSPLS138,https://basket-21.wbbasket.ru/vol3516/part351617/351617513/images/big/1.webp
WBKANSPLS139,https://basket-21.wbbasket.ru/vol3516/part351653/351653457/images/big/1.webp
WBKANSPLS140,https://basket-20.wbbasket.ru/vol3418/part341855/341855071/images/big/1.webp
WBKANSPLS141,https://basket-12.wbbasket.ru/vol1893/part189329/189329031/images/big/1.webp
WBKANSPLS142,https://basket-12.wbbasket.ru/vol1819/part181962/181962480/images/big/1.webp
WBKANSPLS143,https://basket-04.wbbasket.ru/vol623/part62308/62308938/images/big/1.webp
WBKANSPLS144,https://basket-03.wbbasket.ru/vol337/part33784/33784598/images/big/1.webp
WBKANSPLS145,https://basket-20.wbbasket.ru/vol3279/part327915/327915704/images/big/1.webp
WBKANSPLS146,https://basket-41.wbbasket.ru/vol9855/part985521/985521699/images/big/1.webp
WBKANSPLS147,https://basket-30.wbbasket.ru/vol6085/part608562/608562053/images/big/1.webp
WBKANSPLS148,https://basket-29.wbbasket.ru/vol5674/part567463/567463304/images/big/1.webp
WBKANSPLS149,https://basket-01.wbbasket.ru/vol89/part8948/8948592/images/big/1.webp
WBKANSPLS150,https://basket-14.wbbasket.ru/vol2148/part214850/214850686/images/big/1.webp
WBKANSPLS151,https://basket-05.wbbasket.ru/vol817/part81721/81721062/images/big/1.webp
WBKANSPLS152,https://basket-21.wbbasket.ru/vol3516/part351635/351635633/images/big/1.webp
WBKANSPLS153,https://basket-20.wbbasket.ru/vol3482/part348285/348285128/images/big/1.webp
WBKANSPLS154,https://basket-41.wbbasket.ru/vol10097/part1009721/1009721789/images/big/1.webp
WBKANSPLS155,https://basket-34.wbbasket.ru/vol7106/part710656/710656850/images/big/1.webp
WBKANSPLS156,https://basket-24.wbbasket.ru/vol4316/part431654/431654651/images/big/1.webp
WBKANSPLS157,https://basket-24.wbbasket.ru/vol4198/part419808/419808093/images/big/1.webp
WBKANSPLS158,https://basket-02.wbbasket.ru/vol179/part17987/17987243/images/big/1.webp
WBKANSPLS159,https://basket-16.wbbasket.ru/vol2435/part243523/243523201/images/big/1.webp
WBKANSPLS160,https://basket-21.wbbasket.ru/vol3516/part351670/351670482/images/big/1.webp
WBKANSPLS161,https://basket-02.wbbasket.ru/vol175/part17555/17555133/images/big/1.webp
WBKANSPLS162,https://basket-12.wbbasket.ru/vol1819/part181962/181962481/images/big/1.webp
WBKANSPLS163,https://basket-12.wbbasket.ru/vol1704/part170412/170412178/images/big/1.webp
WBKANSPLS164,https://basket-12.wbbasket.ru/vol1704/part170412/170412177/images/big/1.webp
WBKANSPLS165,https://basket-23.wbbasket.ru/vol4029/part402983/402983603/images/big/1.webp
WBKANSPLS166,https://basket-35.wbbasket.ru/vol7544/part754453/754453395/images/big/1.webp
WBKANSPLS167,https://basket-21.wbbasket.ru/vol3540/part354078/354078259/images/big/1.webp
WBKANSPLS168,https://basket-10.wbbasket.ru/vol1502/part150252/150252197/images/big/1.webp
WBKANSPLS169,https://basket-16.wbbasket.ru/vol2453/part245398/245398590/images/big/1.webp
WBKANSPLS170,https://basket-24.wbbasket.ru/vol4311/part431119/431119736/images/big/1.webp
WBKANSPLS171,https://basket-12.wbbasket.ru/vol1789/part178951/178951130/images/big/1.webp
WBKANSPLS174,https://basket-15.wbbasket.ru/vol2258/part225871/225871405/images/big/1.webp
WBKANSPLS175,https://basket-10.wbbasket.ru/vol1563/part156368/156368291/images/big/1.webp
WBKANSPLS176,https://basket-16.wbbasket.ru/vol2473/part247334/247334429/images/big/1.webp
WBKANSPLS177,https://basket-38.wbbasket.ru/vol8598/part859842/859842586/images/big/1.webp
WBKANSPLS178,https://basket-09.wbbasket.ru/vol1228/part122834/122834437/images/big/1.webp
WBKANSPLS179,https://basket-42.wbbasket.ru/vol10883/part1088311/1088311126/images/big/1.webp
WBKANSPLS180,https://basket-11.wbbasket.ru/vol1629/part162947/162947030/images/big/1.webp
WBKANSPLS183,https://basket-27.wbbasket.ru/vol5169/part516913/516913748/images/big/1.webp
WBKANSPLS184,https://basket-21.wbbasket.ru/vol3516/part351658/351658858/images/big/1.webp
WBKANSPLS185,https://basket-21.wbbasket.ru/vol3555/part355534/355534758/images/big/1.webp
WBKANSPLS187,https://basket-19.wbbasket.ru/vol3060/part306048/306048150/images/big/1.webp
WBKANSPLS188,https://basket-21.wbbasket.ru/vol3652/part365238/365238735/images/big/1.webp
WBKANSPLS189,https://basket-10.wbbasket.ru/vol1457/part145713/145713431/images/big/1.webp
WBKANSPLS190,https://basket-16.wbbasket.ru/vol2573/part257355/257355757/images/big/1.webp
WBKANSPLS191,https://basket-25.wbbasket.ru/vol4462/part446281/446281188/images/big/1.webp
WBKANSPLS192,https://basket-29.wbbasket.ru/vol5684/part568466/568466740/images/big/1.webp
WBKANSPLS193,https://basket-10.wbbasket.ru/vol1401/part140138/140138325/images/big/1.webp
WBKANSPLS194,https://basket-38.wbbasket.ru/vol8512/part851221/851221385/images/big/1.webp
WBKANSPLS195,https://basket-38.wbbasket.ru/vol8598/part859826/859826582/images/big/1.webp
WBKANSPLS196,https://basket-21.wbbasket.ru/vol3540/part354069/354069557/images/big/1.webp
WBKANSPLS197,https://basket-22.wbbasket.ru/vol3765/part376526/376526797/images/big/1.webp
WBKANSPLS198,https://basket-17.wbbasket.ru/vol2631/part263177/263177864/images/big/1.webp
WBKANSPLS200,https://basket-10.wbbasket.ru/vol1502/part150252/150252198/images/big/1.webp
WBKANSPLS201,https://basket-25.wbbasket.ru/vol4365/part436526/436526709/images/big/1.webp
WBKANSPLS202,https://basket-15.wbbasket.ru/vol2318/part231801/231801780/images/big/1.webp
WBKANSPLS203,https://basket-10.wbbasket.ru/vol1457/part145709/145709384/images/big/1.webp
WBKANSPLS205,https://basket-02.wbbasket.ru/vol186/part18678/18678748/images/big/1.webp
WBKANSPLS206,https://basket-21.wbbasket.ru/vol3664/part366467/366467612/images/big/1.webp
WBKANSPLS207,https://basket-38.wbbasket.ru/vol8597/part859739/859739698/images/big/1.webp
WBKANSPLS208,https://basket-38.wbbasket.ru/vol8598/part859832/859832773/images/big/1.webp
WBKANSPLS210,https://basket-34.wbbasket.ru/vol7210/part721042/721042307/images/big/1.webp
WBKANSPLS211,https://basket-22.wbbasket.ru/vol3833/part383395/383395450/images/big/1.webp
WBKANSPLS212,https://basket-01.wbbasket.ru/vol84/part8473/8473374/images/big/1.webp
WBKANSPLS213,https://basket-38.wbbasket.ru/vol8598/part859847/859847989/images/big/1.webp
WBKANSPLS214,https://basket-22.wbbasket.ru/vol3765/part376526/376526789/images/big/1.webp
WBKANSPLS216,https://basket-20.wbbasket.ru/vol3433/part343370/343370522/images/big/1.webp
WBKANSPLS218,https://basket-41.wbbasket.ru/vol10158/part1015890/1015890683/images/big/1.webp
WBKANSPLS219,https://basket-20.wbbasket.ru/vol3353/part335352/335352508/images/big/1.webp
WBKANSPLS220,https://basket-25.wbbasket.ru/vol4365/part436526/436526711/images/big/1.webp
WBKANSPLS221,https://basket-15.wbbasket.ru/vol2318/part231804/231804861/images/big/1.webp
WBKANSPLS223,https://basket-01.wbbasket.ru/vol84/part8473/8473364/images/big/1.webp
WBKANSPLS225,https://basket-38.wbbasket.ru/vol8597/part859739/859739697/images/big/1.webp
WBKANSPLS227,https://basket-41.wbbasket.ru/vol10158/part1015890/1015890685/images/big/1.webp
WBKANSPLS228,https://basket-01.wbbasket.ru/vol84/part8473/8473358/images/big/1.webp
WBKANSPLS229,https://basket-11.wbbasket.ru/vol1625/part162541/162541223/images/big/1.webp
WBKANSPLS230,https://basket-10.wbbasket.ru/vol1441/part144109/144109210/images/big/1.webp
WBKANSPLS231,https://basket-41.wbbasket.ru/vol10158/part1015890/1015890684/images/big/1.webp
WBKANSPLS232,https://basket-02.wbbasket.ru/vol230/part23018/23018712/images/big/1.webp
WBKANSPLS233,https://basket-03.wbbasket.ru/vol374/part37401/37401951/images/big/1.webp
WBKANSPLS234,https://basket-05.wbbasket.ru/vol901/part90147/90147059/images/big/1.webp
WBKANSPLS236,https://basket-41.wbbasket.ru/vol10158/part1015890/1015890682/images/big/1.webp
WBKANSPLS237,https://basket-27.wbbasket.ru/vol4974/part497421/497421196/images/big/1.webp
WBKANSPLS238,https://basket-15.wbbasket.ru/vol2317/part231790/231790762/images/big/1.webp
WBKANSPLS239,https://basket-10.wbbasket.ru/vol1563/part156378/156378929/images/big/1.webp
WBKANSPLS241,https://basket-12.wbbasket.ru/vol1881/part188133/188133749/images/big/1.webp
WBKANSPLS242,https://basket-16.wbbasket.ru/vol2439/part243926/243926200/images/big/1.webp
WBKANSPLS243,https://basket-01.wbbasket.ru/vol84/part8473/8473368/images/big/1.webp
WBKANSPLS244,https://basket-25.wbbasket.ru/vol4462/part446281/446281189/images/big/1.webp
WBKANSPLS245,https://basket-12.wbbasket.ru/vol1663/part166338/166338831/images/big/1.webp
WBKANSPLS246,https://basket-12.wbbasket.ru/vol1663/part166335/166335964/images/big/1.webp
WBKANSPLS247,https://basket-18.wbbasket.ru/vol3011/part301145/301145975/images/big/1.webp
WBKANSPLS248,https://basket-39.wbbasket.ru/vol8819/part881941/881941388/images/big/1.webp
WBKANSPLS249,https://basket-10.wbbasket.ru/vol1457/part145712/145712736/images/big/1.webp
WBKANSPLS250,https://basket-01.wbbasket.ru/vol84/part8473/8473365/images/big/1.webp
WBKANSPLS251,https://basket-14.wbbasket.ru/vol2072/part207205/207205190/images/big/1.webp
WBKANSPLS252,https://basket-01.wbbasket.ru/vol41/part4196/4196437/images/big/1.webp
WBKANSPLS253,https://basket-03.wbbasket.ru/vol401/part40132/40132367/images/big/1.webp
WBKANSPLS254,https://basket-01.wbbasket.ru/vol140/part14071/14071105/images/big/1.webp
WBKANSPLS255,https://basket-01.wbbasket.ru/vol140/part14072/14072468/images/big/1.webp
WBKANSPLS256,https://basket-16.wbbasket.ru/vol2467/part246713/246713831/images/big/1.webp
WBKANSPLS257,https://basket-22.wbbasket.ru/vol3765/part376526/376526791/images/big/1.webp
WBKANSPLS258,https://basket-17.wbbasket.ru/vol2739/part273997/273997577/images/big/1.webp
WBKANSPLS259,https://basket-27.wbbasket.ru/vol5169/part516913/516913749/images/big/1.webp
WBKANSPLS260,https://basket-05.wbbasket.ru/vol720/part72025/72025094/images/big/1.webp
WBKANSPLS261,https://basket-01.wbbasket.ru/vol126/part12696/12696237/images/big/1.webp
WBKANSPLS262,https://basket-33.wbbasket.ru/vol6789/part678959/678959697/images/big/1.webp
WBKANSPLS263,https://basket-24.wbbasket.ru/vol4232/part423272/423272031/images/big/1.webp
WBKANSPLS264,https://basket-03.wbbasket.ru/vol374/part37401/37401949/images/big/1.webp
WBKANSPLS265,https://basket-02.wbbasket.ru/vol172/part17250/17250336/images/big/1.webp
WBKANSPLS266,https://basket-02.wbbasket.ru/vol175/part17555/17555129/images/big/1.webp
WBKANSPLS267,https://basket-36.wbbasket.ru/vol7835/part783551/783551073/images/big/1.webp
WBKANSPLS268,https://basket-21.wbbasket.ru/vol3516/part351665/351665915/images/big/1.webp
WBKANSPLS269,https://basket-25.wbbasket.ru/vol4365/part436526/436526710/images/big/1.webp
WBKANSPLS270,https://basket-02.wbbasket.ru/vol190/part19088/19088151/images/big/1.webp
WBKANSPLS271,https://basket-01.wbbasket.ru/vol84/part8473/8473373/images/big/1.webp
WBKANSPLS272,https://basket-16.wbbasket.ru/vol2583/part258303/258303615/images/big/1.webp
WBKANSPLS273,https://basket-20.wbbasket.ru/vol3418/part341859/341859934/images/big/1.webp
WBKANSPLS274,https://basket-03.wbbasket.ru/vol400/part40017/40017663/images/big/1.webp
WBKANSPLS276,https://basket-01.wbbasket.ru/vol84/part8473/8473370/images/big/1.webp
WBKANSPLS277,https://basket-10.wbbasket.ru/vol1394/part139442/139442991/images/big/1.webp
WBKANSPLS278,https://basket-01.wbbasket.ru/vol84/part8473/8473371/images/big/1.webp
WBKANSPLS279,https://basket-02.wbbasket.ru/vol175/part17555/17555130/images/big/1.webp
WBKANSPLS280,https://basket-12.wbbasket.ru/vol1887/part188764/188764839/images/big/1.webp
WBKANSPLS281,https://basket-20.wbbasket.ru/vol3353/part335352/335352507/images/big/1.webp
WBKANSPLS282,https://basket-15.wbbasket.ru/vol2204/part220459/220459299/images/big/1.webp
WBKANSPLS283,https://basket-15.wbbasket.ru/vol2304/part230429/230429098/images/big/1.webp
WBKANSPLS284,https://basket-13.wbbasket.ru/vol1973/part197307/197307059/images/big/1.webp
WBKANSPLS285,https://basket-22.wbbasket.ru/vol3881/part388149/388149963/images/big/1.webp
WBKANSPLS286,https://basket-01.wbbasket.ru/vol84/part8473/8473375/images/big/1.webp
WBKANSPLS287,https://basket-27.wbbasket.ru/vol4903/part490319/490319522/images/big/1.webp
WBKANSPLS288,https://basket-29.wbbasket.ru/vol5672/part567210/567210654/images/big/1.webp
WBKANSPLS289,https://basket-12.wbbasket.ru/vol1887/part188764/188764826/images/big/1.webp
WBKANSPLS290,https://basket-02.wbbasket.ru/vol175/part17555/17555131/images/big/1.webp
WBKANSPLS292,https://basket-31.wbbasket.ru/vol6184/part618400/618400710/images/big/1.webp
WBKANSPLS293,https://basket-28.wbbasket.ru/vol5258/part525842/525842744/images/big/1.webp
WBKANSPLS294,https://basket-28.wbbasket.ru/vol5277/part527789/527789939/images/big/1.webp
WBKANSPLS295,https://basket-18.wbbasket.ru/vol2911/part291102/291102064/images/big/1.webp
WBKANSPLS296,https://basket-17.wbbasket.ru/vol2687/part268756/268756199/images/big/1.webp
WBKANSPLS297,https://basket-01.wbbasket.ru/vol84/part8473/8473369/images/big/1.webp
WBKANSPLS298,https://basket-25.wbbasket.ru/vol4544/part454452/454452090/images/big/1.webp
WBKANSPLS299,https://basket-22.wbbasket.ru/vol3881/part388149/388149966/images/big/1.webp
WBKANSPLS300,https://basket-01.wbbasket.ru/vol140/part14003/14003325/images/big/1.webp
WBKANSPLS301,https://basket-02.wbbasket.ru/vol189/part18976/18976481/images/big/1.webp
WBKANSPLS302,https://basket-17.wbbasket.ru/vol2784/part278461/278461956/images/big/1.webp
WBKANSPLS303,https://basket-12.wbbasket.ru/vol1887/part188764/188764836/images/big/1.webp
WBKANSPLS304,https://basket-10.wbbasket.ru/vol1430/part143090/143090359/images/big/1.webp
WBKANSPLS305,https://basket-12.wbbasket.ru/vol1887/part188764/188764821/images/big/1.webp
WBKANSPLS306,https://basket-37.wbbasket.ru/vol8114/part811464/811464808/images/big/1.webp
WBKANSPLS307,https://basket-16.wbbasket.ru/vol2474/part247411/247411550/images/big/1.webp
WBKANSPLS308,https://basket-12.wbbasket.ru/vol1887/part188764/188764832/images/big/1.webp
WBKANSPLS309,https://basket-15.wbbasket.ru/vol2193/part219398/219398332/images/big/1.webp
WBKANSPLS310,https://basket-01.wbbasket.ru/vol112/part11212/11212424/images/big/1.webp
WBKANSPLS311,https://basket-24.wbbasket.ru/vol4326/part432686/432686355/images/big/1.webp
WBKANSPLS312,https://basket-21.wbbasket.ru/vol3664/part366470/366470520/images/big/1.webp
WBKANSPLS313,https://basket-17.wbbasket.ru/vol2721/part272128/272128329/images/big/1.webp
WBKANSPLS314,https://basket-22.wbbasket.ru/vol3888/part388806/388806429/images/big/1.webp
WBKANSPLS315,https://basket-12.wbbasket.ru/vol1887/part188764/188764835/images/big/1.webp
WBKANSPLS316,https://basket-02.wbbasket.ru/vol175/part17515/17515015/images/big/1.webp
WBKANSPLS317,https://basket-39.wbbasket.ru/vol8930/part893081/893081186/images/big/1.webp
WBKANSPLS318,https://basket-36.wbbasket.ru/vol7970/part797054/797054979/images/big/1.webp
WBKANSPLS319,https://basket-02.wbbasket.ru/vol189/part18976/18976479/images/big/1.webp
WBKANSPLS320,https://basket-39.wbbasket.ru/vol9094/part909481/909481162/images/big/1.webp
WBKANSPLS321,https://basket-05.wbbasket.ru/vol759/part75997/75997525/images/big/1.webp
WBKANSPLS322,https://basket-28.wbbasket.ru/vol5288/part528870/528870941/images/big/1.webp
WBKANSPLS323,https://basket-18.wbbasket.ru/vol3018/part301820/301820102/images/big/1.webp
WBKANSPLS324,https://basket-10.wbbasket.ru/vol1563/part156368/156368296/images/big/1.webp
WBKANSPLS325,https://basket-39.wbbasket.ru/vol8799/part879980/879980951/images/big/1.webp
WBKANSPLS326,https://basket-05.wbbasket.ru/vol766/part76645/76645659/images/big/1.webp
WBKANSPLS327,https://basket-15.wbbasket.ru/vol2190/part219007/219007207/images/big/1.webp
WBKANSPLS328,https://basket-05.wbbasket.ru/vol766/part76645/76645657/images/big/1.webp
WBKANSPLS329,https://basket-15.wbbasket.ru/vol2299/part229911/229911310/images/big/1.webp
WBKANSPLS330,https://basket-16.wbbasket.ru/vol2418/part241840/241840722/images/big/1.webp
WBKANSPLS331,https://basket-10.wbbasket.ru/vol1585/part158571/158571935/images/big/1.webp
WBKANSPLS332,https://basket-01.wbbasket.ru/vol132/part13267/13267453/images/big/1.webp
WBKANSPLS333,https://basket-01.wbbasket.ru/vol84/part8473/8473367/images/big/1.webp
WBKANSPLS334,https://basket-12.wbbasket.ru/vol1757/part175776/175776268/images/big/1.webp
WBKANSPLS335,https://basket-37.wbbasket.ru/vol8172/part817218/817218543/images/big/1.webp
WBKANSPLS336,https://basket-03.wbbasket.ru/vol374/part37401/37401950/images/big/1.webp
WBKANSPLS337,https://basket-39.wbbasket.ru/vol9005/part900546/900546973/images/big/1.webp
WBKANSPLS338,https://basket-05.wbbasket.ru/vol968/part96805/96805414/images/big/1.webp
WBKANSPLS339,https://basket-16.wbbasket.ru/vol2452/part245228/245228904/images/big/1.webp
WBKANSPLS340,https://basket-02.wbbasket.ru/vol186/part18640/18640634/images/big/1.webp
WBKANSPLS341,https://basket-13.wbbasket.ru/vol1978/part197841/197841794/images/big/1.webp
WBKANSPLS342,https://basket-02.wbbasket.ru/vol172/part17250/17250335/images/big/1.webp
WBKANSPLS343,https://basket-22.wbbasket.ru/vol3888/part388802/388802502/images/big/1.webp
WBKANSPLS344,https://basket-12.wbbasket.ru/vol1663/part166335/166335965/images/big/1.webp
WBKANSPLS345,https://basket-20.wbbasket.ru/vol3372/part337218/337218647/images/big/1.webp
WBKANSPLS346,https://basket-16.wbbasket.ru/vol2421/part242165/242165819/images/big/1.webp
WBKANSPLS347,https://basket-12.wbbasket.ru/vol1663/part166335/166335967/images/big/1.webp
WBKANSPLS348,https://basket-02.wbbasket.ru/vol172/part17250/17250332/images/big/1.webp
WBKANSPLS349,https://basket-20.wbbasket.ru/vol3325/part332560/332560932/images/big/1.webp
WBKANSPLS350,https://basket-17.wbbasket.ru/vol2742/part274282/274282184/images/big/1.webp
WBKANSPLS351,https://basket-03.wbbasket.ru/vol374/part37403/37403339/images/big/1.webp
WBKANSPLS352,https://basket-14.wbbasket.ru/vol2116/part211635/211635245/images/big/1.webp
WBKANSPLS353,https://basket-33.wbbasket.ru/vol6790/part679096/679096215/images/big/1.webp
WBKANSPLS354,https://basket-33.wbbasket.ru/vol6771/part677113/677113435/images/big/1.webp
WBKANSPLS355,https://basket-38.wbbasket.ru/vol8512/part851221/851221521/images/big/1.webp
WBKANSPLS356,https://basket-33.wbbasket.ru/vol6789/part678935/678935423/images/big/1.webp
WBKANSPLS357,https://basket-19.wbbasket.ru/vol3199/part319942/319942681/images/big/1.webp
WBKANSPLS358,https://basket-15.wbbasket.ru/vol2342/part234252/234252215/images/big/1.webp
WBKANSPLS359,https://basket-12.wbbasket.ru/vol1772/part177282/177282831/images/big/1.webp
WBKANSPLS360,https://basket-37.wbbasket.ru/vol8137/part813703/813703786/images/big/1.webp
WBKANSPLS361,https://basket-26.wbbasket.ru/vol4681/part468164/468164655/images/big/1.webp
WBKANSPLS362,https://basket-21.wbbasket.ru/vol3664/part366475/366475803/images/big/1.webp
WBKANSPLS363,https://basket-05.wbbasket.ru/vol817/part81728/81728140/images/big/1.webp
WBKANSPLS364,https://basket-15.wbbasket.ru/vol2299/part229911/229911311/images/big/1.webp
WBKANSPLS365,https://basket-03.wbbasket.ru/vol429/part42914/42914071/images/big/1.webp
WBKANSPLS366,https://basket-16.wbbasket.ru/vol2473/part247396/247396972/images/big/1.webp
WBKANSPLS367,https://basket-01.wbbasket.ru/vol124/part12454/12454979/images/big/1.webp
WBKANSPLS368,https://basket-17.wbbasket.ru/vol2758/part275894/275894882/images/big/1.webp
WBKANSPLS369,https://basket-15.wbbasket.ru/vol2338/part233877/233877086/images/big/1.webp
WBKANSPLS370,https://basket-18.wbbasket.ru/vol2846/part284623/284623747/images/big/1.webp
WBKANSPLS371,https://basket-14.wbbasket.ru/vol2087/part208793/208793140/images/big/1.webp
WBKANSPLS372,https://basket-14.wbbasket.ru/vol2061/part206103/206103380/images/big/1.webp
WBKANSPLS373,https://basket-40.wbbasket.ru/vol9555/part955594/955594665/images/big/1.webp
WBKANSPLS374,https://basket-12.wbbasket.ru/vol1887/part188764/188764819/images/big/1.webp
WBKANSPLS375,https://basket-40.wbbasket.ru/vol9513/part951357/951357325/images/big/1.webp
WBKANSPLS376,https://basket-15.wbbasket.ru/vol2318/part231821/231821345/images/big/1.webp
WBKANSPLS377,https://basket-12.wbbasket.ru/vol1887/part188764/188764825/images/big/1.webp
WBKANSPLS378,https://basket-15.wbbasket.ru/vol2271/part227105/227105502/images/big/1.webp
WBKANSPLS379,https://basket-10.wbbasket.ru/vol1563/part156373/156373819/images/big/1.webp
WBKANSPLS380,https://basket-02.wbbasket.ru/vol178/part17865/17865335/images/big/1.webp
WBKANSPLS381,https://basket-10.wbbasket.ru/vol1491/part149195/149195880/images/big/1.webp
WBKANSPLS382,https://basket-16.wbbasket.ru/vol2471/part247131/247131315/images/big/1.webp
WBKANSPLS383,https://basket-10.wbbasket.ru/vol1563/part156368/156368292/images/big/1.webp
WBKANSPLS384,https://basket-13.wbbasket.ru/vol1971/part197141/197141995/images/big/1.webp
WBKANSPLS385,https://basket-15.wbbasket.ru/vol2289/part228998/228998902/images/big/1.webp
WBKANSPLS386,https://basket-01.wbbasket.ru/vol127/part12703/12703172/images/big/1.webp
WBKANSPLS387,https://basket-02.wbbasket.ru/vol172/part17250/17250333/images/big/1.webp
WBKANSPLS388,https://basket-23.wbbasket.ru/vol4023/part402364/402364960/images/big/1.webp
WBKANSPLS389,https://basket-01.wbbasket.ru/vol132/part13267/13267471/images/big/1.webp
WBKANSPLS390,https://basket-10.wbbasket.ru/vol1392/part139274/139274211/images/big/1.webp
WBKANSPLS391,https://basket-15.wbbasket.ru/vol2281/part228172/228172087/images/big/1.webp
WBKANSPLS392,https://basket-19.wbbasket.ru/vol3149/part314918/314918947/images/big/1.webp
WBKANSPLS393,https://basket-26.wbbasket.ru/vol4597/part459733/459733955/images/big/1.webp
WBKANSPLS394,https://basket-05.wbbasket.ru/vol900/part90031/90031945/images/big/1.webp
WBKANSPLS395,https://basket-21.wbbasket.ru/vol3540/part354082/354082941/images/big/1.webp
WBKANSPLS396,https://basket-19.wbbasket.ru/vol3150/part315050/315050165/images/big/1.webp
WBKANSPLS397,https://basket-16.wbbasket.ru/vol2543/part254346/254346274/images/big/1.webp
WBKANSPLS398,https://basket-16.wbbasket.ru/vol2421/part242165/242165222/images/big/1.webp
WBKANSPLS399,https://basket-12.wbbasket.ru/vol1835/part183585/183585767/images/big/1.webp
WBKANSPLS400,https://basket-15.wbbasket.ru/vol2379/part237908/237908173/images/big/1.webp
WBKANSPOD001,https://basket-19.wbbasket.ru/vol3146/part314661/314661522/images/big/1.webp
WBKANSPOD002,https://basket-03.wbbasket.ru/vol410/part41089/41089424/images/big/1.webp
WBKANSPOD003,https://basket-24.wbbasket.ru/vol4181/part418182/418182753/images/big/1.webp
WBKANSPOD004,https://basket-20.wbbasket.ru/vol3345/part334510/334510075/images/big/1.webp
WBKANSPOD005,https://basket-34.wbbasket.ru/vol7117/part711740/711740176/images/big/1.webp
WBKANSPOD006,https://basket-39.wbbasket.ru/vol8815/part881587/881587646/images/big/1.webp
WBKANSPOD007,https://basket-24.wbbasket.ru/vol4181/part418182/418182749/images/big/1.webp
WBKANSPOD008,https://basket-21.wbbasket.ru/vol3620/part362040/362040664/images/big/1.webp
WBKANSPOD009,https://basket-28.wbbasket.ru/vol5278/part527860/527860819/images/big/1.webp
WBKANSPOD010,https://basket-28.wbbasket.ru/vol5322/part532249/532249606/images/big/1.webp
WBKANSPOD011,https://basket-16.wbbasket.ru/vol2509/part250999/250999416/images/big/1.webp
WBKANSPOD012,https://basket-35.wbbasket.ru/vol7568/part756825/756825997/images/big/1.webp
WBKANSPOD013,https://basket-10.wbbasket.ru/vol1357/part135779/135779438/images/big/1.webp
WBKANSPOD014,https://basket-23.wbbasket.ru/vol3984/part398453/398453669/images/big/1.webp
WBKANSPOD015,https://basket-28.wbbasket.ru/vol5322/part532249/532249613/images/big/1.webp
WBKANSPOD016,https://basket-21.wbbasket.ru/vol3620/part362040/362040691/images/big/1.webp
WBKANSPOD017,https://basket-15.wbbasket.ru/vol2211/part221193/221193360/images/big/1.webp
WBKANSPOD018,https://basket-17.wbbasket.ru/vol2749/part274994/274994146/images/big/1.webp
WBKANSPOD019,https://basket-03.wbbasket.ru/vol416/part41664/41664463/images/big/1.webp
WBKANSPOD020,https://basket-26.wbbasket.ru/vol4686/part468616/468616147/images/big/1.webp
WBKANSPOD021,https://basket-17.wbbasket.ru/vol2749/part274994/274994147/images/big/1.webp
WBKANSPOD022,https://basket-19.wbbasket.ru/vol3146/part314661/314661521/images/big/1.webp
WBKANSPOD023,https://basket-36.wbbasket.ru/vol7818/part781861/781861806/images/big/1.webp
WBKANSPOD024,https://basket-35.wbbasket.ru/vol7568/part756825/756825990/images/big/1.webp
WBKANSPOD025,https://basket-22.wbbasket.ru/vol3726/part372618/372618592/images/big/1.webp
WBKANSPOD026,https://basket-34.wbbasket.ru/vol7117/part711723/711723609/images/big/1.webp
WBKANSPOD027,https://basket-24.wbbasket.ru/vol4181/part418182/418182751/images/big/1.webp
WBKANSPOD028,https://basket-10.wbbasket.ru/vol1595/part159544/159544624/images/big/1.webp
WBKANSPOD029,https://basket-38.wbbasket.ru/vol8440/part844067/844067574/images/big/1.webp
WBKANSPOD030,https://basket-37.wbbasket.ru/vol8044/part804425/804425167/images/big/1.webp
WBKANSPOD031,https://basket-03.wbbasket.ru/vol294/part29475/29475481/images/big/1.webp
WBKANSPOD032,https://basket-04.wbbasket.ru/vol578/part57823/57823520/images/big/1.webp
WBKANSPOD033,https://basket-15.wbbasket.ru/vol2383/part238360/238360946/images/big/1.webp
WBKANSPOD034,https://basket-26.wbbasket.ru/vol4630/part463003/463003784/images/big/1.webp
WBKANSPOD035,https://basket-40.wbbasket.ru/vol9333/part933333/933333093/images/big/1.webp
WBKANSPOD036,https://basket-27.wbbasket.ru/vol5077/part507796/507796205/images/big/1.webp
WBKANSPOD037,https://basket-23.wbbasket.ru/vol3984/part398456/398456950/images/big/1.webp
WBKANSPOD038,https://basket-12.wbbasket.ru/vol1794/part179406/179406642/images/big/1.webp
WBKANSPOD039,https://basket-21.wbbasket.ru/vol3620/part362040/362040670/images/big/1.webp
WBKANSPOD040,https://basket-02.wbbasket.ru/vol245/part24551/24551610/images/big/1.webp
WBKANSPOD041,https://basket-01.wbbasket.ru/vol132/part13288/13288236/images/big/1.webp
WBKANSPOD042,https://basket-23.wbbasket.ru/vol3984/part398453/398453645/images/big/1.webp
WBKANSPOD043,https://basket-28.wbbasket.ru/vol5322/part532249/532249627/images/big/1.webp
WBKANSPOD044,https://basket-28.wbbasket.ru/vol5322/part532249/532249600/images/big/1.webp
WBKANSPOD045,https://basket-01.wbbasket.ru/vol132/part13288/13288235/images/big/1.webp
WBKANSPOD046,https://basket-18.wbbasket.ru/vol3022/part302287/302287356/images/big/1.webp
WBKANSPOD047,https://basket-12.wbbasket.ru/vol1869/part186967/186967833/images/big/1.webp
WBKANSPOD048,https://basket-28.wbbasket.ru/vol5322/part532249/532249596/images/big/1.webp
WBKANSPOD049,https://basket-35.wbbasket.ru/vol7568/part756826/756826000/images/big/1.webp
WBKANSPOD050,https://basket-03.wbbasket.ru/vol410/part41089/41089422/images/big/1.webp
WBKANSPOD051,https://basket-12.wbbasket.ru/vol1869/part186967/186967832/images/big/1.webp
WBKANSPOD052,https://basket-03.wbbasket.ru/vol301/part30185/30185516/images/big/1.webp
WBKANSPOD053,https://basket-13.wbbasket.ru/vol2016/part201623/201623739/images/big/1.webp
WBKANSPOD054,https://basket-10.wbbasket.ru/vol1579/part157918/157918892/images/big/1.webp
WBKANSPOD055,https://basket-16.wbbasket.ru/vol2470/part247031/247031726/images/big/1.webp
WBKANSPOD056,https://basket-08.wbbasket.ru/vol1120/part112057/112057526/images/big/1.webp
WBKANSPOD057,https://basket-10.wbbasket.ru/vol1357/part135779/135779430/images/big/1.webp
WBKANSPOD058,https://basket-02.wbbasket.ru/vol245/part24539/24539453/images/big/1.webp
WBKANSPOD059,https://basket-10.wbbasket.ru/vol1579/part157918/157918890/images/big/1.webp
WBKANSPOD060,https://basket-39.wbbasket.ru/vol8895/part889569/889569331/images/big/1.webp
WBKANSPOD061,https://basket-11.wbbasket.ru/vol1608/part160831/160831671/images/big/1.webp
WBKANSPOD062,https://basket-38.wbbasket.ru/vol8440/part844067/844067577/images/big/1.webp
WBKANSPOD063,https://basket-28.wbbasket.ru/vol5322/part532249/532249617/images/big/1.webp
WBKANSPOD064,https://basket-19.wbbasket.ru/vol3057/part305765/305765345/images/big/1.webp
WBKANSPOD065,https://basket-18.wbbasket.ru/vol2918/part291863/291863453/images/big/1.webp
WBKANSPOD066,https://basket-28.wbbasket.ru/vol5252/part525292/525292728/images/big/1.webp
WBKANSPOD067,https://basket-22.wbbasket.ru/vol3759/part375952/375952750/images/big/1.webp
WBKANSPOD068,https://basket-35.wbbasket.ru/vol7568/part756825/756825989/images/big/1.webp
WBKANSPOD069,https://basket-27.wbbasket.ru/vol4994/part499447/499447318/images/big/1.webp
WBKANSPOD070,https://basket-35.wbbasket.ru/vol7568/part756825/756825994/images/big/1.webp
WBKANSPOD071,https://basket-12.wbbasket.ru/vol1721/part172188/172188866/images/big/1.webp
WBKANSPOD072,https://basket-38.wbbasket.ru/vol8440/part844067/844067576/images/big/1.webp
WBKANSPOD073,https://basket-12.wbbasket.ru/vol1853/part185309/185309517/images/big/1.webp
WBKANSPOD074,https://basket-16.wbbasket.ru/vol2604/part260481/260481415/images/big/1.webp
WBKANSPOD075,https://basket-11.wbbasket.ru/vol1608/part160853/160853190/images/big/1.webp
WBKANSPOD076,https://basket-13.wbbasket.ru/vol2005/part200597/200597734/images/big/1.webp
WBKANSPOD077,https://basket-15.wbbasket.ru/vol2336/part233665/233665509/images/big/1.webp
WBKANSPOD078,https://basket-23.wbbasket.ru/vol3939/part393919/393919151/images/big/1.webp
WBKANSPOD079,https://basket-35.wbbasket.ru/vol7568/part756825/756825991/images/big/1.webp
WBKANSPOD080,https://basket-38.wbbasket.ru/vol8440/part844067/844067579/images/big/1.webp
WBKANSPOD081,https://basket-05.wbbasket.ru/vol998/part99899/99899594/images/big/1.webp
WBKANSPOD082,https://basket-11.wbbasket.ru/vol1608/part160831/160831673/images/big/1.webp
WBKANSPOD083,https://basket-03.wbbasket.ru/vol303/part30307/30307104/images/big/1.webp
WBKANSPOD084,https://basket-35.wbbasket.ru/vol7568/part756825/756825993/images/big/1.webp
WBKANSPOD085,https://basket-40.wbbasket.ru/vol9206/part920660/920660090/images/big/1.webp
WBKANSPOD086,https://basket-04.wbbasket.ru/vol486/part48633/48633278/images/big/1.webp
WBKANSPOD087,https://basket-17.wbbasket.ru/vol2713/part271341/271341019/images/big/1.webp
WBKANSPOD088,https://basket-16.wbbasket.ru/vol2509/part250999/250999412/images/big/1.webp
WBKANSPOD089,https://basket-40.wbbasket.ru/vol9333/part933333/933333094/images/big/1.webp
WBKANSPOD090,https://basket-38.wbbasket.ru/vol8662/part866247/866247437/images/big/1.webp
WBKANSPOD091,https://basket-41.wbbasket.ru/vol10158/part1015854/1015854755/images/big/1.webp
WBKANSPOD092,https://basket-35.wbbasket.ru/vol7568/part756825/756825996/images/big/1.webp
WBKANSPOD093,https://basket-03.wbbasket.ru/vol294/part29475/29475480/images/big/1.webp
WBKANSPOD094,https://basket-03.wbbasket.ru/vol303/part30307/30307522/images/big/1.webp
WBKANSPOD095,https://basket-38.wbbasket.ru/vol8440/part844067/844067580/images/big/1.webp
WBKANSPOD096,https://basket-26.wbbasket.ru/vol4762/part476271/476271034/images/big/1.webp
WBKANSPOD097,https://basket-03.wbbasket.ru/vol294/part29475/29475482/images/big/1.webp
WBKANSPOD098,https://basket-24.wbbasket.ru/vol4181/part418182/418182755/images/big/1.webp
WBKANSPOD099,https://basket-21.wbbasket.ru/vol3623/part362378/362378478/images/big/1.webp
WBKANSPOD100,https://basket-35.wbbasket.ru/vol7568/part756825/756825992/images/big/1.webp
WBKANSPOD101,https://basket-12.wbbasket.ru/vol1711/part171107/171107007/images/big/1.webp
WBKANSPOD102,https://basket-12.wbbasket.ru/vol1723/part172380/172380444/images/big/1.webp
WBKANSPOD103,https://basket-12.wbbasket.ru/vol1773/part177361/177361791/images/big/1.webp
WBKANSPOD104,https://basket-08.wbbasket.ru/vol1120/part112036/112036681/images/big/1.webp
WBKANSPOD105,https://basket-08.wbbasket.ru/vol1124/part112408/112408898/images/big/1.webp
WBKANSPOD106,https://basket-05.wbbasket.ru/vol1005/part100513/100513758/images/big/1.webp
WBKANSPOD107,https://basket-06.wbbasket.ru/vol1058/part105885/105885704/images/big/1.webp
WBKANSPOD108,https://basket-05.wbbasket.ru/vol923/part92369/92369921/images/big/1.webp
WBKANSPOD109,https://basket-05.wbbasket.ru/vol966/part96610/96610051/images/big/1.webp
WBKANSPOD110,https://basket-10.wbbasket.ru/vol1453/part145381/145381904/images/big/1.webp
WBKANSPOD112,https://basket-11.wbbasket.ru/vol1620/part162049/162049889/images/big/1.webp
WBKANSPOD113,https://basket-11.wbbasket.ru/vol1637/part163741/163741786/images/big/1.webp
WBKANSPOD114,https://basket-11.wbbasket.ru/vol1606/part160623/160623611/images/big/1.webp
WBKANSPOD115,https://basket-02.wbbasket.ru/vol185/part18552/18552072/images/big/1.webp
WBKANSPOD116,https://basket-02.wbbasket.ru/vol153/part15358/15358025/images/big/1.webp
WBKANSPOD117,https://basket-01.wbbasket.ru/vol110/part11054/11054301/images/big/1.webp
WBKANSPOD118,https://basket-02.wbbasket.ru/vol187/part18700/18700358/images/big/1.webp
WBKANSPOD119,https://basket-03.wbbasket.ru/vol416/part41664/41664464/images/big/1.webp
WBKANSPOD120,https://basket-04.wbbasket.ru/vol444/part44407/44407559/images/big/1.webp
WBKANSPOD121,https://basket-03.wbbasket.ru/vol393/part39308/39308093/images/big/1.webp
WBKANSPOD122,https://basket-03.wbbasket.ru/vol303/part30307/30307103/images/big/1.webp
WBKANSPOD123,https://basket-10.wbbasket.ru/vol1586/part158669/158669034/images/big/1.webp
WBKANSPOD124,https://basket-10.wbbasket.ru/vol1514/part151471/151471028/images/big/1.webp
WBKANSPOD125,https://basket-10.wbbasket.ru/vol1545/part154536/154536383/images/big/1.webp
WBKANSPOD126,https://basket-04.wbbasket.ru/vol647/part64736/64736835/images/big/1.webp
WBKANSPOD127,https://basket-04.wbbasket.ru/vol664/part66498/66498233/images/big/1.webp
WBKANSPOD129,https://basket-02.wbbasket.ru/vol210/part21015/21015605/images/big/1.webp
WBKANSPOD130,https://basket-10.wbbasket.ru/vol1371/part137179/137179633/images/big/1.webp
WBKANSPOD131,https://basket-10.wbbasket.ru/vol1382/part138267/138267255/images/big/1.webp
WBKANSPOD132,https://basket-05.wbbasket.ru/vol814/part81404/81404512/images/big/1.webp
WBKANSPOD133,https://basket-05.wbbasket.ru/vol814/part81406/81406596/images/big/1.webp
WBKANSPOD134,https://basket-05.wbbasket.ru/vol822/part82257/82257021/images/big/1.webp
WBKANSPOD135,https://basket-05.wbbasket.ru/vol822/part82266/82266991/images/big/1.webp
WBKANSPOD136,https://basket-12.wbbasket.ru/vol1850/part185007/185007902/images/big/1.webp
WBKANSPOD137,https://basket-12.wbbasket.ru/vol1827/part182726/182726396/images/big/1.webp
WBKANSPOD138,https://basket-09.wbbasket.ru/vol1260/part126065/126065345/images/big/1.webp
WBKANSPOD139,https://basket-04.wbbasket.ru/vol504/part50499/50499152/images/big/1.webp
WBKANSPOD140,https://basket-04.wbbasket.ru/vol562/part56220/56220889/images/big/1.webp
WBKANSPOD141,https://basket-05.wbbasket.ru/vol949/part94925/94925403/images/big/1.webp
WBKANSPOD142,https://basket-05.wbbasket.ru/vol949/part94907/94907116/images/big/1.webp
WBKANSPOD143,https://basket-05.wbbasket.ru/vol949/part94925/94925404/images/big/1.webp
WBKANSPOD144,https://basket-05.wbbasket.ru/vol947/part94760/94760136/images/big/1.webp
WBKANSPOD145,https://basket-03.wbbasket.ru/vol294/part29475/29475483/images/big/1.webp
WBKANSPOD146,https://basket-03.wbbasket.ru/vol294/part29457/29457338/images/big/1.webp
WBKANSPOD147,https://basket-03.wbbasket.ru/vol294/part29457/29457341/images/big/1.webp
WBKANSPOD148,https://basket-03.wbbasket.ru/vol294/part29457/29457340/images/big/1.webp
WBKANSPOD149,https://basket-03.wbbasket.ru/vol294/part29457/29457337/images/big/1.webp
WBKANSPOD150,https://basket-08.wbbasket.ru/vol1133/part113349/113349352/images/big/1.webp
WBKANSPOD151,https://basket-08.wbbasket.ru/vol1133/part113349/113349351/images/big/1.webp
WBKANSPOD152,https://basket-04.wbbasket.ru/vol486/part48633/48633279/images/big/1.webp
WBKANSPOD153,https://basket-03.wbbasket.ru/vol410/part41089/41089421/images/big/1.webp
WBKANSPOD154,https://basket-01.wbbasket.ru/vol132/part13288/13288234/images/big/1.webp
WBKANSPOD155,https://basket-01.wbbasket.ru/vol132/part13288/13288233/images/big/1.webp
WBKANSPOD156,https://basket-10.wbbasket.ru/vol1513/part151380/151380278/images/big/1.webp
WBKANSPOD157,https://basket-10.wbbasket.ru/vol1513/part151381/151381798/images/big/1.webp
WBKANSPOD158,https://basket-10.wbbasket.ru/vol1542/part154262/154262474/images/big/1.webp
WBKANSPOD159,https://basket-10.wbbasket.ru/vol1513/part151381/151381797/images/big/1.webp
WBKANSPOD160,https://basket-11.wbbasket.ru/vol1608/part160853/160853192/images/big/1.webp
WBKANSPOD161,https://basket-12.wbbasket.ru/vol1688/part168801/168801865/images/big/1.webp
WBKANSPOD162,https://basket-12.wbbasket.ru/vol1688/part168801/168801866/images/big/1.webp
WBKANSPOD163,https://basket-11.wbbasket.ru/vol1627/part162704/162704400/images/big/1.webp
WBKANSPOD164,https://basket-12.wbbasket.ru/vol1688/part168801/168801864/images/big/1.webp
WBKANSPOD165,https://basket-03.wbbasket.ru/vol364/part36412/36412603/images/big/1.webp
WBKANSPOD166,https://basket-03.wbbasket.ru/vol301/part30185/30185515/images/big/1.webp
WBKANSPOD167,https://basket-03.wbbasket.ru/vol364/part36412/36412601/images/big/1.webp
WBKANSPOD168,https://basket-03.wbbasket.ru/vol346/part34685/34685700/images/big/1.webp
WBKANSPOD169,https://basket-03.wbbasket.ru/vol303/part30307/30307102/images/big/1.webp
WBKANSPOD170,https://basket-10.wbbasket.ru/vol1444/part144443/144443605/images/big/1.webp
WBKANSPOD171,https://basket-12.wbbasket.ru/vol1726/part172646/172646325/images/big/1.webp
WBKANSPOD172,https://basket-06.wbbasket.ru/vol1058/part105810/105810466/images/big/1.webp
WBKANSPOD173,https://basket-06.wbbasket.ru/vol1058/part105816/105816210/images/big/1.webp
WBKANSPOD174,https://basket-10.wbbasket.ru/vol1391/part139191/139191363/images/big/1.webp
WBKANSPOD175,https://basket-09.wbbasket.ru/vol1309/part130979/130979909/images/big/1.webp
WBKANSPOD176,https://basket-09.wbbasket.ru/vol1309/part130981/130981983/images/big/1.webp
WBKANSPOD177,https://basket-09.wbbasket.ru/vol1201/part120160/120160201/images/big/1.webp
WBKANSPOD178,https://basket-08.wbbasket.ru/vol1139/part113956/113956341/images/big/1.webp
WBKANSPOD179,https://basket-08.wbbasket.ru/vol1120/part112038/112038039/images/big/1.webp
WBKANSPOD180,https://basket-04.wbbasket.ru/vol620/part62021/62021852/images/big/1.webp
WBKANSPOD181,https://basket-11.wbbasket.ru/vol1609/part160955/160955296/images/big/1.webp
WBKANSPOD182,https://basket-12.wbbasket.ru/vol1657/part165727/165727424/images/big/1.webp
WBKANSPOD183,https://basket-12.wbbasket.ru/vol1691/part169141/169141020/images/big/1.webp
WBKANSPOD184,https://basket-12.wbbasket.ru/vol1696/part169679/169679513/images/big/1.webp
WBKANSPOD185,https://basket-11.wbbasket.ru/vol1613/part161360/161360587/images/big/1.webp
WBKANSPOD186,https://basket-05.wbbasket.ru/vol721/part72130/72130153/images/big/1.webp
WBKANSPOD187,https://basket-04.wbbasket.ru/vol703/part70341/70341704/images/big/1.webp
WBKANSPOD188,https://basket-05.wbbasket.ru/vol727/part72776/72776897/images/big/1.webp
WBKANSPOD189,https://basket-10.wbbasket.ru/vol1433/part143300/143300971/images/big/1.webp
WBKANSPOD190,https://basket-10.wbbasket.ru/vol1490/part149028/149028921/images/big/1.webp
WBKANSPOD191,https://basket-10.wbbasket.ru/vol1404/part140499/140499297/images/big/1.webp
WBKANSPOD192,https://basket-10.wbbasket.ru/vol1569/part156972/156972367/images/big/1.webp
WBKANSPOD193,https://basket-10.wbbasket.ru/vol1555/part155513/155513170/images/big/1.webp
WBKANSPOD194,https://basket-10.wbbasket.ru/vol1562/part156291/156291446/images/big/1.webp
WBKANSPOD195,https://basket-01.wbbasket.ru/vol81/part8173/8173781/images/big/1.webp
WBKANSPOD196,https://basket-01.wbbasket.ru/vol95/part9596/9596213/images/big/1.webp
WBKANSPOD197,https://basket-12.wbbasket.ru/vol1707/part170771/170771630/images/big/1.webp
WBKANSPOD198,https://basket-12.wbbasket.ru/vol1713/part171392/171392654/images/big/1.webp
WBKANSPOD199,https://basket-04.wbbasket.ru/vol543/part54327/54327809/images/big/1.webp
WBKANSPOD200,https://basket-04.wbbasket.ru/vol539/part53944/53944448/images/big/1.webp
WBKANSPOD201,https://basket-02.wbbasket.ru/vol245/part24569/24569093/images/big/1.webp
WBKANSPOD202,https://basket-02.wbbasket.ru/vol286/part28675/28675977/images/big/1.webp
WBKANSPOD203,https://basket-01.wbbasket.ru/vol124/part12494/12494556/images/big/1.webp
WBKANSPOD204,https://basket-02.wbbasket.ru/vol186/part18648/18648331/images/big/1.webp
WBKANSPOD205,https://basket-09.wbbasket.ru/vol1234/part123405/123405195/images/big/1.webp
WBKANSPOD206,https://basket-09.wbbasket.ru/vol1277/part127719/127719379/images/big/1.webp
WBKANSPOD207,https://basket-09.wbbasket.ru/vol1205/part120553/120553916/images/big/1.webp
WBKANSPOD208,https://basket-09.wbbasket.ru/vol1277/part127740/127740838/images/big/1.webp
WBKANSPOD209,https://basket-04.wbbasket.ru/vol437/part43727/43727264/images/big/1.webp
WBKANSPOD210,https://basket-04.wbbasket.ru/vol442/part44297/44297056/images/big/1.webp
WBKANSPOD211,https://basket-03.wbbasket.ru/vol412/part41235/41235371/images/big/1.webp
WBKANSPOD212,https://basket-06.wbbasket.ru/vol1042/part104251/104251122/images/big/1.webp
WBKANSPOD213,https://basket-06.wbbasket.ru/vol1053/part105355/105355758/images/big/1.webp
WBKANSPOD214,https://basket-03.wbbasket.ru/vol334/part33486/33486721/images/big/1.webp
WBKANSPOD215,https://basket-03.wbbasket.ru/vol360/part36031/36031161/images/big/1.webp
WBKANSPOD216,https://basket-05.wbbasket.ru/vol954/part95430/95430162/images/big/1.webp
WBKANSPOD217,https://basket-30.wbbasket.ru/vol5848/part584845/584845404/images/big/1.webp
WBKANSPOD218,https://basket-16.wbbasket.ru/vol2507/part250776/250776483/images/big/1.webp
WBKANSPOD219,https://basket-28.wbbasket.ru/vol5322/part532249/532249616/images/big/1.webp
WBKANSPOD220,https://basket-28.wbbasket.ru/vol5322/part532249/532249620/images/big/1.webp
WBKANSPOD221,https://basket-11.wbbasket.ru/vol1608/part160831/160831674/images/big/1.webp
WBKANSPOD222,https://basket-25.wbbasket.ru/vol4518/part451851/451851919/images/big/1.webp
WBKANSPOD223,https://basket-23.wbbasket.ru/vol3942/part394248/394248319/images/big/1.webp
WBKANSPOD224,https://basket-19.wbbasket.ru/vol3139/part313906/313906952/images/big/1.webp
WBKANSPOD225,https://basket-23.wbbasket.ru/vol3942/part394248/394248317/images/big/1.webp
WBKANSPOD226,https://basket-41.wbbasket.ru/vol9696/part969636/969636226/images/big/1.webp
WBKANSPOD227,https://basket-01.wbbasket.ru/vol88/part8847/8847204/images/big/1.webp
WBKANSPOD228,https://basket-10.wbbasket.ru/vol1579/part157918/157918888/images/big/1.webp
WBKANSPOD229,https://basket-19.wbbasket.ru/vol3139/part313906/313906953/images/big/1.webp
WBKANSPOD230,https://basket-29.wbbasket.ru/vol5553/part555305/555305742/images/big/1.webp
WBKANSPOD231,https://basket-12.wbbasket.ru/vol1743/part174373/174373273/images/big/1.webp
WBKANSPOD232,https://basket-28.wbbasket.ru/vol5327/part532721/532721683/images/big/1.webp
WBKANSPOD233,https://basket-25.wbbasket.ru/vol4531/part453161/453161026/images/big/1.webp
WBKANSPOD234,https://basket-28.wbbasket.ru/vol5322/part532249/532249625/images/big/1.webp
WBKANSPOD235,https://basket-38.wbbasket.ru/vol8440/part844067/844067578/images/big/1.webp
WBKANSPOD236,https://basket-35.wbbasket.ru/vol7568/part756825/756825969/images/big/1.webp
WBKANSPOD237,https://basket-40.wbbasket.ru/vol9333/part933333/933333095/images/big/1.webp
WBKANSPOD238,https://basket-40.wbbasket.ru/vol9333/part933333/933333096/images/big/1.webp
WBKANSPOD239,https://basket-19.wbbasket.ru/vol3139/part313906/313906951/images/big/1.webp
WBKANSPOD240,https://basket-19.wbbasket.ru/vol3165/part316572/316572605/images/big/1.webp
WBKANSPOD241,https://basket-39.wbbasket.ru/vol9101/part910141/910141286/images/big/1.webp
WBKANSPOD242,https://basket-30.wbbasket.ru/vol5848/part584849/584849054/images/big/1.webp
WBKANSPOD243,https://basket-12.wbbasket.ru/vol1793/part179343/179343410/images/big/1.webp
WBKANSPOD244,https://basket-38.wbbasket.ru/vol8440/part844067/844067582/images/big/1.webp
WBKANSPOD245,https://basket-04.wbbasket.ru/vol539/part53993/53993171/images/big/1.webp
WBKANSPOD246,https://basket-18.wbbasket.ru/vol3051/part305188/305188595/images/big/1.webp
WBKANSPOD247,https://basket-24.wbbasket.ru/vol4231/part423146/423146284/images/big/1.webp
WBKANSPOD248,https://basket-16.wbbasket.ru/vol2464/part246490/246490829/images/big/1.webp
WBKANSPOD249,https://basket-37.wbbasket.ru/vol8114/part811467/811467142/images/big/1.webp
WBKANSPOD250,https://basket-19.wbbasket.ru/vol3177/part317798/317798534/images/big/1.webp
WBKANSPOD251,https://basket-23.wbbasket.ru/vol3960/part396060/396060035/images/big/1.webp
WBKANSPOD252,https://basket-02.wbbasket.ru/vol245/part24543/24543189/images/big/1.webp
WBKANSPOD253,https://basket-21.wbbasket.ru/vol3623/part362378/362378479/images/big/1.webp
WBKANSPOD254,https://basket-28.wbbasket.ru/vol5318/part531885/531885197/images/big/1.webp
WBKANSPOD255,https://basket-41.wbbasket.ru/vol10119/part1011906/1011906690/images/big/1.webp
WBKANSPOD256,https://basket-10.wbbasket.ru/vol1579/part157918/157918889/images/big/1.webp
WBKANSPOD257,https://basket-05.wbbasket.ru/vol975/part97516/97516372/images/big/1.webp
WBKANSPOD258,https://basket-12.wbbasket.ru/vol1831/part183119/183119237/images/big/1.webp
WBKANSPOD259,https://basket-15.wbbasket.ru/vol2211/part221191/221191110/images/big/1.webp
WBKANSPOD260,https://basket-02.wbbasket.ru/vol245/part24534/24534763/images/big/1.webp
WBKANSPOD261,https://basket-23.wbbasket.ru/vol3960/part396060/396060032/images/big/1.webp
WBKANSPOD262,https://basket-28.wbbasket.ru/vol5322/part532249/532249622/images/big/1.webp
WBKANSPOD263,https://basket-25.wbbasket.ru/vol4478/part447805/447805376/images/big/1.webp
WBKANSPOD264,https://basket-27.wbbasket.ru/vol4975/part497569/497569570/images/big/1.webp
WBKANSPOD265,https://basket-04.wbbasket.ru/vol486/part48646/48646076/images/big/1.webp
WBKANSPOD266,https://basket-23.wbbasket.ru/vol4030/part403012/403012611/images/big/1.webp
WBKANSPOD267,https://basket-12.wbbasket.ru/vol1686/part168642/168642571/images/big/1.webp
WBKANSPOD268,https://basket-35.wbbasket.ru/vol7568/part756825/756825998/images/big/1.webp
WBKANSPOD269,https://basket-35.wbbasket.ru/vol7568/part756825/756825972/images/big/1.webp
WBKANSPOD270,https://basket-27.wbbasket.ru/vol4943/part494364/494364017/images/big/1.webp
WBKANSPOD271,https://basket-06.wbbasket.ru/vol1042/part104248/104248745/images/big/1.webp
WBKANSPOD272,https://basket-24.wbbasket.ru/vol4231/part423146/423146285/images/big/1.webp
WBKANSPOD273,https://basket-25.wbbasket.ru/vol4518/part451851/451851918/images/big/1.webp
WBKANSPOD274,https://basket-23.wbbasket.ru/vol4030/part403012/403012696/images/big/1.webp
WBKANSPOD275,https://basket-29.wbbasket.ru/vol5553/part555305/555305744/images/big/1.webp
WBKANSPOD276,https://basket-33.wbbasket.ru/vol6787/part678767/678767513/images/big/1.webp
WBKANSPOD277,https://basket-23.wbbasket.ru/vol3984/part398456/398456953/images/big/1.webp
WBKANSPOD278,https://basket-35.wbbasket.ru/vol7568/part756825/756825995/images/big/1.webp
WBKANSPOD279,https://basket-23.wbbasket.ru/vol3960/part396060/396060033/images/big/1.webp
WBKANSPOD280,https://basket-02.wbbasket.ru/vol157/part15726/15726401/images/big/1.webp
WBKANSPOD281,https://basket-19.wbbasket.ru/vol3178/part317801/317801957/images/big/1.webp
WBKANSPOD282,https://basket-19.wbbasket.ru/vol3138/part313898/313898307/images/big/1.webp
WBKANSPOD283,https://basket-19.wbbasket.ru/vol3139/part313906/313906954/images/big/1.webp
WBKANSPOD284,https://basket-24.wbbasket.ru/vol4231/part423146/423146283/images/big/1.webp
WBKANSPOD285,https://basket-19.wbbasket.ru/vol3138/part313898/313898309/images/big/1.webp
WBKANSPOD286,https://basket-35.wbbasket.ru/vol7568/part756825/756825971/images/big/1.webp
WBKANSPOD287,https://basket-38.wbbasket.ru/vol8440/part844067/844067581/images/big/1.webp
WBKANSPOD288,https://basket-27.wbbasket.ru/vol5048/part504803/504803128/images/big/1.webp
WBKANSPOD289,https://basket-41.wbbasket.ru/vol10158/part1015855/1015855184/images/big/1.webp
WBKANSPOD290,https://basket-25.wbbasket.ru/vol4503/part450379/450379166/images/big/1.webp
WBKANSPOD291,https://basket-41.wbbasket.ru/vol10119/part1011906/1011906687/images/big/1.webp
WBKANSPOD292,https://basket-22.wbbasket.ru/vol3717/part371713/371713917/images/big/1.webp
WBKANSPOD293,https://basket-21.wbbasket.ru/vol3532/part353239/353239508/images/big/1.webp
WBKANSPOD294,https://basket-23.wbbasket.ru/vol3960/part396060/396060031/images/big/1.webp
WBKANSPOD295,https://basket-15.wbbasket.ru/vol2211/part221198/221198472/images/big/1.webp
WBKANSPOD296,https://basket-03.wbbasket.ru/vol408/part40884/40884561/images/big/1.webp
WBKANSPOD297,https://basket-12.wbbasket.ru/vol1703/part170334/170334635/images/big/1.webp
WBKANSPOD298,https://basket-35.wbbasket.ru/vol7568/part756825/756825999/images/big/1.webp
WBKANSPOD299,https://basket-15.wbbasket.ru/vol2211/part221198/221198470/images/big/1.webp
WBKANSPOD300,https://basket-19.wbbasket.ru/vol3162/part316275/316275025/images/big/1.webp
WBKANSSI001,https://basket-04.wbbasket.ru/vol641/part64101/64101573/images/big/1.webp
WBKANSSI003,https://basket-02.wbbasket.ru/vol179/part17966/17966612/images/big/1.webp
WBKANSSI004,https://basket-14.wbbasket.ru/vol2102/part210216/210216220/images/big/1.webp
WBKANSSI005,https://basket-04.wbbasket.ru/vol641/part64101/64101572/images/big/1.webp
WBKANSSI007,https://basket-15.wbbasket.ru/vol2388/part238818/238818424/images/big/1.webp
WBKANSSI009,https://basket-05.wbbasket.ru/vol799/part79910/79910305/images/big/1.webp
WBKANSSI010,https://basket-01.wbbasket.ru/vol35/part3544/3544513/images/big/1.webp
WBKANSSI011,https://basket-02.wbbasket.ru/vol179/part17959/17959085/images/big/1.webp
WBKANSSI012,https://basket-04.wbbasket.ru/vol654/part65486/65486537/images/big/1.webp
WBKANSSI013,https://basket-15.wbbasket.ru/vol2331/part233150/233150289/images/big/1.webp
WBKANSSI014,https://basket-12.wbbasket.ru/vol1808/part180886/180886625/images/big/1.webp
WBKANSSI015,https://basket-03.wbbasket.ru/vol351/part35146/35146965/images/big/1.webp
WBKANSSI016,https://basket-04.wbbasket.ru/vol654/part65486/65486536/images/big/1.webp
WBKANSSI017,https://basket-15.wbbasket.ru/vol2331/part233150/233150287/images/big/1.webp
WBKANSSI018,https://basket-25.wbbasket.ru/vol4452/part445227/445227717/images/big/1.webp
WBKANSSI021,https://basket-01.wbbasket.ru/vol131/part13186/13186733/images/big/1.webp
WBKANSSI022,https://basket-01.wbbasket.ru/vol126/part12638/12638136/images/big/1.webp
WBKANSSI023,https://basket-01.wbbasket.ru/vol87/part8774/8774661/images/big/1.webp
WBKANSSI025,https://basket-25.wbbasket.ru/vol4406/part440625/440625036/images/big/1.webp
WBKANSSI026,https://basket-32.wbbasket.ru/vol6676/part667602/667602584/images/big/1.webp
WBKANSSI027,https://basket-41.wbbasket.ru/vol10242/part1024282/1024282352/images/big/1.webp
WBKANSSI030,https://basket-20.wbbasket.ru/vol3416/part341633/341633380/images/big/1.webp
WBKANSSI031,https://basket-20.wbbasket.ru/vol3416/part341641/341641838/images/big/1.webp
WBKANSSI032,https://basket-20.wbbasket.ru/vol3416/part341633/341633382/images/big/1.webp
WBKANSSI033,https://basket-40.wbbasket.ru/vol9332/part933269/933269544/images/big/1.webp
WBKANSSI034,https://basket-01.wbbasket.ru/vol110/part11054/11054283/images/big/1.webp
WBKANSSI035,https://basket-25.wbbasket.ru/vol4452/part445219/445219469/images/big/1.webp
WBKANSSI036,https://basket-25.wbbasket.ru/vol4452/part445225/445225744/images/big/1.webp
WBKANSSI038,https://basket-05.wbbasket.ru/vol958/part95874/95874719/images/big/1.webp
WBKANSSI039,https://basket-02.wbbasket.ru/vol179/part17959/17959089/images/big/1.webp
WBKANSSI040,https://basket-20.wbbasket.ru/vol3416/part341640/341640952/images/big/1.webp
WBKANSSI041,https://basket-05.wbbasket.ru/vol1000/part100055/100055574/images/big/1.webp
WBKANSSI042,https://basket-12.wbbasket.ru/vol1697/part169777/169777360/images/big/1.webp
WBKANSSI043,https://basket-14.wbbasket.ru/vol2102/part210216/210216224/images/big/1.webp
WBKANSSI044,https://basket-15.wbbasket.ru/vol2321/part232162/232162880/images/big/1.webp
WBKANSSI045,https://basket-20.wbbasket.ru/vol3416/part341633/341633379/images/big/1.webp
WBKANSSI048,https://basket-01.wbbasket.ru/vol126/part12638/12638140/images/big/1.webp
WBKANSSI049,https://basket-12.wbbasket.ru/vol1846/part184610/184610964/images/big/1.webp
WBKANSSI050,https://basket-01.wbbasket.ru/vol122/part12209/12209432/images/big/1.webp
WBKANSSI051,https://basket-12.wbbasket.ru/vol1697/part169787/169787928/images/big/1.webp
WBKANSSI052,https://basket-04.wbbasket.ru/vol641/part64101/64101574/images/big/1.webp
WBKANSSI053,https://basket-01.wbbasket.ru/vol131/part13186/13186734/images/big/1.webp
WBKANSSI054,https://basket-15.wbbasket.ru/vol2331/part233150/233150288/images/big/1.webp
WBKANSSI057,https://basket-20.wbbasket.ru/vol3416/part341633/341633381/images/big/1.webp
WBKANSSI058,https://basket-32.wbbasket.ru/vol6676/part667663/667663952/images/big/1.webp
WBKANSSI059,https://basket-04.wbbasket.ru/vol641/part64101/64101575/images/big/1.webp
WBKANSSI060,https://basket-12.wbbasket.ru/vol1697/part169784/169784616/images/big/1.webp
WBKANSSI061,https://basket-04.wbbasket.ru/vol654/part65486/65486539/images/big/1.webp
WBKANSSI063,https://basket-18.wbbasket.ru/vol3049/part304973/304973881/images/big/1.webp
WBKANSSI066,https://basket-03.wbbasket.ru/vol326/part32600/32600749/images/big/1.webp
WBKANSSI069,https://basket-01.wbbasket.ru/vol87/part8774/8774625/images/big/1.webp
WBKANSSI070,https://basket-20.wbbasket.ru/vol3416/part341639/341639693/images/big/1.webp
WBKANSSI071,https://basket-05.wbbasket.ru/vol848/part84877/84877438/images/big/1.webp
WBKANSSI072,https://basket-14.wbbasket.ru/vol2102/part210216/210216217/images/big/1.webp
WBKANSSI073,https://basket-01.wbbasket.ru/vol117/part11765/11765794/images/big/1.webp
WBKANSSI075,https://basket-20.wbbasket.ru/vol3416/part341650/341650709/images/big/1.webp
WBKANSSI076,https://basket-05.wbbasket.ru/vol799/part79910/79910307/images/big/1.webp
WBKANSSI078,https://basket-02.wbbasket.ru/vol179/part17959/17959088/images/big/1.webp
WBKANSSI079,https://basket-18.wbbasket.ru/vol3049/part304975/304975560/images/big/1.webp
WBKANSSI080,https://basket-04.wbbasket.ru/vol654/part65486/65486538/images/big/1.webp
WBKANSSI081,https://basket-20.wbbasket.ru/vol3416/part341643/341643320/images/big/1.webp
WBKANSSI082,https://basket-01.wbbasket.ru/vol87/part8758/8758259/images/big/1.webp
WBKANSSI083,https://basket-19.wbbasket.ru/vol3231/part323165/323165509/images/big/1.webp
WBKANSSI086,https://basket-18.wbbasket.ru/vol3049/part304971/304971576/images/big/1.webp
WBKANSSI089,https://basket-02.wbbasket.ru/vol179/part17959/17959086/images/big/1.webp
WBKANSSI090,https://basket-19.wbbasket.ru/vol3231/part323172/323172282/images/big/1.webp
WBKANSSI091,https://basket-12.wbbasket.ru/vol1808/part180886/180886626/images/big/1.webp
WBKANSSI092,https://basket-19.wbbasket.ru/vol3107/part310719/310719485/images/big/1.webp
WBKANSSI093,https://basket-03.wbbasket.ru/vol351/part35146/35146933/images/big/1.webp
WBKANSSI094,https://basket-01.wbbasket.ru/vol131/part13186/13186739/images/big/1.webp
WBKANSSI095,https://basket-05.wbbasket.ru/vol799/part79910/79910306/images/big/1.webp
WBKANSSI096,https://basket-01.wbbasket.ru/vol131/part13186/13186737/images/big/1.webp
WBKANSSI098,https://basket-19.wbbasket.ru/vol3231/part323174/323174228/images/big/1.webp
WBKANSSI099,https://basket-18.wbbasket.ru/vol3049/part304977/304977710/images/big/1.webp
WBKANSSI100,https://basket-01.wbbasket.ru/vol117/part11765/11765797/images/big/1.webp
WBKANSSI104,https://basket-05.wbbasket.ru/vol958/part95874/95874004/images/big/1.webp
WBKANSSI105,https://basket-18.wbbasket.ru/vol3049/part304979/304979830/images/big/1.webp
WBKANSSI106,https://basket-03.wbbasket.ru/vol350/part35070/35070520/images/big/1.webp
WBKANSSI108,https://basket-28.wbbasket.ru/vol5355/part535520/535520149/images/big/1.webp
WBKANSSI109,https://basket-19.wbbasket.ru/vol3133/part313309/313309822/images/big/1.webp
WBKANSSI110,https://basket-27.wbbasket.ru/vol4992/part499224/499224438/images/big/1.webp
WBKANSSI111,https://basket-40.wbbasket.ru/vol9332/part933269/933269555/images/big/1.webp
WBKANSSI114,https://basket-28.wbbasket.ru/vol5355/part535520/535520148/images/big/1.webp
WBKANSSI115,https://basket-20.wbbasket.ru/vol3416/part341630/341630326/images/big/1.webp
WBKANSSI116,https://basket-01.wbbasket.ru/vol128/part12886/12886132/images/big/1.webp
WBKANSSI117,https://basket-20.wbbasket.ru/vol3416/part341621/341621662/images/big/1.webp
WBKANSSI118,https://basket-27.wbbasket.ru/vol5054/part505457/505457748/images/big/1.webp
WBKANSSI119,https://basket-05.wbbasket.ru/vol1000/part100089/100089429/images/big/1.webp
WBKANSSI120,https://basket-01.wbbasket.ru/vol131/part13186/13186740/images/big/1.webp
WBKANSSI121,https://basket-02.wbbasket.ru/vol186/part18676/18676738/images/big/1.webp
WBKANSSI123,https://basket-12.wbbasket.ru/vol1682/part168213/168213977/images/big/1.webp
WBKANSSI125,https://basket-03.wbbasket.ru/vol351/part35146/35146975/images/big/1.webp
WBKANSSI126,https://basket-19.wbbasket.ru/vol3133/part313343/313343549/images/big/1.webp
WBKANSSI128,https://basket-15.wbbasket.ru/vol2202/part220232/220232088/images/big/1.webp
WBKANSSI130,https://basket-16.wbbasket.ru/vol2461/part246180/246180610/images/big/1.webp
WBKANSSI131,https://basket-15.wbbasket.ru/vol2223/part222327/222327016/images/big/1.webp
WBKANSSI132,https://basket-20.wbbasket.ru/vol3416/part341628/341628520/images/big/1.webp
WBKANSSI134,https://basket-01.wbbasket.ru/vol117/part11765/11765795/images/big/1.webp
WBKANSSI135,https://basket-12.wbbasket.ru/vol1846/part184611/184611606/images/big/1.webp
WBKANSSI136,https://basket-03.wbbasket.ru/vol326/part32600/32600751/images/big/1.webp
WBKANSSI137,https://basket-01.wbbasket.ru/vol126/part12638/12638141/images/big/1.webp
WBKANSSI138,https://basket-15.wbbasket.ru/vol2388/part238859/238859681/images/big/1.webp
WBKANSSI139,https://basket-30.wbbasket.ru/vol5888/part588873/588873120/images/big/1.webp
WBKANSSI141,https://basket-15.wbbasket.ru/vol2262/part226227/226227615/images/big/1.webp
WBKANSSI142,https://basket-01.wbbasket.ru/vol117/part11765/11765801/images/big/1.webp
WBKANSSI143,https://basket-01.wbbasket.ru/vol141/part14195/14195735/images/big/1.webp
WBKANSSI144,https://basket-12.wbbasket.ru/vol1685/part168577/168577343/images/big/1.webp
WBKANSSI147,https://basket-03.wbbasket.ru/vol351/part35146/35146967/images/big/1.webp
WBKANSSI148,https://basket-13.wbbasket.ru/vol1926/part192618/192618769/images/big/1.webp
WBKANSSI149,https://basket-02.wbbasket.ru/vol177/part17787/17787616/images/big/1.webp
WBKANSSI150,https://basket-01.wbbasket.ru/vol35/part3544/3544516/images/big/1.webp
WBKANSSI151,https://basket-12.wbbasket.ru/vol1808/part180886/180886627/images/big/1.webp
WBKANSSI152,https://basket-12.wbbasket.ru/vol1682/part168213/168213976/images/big/1.webp
WBKANSSI153,https://basket-01.wbbasket.ru/vol126/part12638/12638138/images/big/1.webp
WBKANSSI155,https://basket-01.wbbasket.ru/vol116/part11699/11699952/images/big/1.webp
WBKANSSI157,https://basket-05.wbbasket.ru/vol761/part76170/76170466/images/big/1.webp
WBKANSSI158,https://basket-01.wbbasket.ru/vol110/part11054/11054282/images/big/1.webp
WBKANSSI160,https://basket-02.wbbasket.ru/vol189/part18950/18950675/images/big/1.webp
WBKANSSI162,https://basket-20.wbbasket.ru/vol3416/part341633/341633365/images/big/1.webp
WBKANSSI163,https://basket-37.wbbasket.ru/vol8036/part803642/803642560/images/big/1.webp
WBKANSSI164,https://basket-02.wbbasket.ru/vol189/part18950/18950674/images/big/1.webp
WBKANSSI167,https://basket-01.wbbasket.ru/vol126/part12638/12638143/images/big/1.webp
WBKANSSI170,https://basket-41.wbbasket.ru/vol10242/part1024293/1024293227/images/big/1.webp
WBKANSSI171,https://basket-30.wbbasket.ru/vol5888/part588873/588873123/images/big/1.webp
WBKANSSI173,https://basket-01.wbbasket.ru/vol139/part13972/13972162/images/big/1.webp
WBKANSSI174,https://basket-01.wbbasket.ru/vol141/part14196/14196118/images/big/1.webp
WBKANSSI175,https://basket-03.wbbasket.ru/vol351/part35146/35146969/images/big/1.webp
WBKANSSI176,https://basket-18.wbbasket.ru/vol3049/part304984/304984567/images/big/1.webp
WBKANSSI177,https://basket-19.wbbasket.ru/vol3132/part313281/313281836/images/big/1.webp
WBKANSSI178,https://basket-25.wbbasket.ru/vol4462/part446266/446266705/images/big/1.webp
WBKANSSI181,https://basket-19.wbbasket.ru/vol3133/part313327/313327278/images/big/1.webp
WBKANSSI182,https://basket-01.wbbasket.ru/vol126/part12638/12638145/images/big/1.webp
WBKANSSI188,https://basket-25.wbbasket.ru/vol4493/part449396/449396720/images/big/1.webp
WBKANSSI190,https://basket-12.wbbasket.ru/vol1697/part169778/169778485/images/big/1.webp
WBKANSSI191,https://basket-12.wbbasket.ru/vol1678/part167824/167824530/images/big/1.webp
WBKANSSI193,https://basket-01.wbbasket.ru/vol116/part11631/11631920/images/big/1.webp
WBKANSSI194,https://basket-24.wbbasket.ru/vol4209/part420946/420946888/images/big/1.webp
WBKANSSI195,https://basket-14.wbbasket.ru/vol2102/part210216/210216215/images/big/1.webp
WBKANSSI197,https://basket-28.wbbasket.ru/vol5250/part525017/525017472/images/big/1.webp
WBKANSSI200,https://basket-37.wbbasket.ru/vol8133/part813358/813358295/images/big/1.webp
WBKANSSKE001,https://basket-39.wbbasket.ru/vol9133/part913374/913374401/images/big/1.webp
WBKANSSKE002,https://basket-36.wbbasket.ru/vol7933/part793338/793338731/images/big/1.webp
WBKANSSKE003,https://basket-39.wbbasket.ru/vol9133/part913373/913373379/images/big/1.webp
WBKANSSKE004,https://basket-10.wbbasket.ru/vol1522/part152278/152278338/images/big/1.webp
WBKANSSKE005,https://basket-10.wbbasket.ru/vol1522/part152278/152278341/images/big/1.webp
WBKANSSKE006,https://basket-38.wbbasket.ru/vol8464/part846422/846422596/images/big/1.webp
WBKANSSKE007,https://basket-36.wbbasket.ru/vol7816/part781694/781694337/images/big/1.webp
WBKANSSKE008,https://basket-10.wbbasket.ru/vol1360/part136065/136065899/images/big/1.webp
WBKANSSKE009,https://basket-12.wbbasket.ru/vol1698/part169884/169884121/images/big/1.webp
WBKANSSKE010,https://basket-14.wbbasket.ru/vol2048/part204882/204882079/images/big/1.webp
WBKANSSKE011,https://basket-36.wbbasket.ru/vol7816/part781694/781694315/images/big/1.webp
WBKANSSKE012,https://basket-36.wbbasket.ru/vol7816/part781694/781694308/images/big/1.webp
WBKANSSKE013,https://basket-06.wbbasket.ru/vol1018/part101864/101864943/images/big/1.webp
WBKANSSKE014,https://basket-36.wbbasket.ru/vol7816/part781694/781694318/images/big/1.webp
WBKANSSKE015,https://basket-04.wbbasket.ru/vol596/part59688/59688875/images/big/1.webp
WBKANSSKE016,https://basket-04.wbbasket.ru/vol718/part71807/71807369/images/big/1.webp
WBKANSSKE017,https://basket-18.wbbasket.ru/vol2886/part288633/288633069/images/big/1.webp
WBKANSSKE018,https://basket-24.wbbasket.ru/vol4161/part416127/416127480/images/big/1.webp
WBKANSSKE019,https://basket-41.wbbasket.ru/vol9670/part967034/967034106/images/big/1.webp
WBKANSSKE020,https://basket-41.wbbasket.ru/vol9670/part967034/967034104/images/big/1.webp
WBKANSSKE021,https://basket-26.wbbasket.ru/vol4665/part466546/466546039/images/big/1.webp
WBKANSSKE022,https://basket-36.wbbasket.ru/vol7816/part781694/781694325/images/big/1.webp
WBKANSSKE023,https://basket-16.wbbasket.ru/vol2451/part245110/245110438/images/big/1.webp
WBKANSSKE024,https://basket-04.wbbasket.ru/vol596/part59688/59688872/images/big/1.webp
WBKANSSKE025,https://basket-09.wbbasket.ru/vol1310/part131069/131069780/images/big/1.webp
WBKANSSKE026,https://basket-09.wbbasket.ru/vol1240/part124090/124090539/images/big/1.webp
WBKANSSKE027,https://basket-33.wbbasket.ru/vol7059/part705940/705940308/images/big/1.webp
WBKANSSKE028,https://basket-04.wbbasket.ru/vol597/part59742/59742289/images/big/1.webp
WBKANSSKE030,https://basket-15.wbbasket.ru/vol2326/part232617/232617848/images/big/1.webp
WBKANSSKE031,https://basket-26.wbbasket.ru/vol4665/part466575/466575191/images/big/1.webp
WBKANSSKE032,https://basket-39.wbbasket.ru/vol8931/part893164/893164954/images/big/1.webp
WBKANSSKE034,https://basket-14.wbbasket.ru/vol2101/part210199/210199916/images/big/1.webp
WBKANSSKE035,https://basket-20.wbbasket.ru/vol3405/part340555/340555925/images/big/1.webp
WBKANSSKE036,https://basket-38.wbbasket.ru/vol8459/part845945/845945751/images/big/1.webp
WBKANSSKE038,https://basket-01.wbbasket.ru/vol84/part8400/8400260/images/big/1.webp
WBKANSSKE039,https://basket-15.wbbasket.ru/vol2326/part232644/232644789/images/big/1.webp
WBKANSSKE040,https://basket-36.wbbasket.ru/vol7816/part781694/781694313/images/big/1.webp
WBKANSSKE041,https://basket-32.wbbasket.ru/vol6646/part664695/664695903/images/big/1.webp
WBKANSSKE044,https://basket-42.wbbasket.ru/vol10960/part1096090/1096090639/images/big/1.webp
WBKANSSKE045,https://basket-20.wbbasket.ru/vol3362/part336270/336270338/images/big/1.webp
WBKANSSKE046,https://basket-23.wbbasket.ru/vol4019/part401972/401972763/images/big/1.webp
WBKANSSKE047,https://basket-38.wbbasket.ru/vol8667/part866727/866727342/images/big/1.webp
WBKANSSKE048,https://basket-36.wbbasket.ru/vol7816/part781694/781694310/images/big/1.webp
WBKANSSKE049,https://basket-04.wbbasket.ru/vol653/part65334/65334075/images/big/1.webp
WBKANSSKE050,https://basket-36.wbbasket.ru/vol7816/part781694/781694334/images/big/1.webp
WBKANSSKE051,https://basket-01.wbbasket.ru/vol69/part6946/6946345/images/big/1.webp
WBKANSSKE052,https://basket-36.wbbasket.ru/vol7816/part781694/781694366/images/big/1.webp
WBKANSSKE053,https://basket-26.wbbasket.ru/vol4665/part466577/466577434/images/big/1.webp
WBKANSSKE054,https://basket-26.wbbasket.ru/vol4664/part466455/466455971/images/big/1.webp
WBKANSSKE055,https://basket-01.wbbasket.ru/vol69/part6946/6946342/images/big/1.webp
WBKANSSKE056,https://basket-38.wbbasket.ru/vol8666/part866616/866616180/images/big/1.webp
WBKANSSKE057,https://basket-10.wbbasket.ru/vol1360/part136065/136065896/images/big/1.webp
WBKANSSKE058,https://basket-21.wbbasket.ru/vol3676/part367681/367681732/images/big/1.webp
WBKANSSKE059,https://basket-10.wbbasket.ru/vol1543/part154378/154378027/images/big/1.webp
WBKANSSKE060,https://basket-38.wbbasket.ru/vol8666/part866666/866666158/images/big/1.webp
WBKANSSKE061,https://basket-10.wbbasket.ru/vol1522/part152278/152278359/images/big/1.webp
WBKANSSKE062,https://basket-41.wbbasket.ru/vol9984/part998495/998495125/images/big/1.webp
WBKANSSKE063,https://basket-23.wbbasket.ru/vol3985/part398571/398571332/images/big/1.webp
WBKANSSKE064,https://basket-38.wbbasket.ru/vol8666/part866637/866637211/images/big/1.webp
WBKANSSKE067,https://basket-05.wbbasket.ru/vol839/part83956/83956189/images/big/1.webp
WBKANSSKE068,https://basket-14.wbbasket.ru/vol2101/part210198/210198806/images/big/1.webp
WBKANSSKE069,https://basket-27.wbbasket.ru/vol5024/part502484/502484886/images/big/1.webp
WBKANSSKE070,https://basket-20.wbbasket.ru/vol3475/part347556/347556566/images/big/1.webp
WBKANSSKE071,https://basket-19.wbbasket.ru/vol3151/part315184/315184541/images/big/1.webp
WBKANSSKE072,https://basket-14.wbbasket.ru/vol2161/part216140/216140412/images/big/1.webp
WBKANSSKE073,https://basket-40.wbbasket.ru/vol9461/part946168/946168516/images/big/1.webp
WBKANSSKE074,https://basket-04.wbbasket.ru/vol700/part70091/70091492/images/big/1.webp
WBKANSSKE075,https://basket-14.wbbasket.ru/vol2161/part216145/216145607/images/big/1.webp
WBKANSSKE076,https://basket-36.wbbasket.ru/vol7816/part781694/781694371/images/big/1.webp
WBKANSSKE077,https://basket-29.wbbasket.ru/vol5696/part569632/569632193/images/big/1.webp
WBKANSSKE078,https://basket-22.wbbasket.ru/vol3769/part376996/376996781/images/big/1.webp
WBKANSSKE079,https://basket-09.wbbasket.ru/vol1241/part124125/124125524/images/big/1.webp
WBKANSSKE080,https://basket-30.wbbasket.ru/vol6009/part600908/600908423/images/big/1.webp
WBKANSSKE082,https://basket-04.wbbasket.ru/vol700/part70091/70091491/images/big/1.webp
WBKANSSKE083,https://basket-20.wbbasket.ru/vol3475/part347567/347567945/images/big/1.webp
WBKANSSKE084,https://basket-10.wbbasket.ru/vol1508/part150804/150804849/images/big/1.webp
WBKANSSKE085,https://basket-43.wbbasket.ru/vol11353/part1135316/1135316991/images/big/1.webp
WBKANSSKE086,https://basket-21.wbbasket.ru/vol3676/part367681/367681712/images/big/1.webp
WBKANSSKE087,https://basket-09.wbbasket.ru/vol1268/part126857/126857430/images/big/1.webp
WBKANSSKE088,https://basket-09.wbbasket.ru/vol1241/part124101/124101033/images/big/1.webp
WBKANSSKE089,https://basket-13.wbbasket.ru/vol1964/part196473/196473584/images/big/1.webp
WBKANSSKE090,https://basket-23.wbbasket.ru/vol4040/part404044/404044966/images/big/1.webp
WBKANSSKE091,https://basket-14.wbbasket.ru/vol2048/part204882/204882077/images/big/1.webp
WBKANSSKE092,https://basket-10.wbbasket.ru/vol1522/part152278/152278346/images/big/1.webp
WBKANSSKE093,https://basket-19.wbbasket.ru/vol3209/part320915/320915187/images/big/1.webp
WBKANSSKE094,https://basket-10.wbbasket.ru/vol1506/part150601/150601425/images/big/1.webp
WBKANSSKE095,https://basket-26.wbbasket.ru/vol4664/part466454/466454421/images/big/1.webp
WBKANSSKE096,https://basket-04.wbbasket.ru/vol596/part59681/59681812/images/big/1.webp
WBKANSSKE097,https://basket-21.wbbasket.ru/vol3676/part367681/367681671/images/big/1.webp
WBKANSSKE098,https://basket-14.wbbasket.ru/vol2048/part204882/204882119/images/big/1.webp
WBKANSSKE099,https://basket-10.wbbasket.ru/vol1522/part152278/152278360/images/big/1.webp
WBKANSSKE100,https://basket-20.wbbasket.ru/vol3475/part347560/347560605/images/big/1.webp
WBKANSSKE101,https://basket-21.wbbasket.ru/vol3676/part367681/367681653/images/big/1.webp
WBKANSSKE102,https://basket-25.wbbasket.ru/vol4459/part445960/445960446/images/big/1.webp
WBKANSSKE103,https://basket-14.wbbasket.ru/vol2048/part204882/204882123/images/big/1.webp
WBKANSSKE104,https://basket-03.wbbasket.ru/vol355/part35507/35507963/images/big/1.webp
WBKANSSKE105,https://basket-19.wbbasket.ru/vol3208/part320839/320839376/images/big/1.webp
WBKANSSKE106,https://basket-17.wbbasket.ru/vol2634/part263450/263450323/images/big/1.webp
WBKANSSKE107,https://basket-23.wbbasket.ru/vol3939/part393918/393918716/images/big/1.webp
WBKANSSKE108,https://basket-14.wbbasket.ru/vol2048/part204882/204882098/images/big/1.webp
WBKANSSKE109,https://basket-09.wbbasket.ru/vol1240/part124068/124068835/images/big/1.webp
WBKANSSKE110,https://basket-04.wbbasket.ru/vol653/part65334/65334076/images/big/1.webp
WBKANSSKE111,https://basket-10.wbbasket.ru/vol1522/part152278/152278342/images/big/1.webp
WBKANSSKE112,https://basket-10.wbbasket.ru/vol1524/part152465/152465617/images/big/1.webp
WBKANSSKE113,https://basket-02.wbbasket.ru/vol233/part23384/23384452/images/big/1.webp
WBKANSSKE114,https://basket-19.wbbasket.ru/vol3151/part315184/315184544/images/big/1.webp
WBKANSSKE115,https://basket-41.wbbasket.ru/vol10005/part1000591/1000591302/images/big/1.webp
WBKANSSKE116,https://basket-12.wbbasket.ru/vol1669/part166947/166947956/images/big/1.webp
WBKANSSKE117,https://basket-26.wbbasket.ru/vol4576/part457640/457640659/images/big/1.webp
WBKANSSKE118,https://basket-29.wbbasket.ru/vol5696/part569632/569632194/images/big/1.webp
WBKANSSKE119,https://basket-19.wbbasket.ru/vol3108/part310829/310829082/images/big/1.webp
WBKANSSKE120,https://basket-10.wbbasket.ru/vol1513/part151321/151321842/images/big/1.webp
WBKANSSKE121,https://basket-22.wbbasket.ru/vol3704/part370489/370489542/images/big/1.webp
WBKANSSKE122,https://basket-09.wbbasket.ru/vol1241/part124125/124125523/images/big/1.webp
WBKANSSKE123,https://basket-19.wbbasket.ru/vol3151/part315184/315184707/images/big/1.webp
WBKANSSKE124,https://basket-03.wbbasket.ru/vol314/part31422/31422500/images/big/1.webp
WBKANSSKE125,https://basket-30.wbbasket.ru/vol5832/part583256/583256598/images/big/1.webp
WBKANSSKE126,https://basket-15.wbbasket.ru/vol2390/part239078/239078377/images/big/1.webp
WBKANSSKE127,https://basket-12.wbbasket.ru/vol1783/part178393/178393023/images/big/1.webp
WBKANSSKE128,https://basket-16.wbbasket.ru/vol2471/part247177/247177112/images/big/1.webp
WBKANSSKE129,https://basket-10.wbbasket.ru/vol1522/part152272/152272377/images/big/1.webp
WBKANSSKE130,https://basket-15.wbbasket.ru/vol2353/part235341/235341734/images/big/1.webp
WBKANSSKE131,https://basket-36.wbbasket.ru/vol7816/part781694/781694293/images/big/1.webp
WBKANSSKE132,https://basket-05.wbbasket.ru/vol799/part79983/79983359/images/big/1.webp
WBKANSSKE133,https://basket-10.wbbasket.ru/vol1443/part144343/144343344/images/big/1.webp
WBKANSSKE134,https://basket-29.wbbasket.ru/vol5597/part559775/559775494/images/big/1.webp
WBKANSSKE135,https://basket-10.wbbasket.ru/vol1555/part155586/155586154/images/big/1.webp
WBKANSSKE136,https://basket-10.wbbasket.ru/vol1522/part152259/152259167/images/big/1.webp
WBKANSSKE137,https://basket-05.wbbasket.ru/vol799/part79983/79983355/images/big/1.webp
WBKANSSKE138,https://basket-40.wbbasket.ru/vol9459/part945951/945951334/images/big/1.webp
WBKANSSKE139,https://basket-19.wbbasket.ru/vol3161/part316152/316152517/images/big/1.webp
WBKANSSKE140,https://basket-14.wbbasket.ru/vol2089/part208949/208949190/images/big/1.webp
WBKANSSKE141,https://basket-04.wbbasket.ru/vol596/part59688/59688880/images/big/1.webp
WBKANSSKE142,https://basket-12.wbbasket.ru/vol1868/part186835/186835091/images/big/1.webp
WBKANSSKE143,https://basket-26.wbbasket.ru/vol4664/part466449/466449473/images/big/1.webp
WBKANSSKE144,https://basket-16.wbbasket.ru/vol2471/part247177/247177113/images/big/1.webp
WBKANSSKE145,https://basket-38.wbbasket.ru/vol8740/part874042/874042524/images/big/1.webp
WBKANSSKE146,https://basket-10.wbbasket.ru/vol1508/part150804/150804848/images/big/1.webp
WBKANSSKE147,https://basket-20.wbbasket.ru/vol3314/part331410/331410659/images/big/1.webp
WBKANSSKE148,https://basket-38.wbbasket.ru/vol8458/part845846/845846151/images/big/1.webp
WBKANSSKE150,https://basket-16.wbbasket.ru/vol2542/part254272/254272578/images/big/1.webp
WBKANSSKE151,https://basket-10.wbbasket.ru/vol1340/part134069/134069154/images/big/1.webp
WBKANSSKE152,https://basket-26.wbbasket.ru/vol4571/part457172/457172524/images/big/1.webp
WBKANSSKE153,https://basket-12.wbbasket.ru/vol1868/part186835/186835103/images/big/1.webp
WBKANSSKE154,https://basket-37.wbbasket.ru/vol8225/part822504/822504489/images/big/1.webp
WBKANSSKE155,https://basket-04.wbbasket.ru/vol443/part44356/44356000/images/big/1.webp
WBKANSSKE156,https://basket-12.wbbasket.ru/vol1868/part186835/186835099/images/big/1.webp
WBKANSSKE157,https://basket-26.wbbasket.ru/vol4664/part466481/466481264/images/big/1.webp
WBKANSSKE159,https://basket-21.wbbasket.ru/vol3676/part367681/367681681/images/big/1.webp
WBKANSSKE160,https://basket-04.wbbasket.ru/vol597/part59742/59742288/images/big/1.webp
WBKANSSKE161,https://basket-04.wbbasket.ru/vol653/part65334/65334036/images/big/1.webp
WBKANSSKE162,https://basket-38.wbbasket.ru/vol8592/part859293/859293843/images/big/1.webp
WBKANSSKE163,https://basket-14.wbbasket.ru/vol2072/part207207/207207379/images/big/1.webp
WBKANSSKE164,https://basket-04.wbbasket.ru/vol596/part59688/59688874/images/big/1.webp
WBKANSSKE165,https://basket-23.wbbasket.ru/vol3937/part393799/393799391/images/big/1.webp
WBKANSSKE166,https://basket-36.wbbasket.ru/vol7816/part781694/781694316/images/big/1.webp
WBKANSSKE167,https://basket-18.wbbasket.ru/vol2979/part297966/297966948/images/big/1.webp
WBKANSSKE168,https://basket-30.wbbasket.ru/vol5832/part583231/583231913/images/big/1.webp
WBKANSSKE169,https://basket-22.wbbasket.ru/vol3876/part387609/387609389/images/big/1.webp
WBKANSSKE170,https://basket-11.wbbasket.ru/vol1613/part161334/161334862/images/big/1.webp
WBKANSSKE171,https://basket-41.wbbasket.ru/vol10005/part1000567/1000567086/images/big/1.webp
WBKANSSKE172,https://basket-18.wbbasket.ru/vol2886/part288633/288633070/images/big/1.webp
WBKANSSKE173,https://basket-40.wbbasket.ru/vol9434/part943466/943466217/images/big/1.webp
WBKANSSKE174,https://basket-10.wbbasket.ru/vol1585/part158572/158572161/images/big/1.webp
WBKANSSKE175,https://basket-24.wbbasket.ru/vol4311/part431107/431107524/images/big/1.webp
WBKANSSKE176,https://basket-04.wbbasket.ru/vol596/part59688/59688878/images/big/1.webp
WBKANSSKE177,https://basket-23.wbbasket.ru/vol3937/part393799/393799397/images/big/1.webp
WBKANSSKE178,https://basket-10.wbbasket.ru/vol1522/part152259/152259164/images/big/1.webp
WBKANSSKE179,https://basket-10.wbbasket.ru/vol1393/part139348/139348540/images/big/1.webp
WBKANSSKE180,https://basket-10.wbbasket.ru/vol1562/part156200/156200159/images/big/1.webp
WBKANSSKE181,https://basket-23.wbbasket.ru/vol3937/part393772/393772982/images/big/1.webp
WBKANSSKE182,https://basket-36.wbbasket.ru/vol7688/part768804/768804368/images/big/1.webp
WBKANSSKE183,https://basket-10.wbbasket.ru/vol1522/part152273/152273103/images/big/1.webp
WBKANSSKE184,https://basket-10.wbbasket.ru/vol1522/part152262/152262902/images/big/1.webp
WBKANSSKE185,https://basket-09.wbbasket.ru/vol1260/part126066/126066940/images/big/1.webp
WBKANSSKE186,https://basket-19.wbbasket.ru/vol3208/part320840/320840094/images/big/1.webp
WBKANSSKE187,https://basket-14.wbbasket.ru/vol2161/part216135/216135169/images/big/1.webp
WBKANSSKE188,https://basket-38.wbbasket.ru/vol8464/part846422/846422652/images/big/1.webp
WBKANSSKE189,https://basket-14.wbbasket.ru/vol2048/part204882/204882114/images/big/1.webp
WBKANSSKE190,https://basket-23.wbbasket.ru/vol4040/part404044/404044965/images/big/1.webp
WBKANSSKE191,https://basket-15.wbbasket.ru/vol2403/part240309/240309869/images/big/1.webp
WBKANSSKE192,https://basket-10.wbbasket.ru/vol1509/part150904/150904954/images/big/1.webp
WBKANSSKE193,https://basket-33.wbbasket.ru/vol6926/part692676/692676421/images/big/1.webp
WBKANSSKE194,https://basket-10.wbbasket.ru/vol1522/part152278/152278363/images/big/1.webp
WBKANSSKE195,https://basket-29.wbbasket.ru/vol5596/part559644/559644473/images/big/1.webp
WBKANSSKE196,https://basket-21.wbbasket.ru/vol3676/part367681/367681718/images/big/1.webp
WBKANSSKE197,https://basket-19.wbbasket.ru/vol3208/part320816/320816699/images/big/1.webp
WBKANSSKE198,https://basket-14.wbbasket.ru/vol2048/part204882/204882107/images/big/1.webp
WBKANSSKE199,https://basket-29.wbbasket.ru/vol5508/part550832/550832602/images/big/1.webp
WBKANSSKE200,https://basket-10.wbbasket.ru/vol1586/part158612/158612368/images/big/1.webp
WBKANSSKE201,https://basket-26.wbbasket.ru/vol4664/part466487/466487202/images/big/1.webp
WBKANSSKE202,https://basket-05.wbbasket.ru/vol969/part96957/96957061/images/big/1.webp
WBKANSSKE203,https://basket-29.wbbasket.ru/vol5596/part559630/559630562/images/big/1.webp
WBKANSSKE204,https://basket-03.wbbasket.ru/vol346/part34651/34651751/images/big/1.webp
WBKANSSKE205,https://basket-30.wbbasket.ru/vol5932/part593207/593207174/images/big/1.webp
WBKANSSKE206,https://basket-05.wbbasket.ru/vol799/part79983/79983358/images/big/1.webp
WBKANSSKE207,https://basket-11.wbbasket.ru/vol1632/part163284/163284920/images/big/1.webp
WBKANSSKE208,https://basket-28.wbbasket.ru/vol5395/part539579/539579983/images/big/1.webp
WBKANSSKE209,https://basket-19.wbbasket.ru/vol3249/part324983/324983948/images/big/1.webp
WBKANSSKE210,https://basket-19.wbbasket.ru/vol3116/part311648/311648667/images/big/1.webp
WBKANSSKE211,https://basket-14.wbbasket.ru/vol2048/part204882/204882103/images/big/1.webp
WBKANSSKE212,https://basket-03.wbbasket.ru/vol356/part35661/35661370/images/big/1.webp
WBKANSSKE214,https://basket-23.wbbasket.ru/vol3937/part393772/393772988/images/big/1.webp
WBKANSSKE215,https://basket-38.wbbasket.ru/vol8620/part862023/862023086/images/big/1.webp
WBKANSSKE216,https://basket-18.wbbasket.ru/vol2979/part297966/297966933/images/big/1.webp
WBKANSSKE217,https://basket-10.wbbasket.ru/vol1506/part150679/150679986/images/big/1.webp
WBKANSSKE218,https://basket-05.wbbasket.ru/vol930/part93052/93052293/images/big/1.webp
WBKANSSKE219,https://basket-10.wbbasket.ru/vol1522/part152272/152272369/images/big/1.webp
WBKANSSKE220,https://basket-19.wbbasket.ru/vol3208/part320840/320840816/images/big/1.webp
WBKANSSKE221,https://basket-22.wbbasket.ru/vol3876/part387609/387609388/images/big/1.webp
WBKANSSKE222,https://basket-04.wbbasket.ru/vol474/part47404/47404714/images/big/1.webp
WBKANSSKE223,https://basket-38.wbbasket.ru/vol8620/part862017/862017031/images/big/1.webp
WBKANSSKE224,https://basket-13.wbbasket.ru/vol1966/part196626/196626681/images/big/1.webp
WBKANSSKE225,https://basket-03.wbbasket.ru/vol355/part35507/35507964/images/big/1.webp
WBKANSSKE226,https://basket-40.wbbasket.ru/vol9458/part945850/945850552/images/big/1.webp
WBKANSSKE227,https://basket-02.wbbasket.ru/vol233/part23384/23384427/images/big/1.webp
WBKANSSKE228,https://basket-19.wbbasket.ru/vol3249/part324983/324983950/images/big/1.webp
WBKANSSKE229,https://basket-16.wbbasket.ru/vol2418/part241809/241809672/images/big/1.webp
WBKANSSKE230,https://basket-34.wbbasket.ru/vol7086/part708603/708603569/images/big/1.webp
WBKANSSKE231,https://basket-40.wbbasket.ru/vol9459/part945951/945951332/images/big/1.webp
WBKANSSKE232,https://basket-10.wbbasket.ru/vol1475/part147511/147511392/images/big/1.webp
WBKANSSKE233,https://basket-04.wbbasket.ru/vol597/part59709/59709529/images/big/1.webp
WBKANSSKE234,https://basket-23.wbbasket.ru/vol4003/part400344/400344932/images/big/1.webp
WBKANSSKE235,https://basket-34.wbbasket.ru/vol7150/part715028/715028087/images/big/1.webp
WBKANSSKE236,https://basket-06.wbbasket.ru/vol1018/part101864/101864113/images/big/1.webp
WBKANSSKE237,https://basket-36.wbbasket.ru/vol7816/part781694/781694352/images/big/1.webp
WBKANSSKE238,https://basket-10.wbbasket.ru/vol1553/part155394/155394343/images/big/1.webp
WBKANSSKE239,https://basket-09.wbbasket.ru/vol1268/part126857/126857429/images/big/1.webp
WBKANSSKE240,https://basket-04.wbbasket.ru/vol450/part45075/45075758/images/big/1.webp
WBKANSSKE241,https://basket-10.wbbasket.ru/vol1495/part149561/149561887/images/big/1.webp
WBKANSSKE242,https://basket-03.wbbasket.ru/vol345/part34529/34529081/images/big/1.webp
WBKANSSKE243,https://basket-17.wbbasket.ru/vol2647/part264724/264724296/images/big/1.webp
WBKANSSKE244,https://basket-40.wbbasket.ru/vol9277/part927748/927748442/images/big/1.webp
WBKANSSKE246,https://basket-11.wbbasket.ru/vol1652/part165224/165224715/images/big/1.webp
WBKANSSKE247,https://basket-37.wbbasket.ru/vol8007/part800729/800729374/images/big/1.webp
WBKANSSKE248,https://basket-04.wbbasket.ru/vol596/part59688/59688882/images/big/1.webp
WBKANSSKE249,https://basket-23.wbbasket.ru/vol4040/part404044/404044968/images/big/1.webp
WBKANSSKE250,https://basket-18.wbbasket.ru/vol2841/part284167/284167431/images/big/1.webp
WBKANSSKE251,https://basket-23.wbbasket.ru/vol3974/part397465/397465422/images/big/1.webp
WBKANSSKE252,https://basket-19.wbbasket.ru/vol3249/part324983/324983949/images/big/1.webp
WBKANSSKE253,https://basket-08.wbbasket.ru/vol1117/part111770/111770542/images/big/1.webp
WBKANSSKE254,https://basket-11.wbbasket.ru/vol1652/part165229/165229646/images/big/1.webp
WBKANSSKE255,https://basket-25.wbbasket.ru/vol4390/part439044/439044431/images/big/1.webp
WBKANSSKE256,https://basket-14.wbbasket.ru/vol2102/part210202/210202509/images/big/1.webp
WBKANSSKE257,https://basket-15.wbbasket.ru/vol2403/part240309/240309864/images/big/1.webp
WBKANSSKE258,https://basket-10.wbbasket.ru/vol1561/part156181/156181330/images/big/1.webp
WBKANSSKE259,https://basket-34.wbbasket.ru/vol7096/part709687/709687696/images/big/1.webp
WBKANSSKE260,https://basket-10.wbbasket.ru/vol1527/part152767/152767485/images/big/1.webp
WBKANSSKE261,https://basket-40.wbbasket.ru/vol9429/part942991/942991638/images/big/1.webp
WBKANSSKE262,https://basket-01.wbbasket.ru/vol110/part11054/11054254/images/big/1.webp
WBKANSSKE264,https://basket-26.wbbasket.ru/vol4664/part466452/466452946/images/big/1.webp
WBKANSSKE265,https://basket-18.wbbasket.ru/vol2886/part288633/288633113/images/big/1.webp
WBKANSSKE266,https://basket-40.wbbasket.ru/vol9277/part927755/927755058/images/big/1.webp
WBKANSSKE267,https://basket-06.wbbasket.ru/vol1016/part101680/101680128/images/big/1.webp
WBKANSSKE268,https://basket-24.wbbasket.ru/vol4288/part428874/428874583/images/big/1.webp
WBKANSSKE269,https://basket-17.wbbasket.ru/vol2647/part264724/264724297/images/big/1.webp
WBKANSSKE270,https://basket-14.wbbasket.ru/vol2048/part204882/204882124/images/big/1.webp
WBKANSSKE271,https://basket-01.wbbasket.ru/vol84/part8400/8400258/images/big/1.webp
WBKANSSKE272,https://basket-14.wbbasket.ru/vol2060/part206028/206028748/images/big/1.webp
WBKANSSKE273,https://basket-36.wbbasket.ru/vol7816/part781694/781694306/images/big/1.webp
WBKANSSKE274,https://basket-13.wbbasket.ru/vol1964/part196486/196486315/images/big/1.webp
WBKANSSKE275,https://basket-04.wbbasket.ru/vol499/part49991/49991447/images/big/1.webp
WBKANSSKE276,https://basket-17.wbbasket.ru/vol2726/part272607/272607651/images/big/1.webp
WBKANSSKE277,https://basket-14.wbbasket.ru/vol2048/part204882/204882076/images/big/1.webp
WBKANSSKE278,https://basket-14.wbbasket.ru/vol2185/part218567/218567298/images/big/1.webp
WBKANSSKE279,https://basket-32.wbbasket.ru/vol6484/part648454/648454817/images/big/1.webp
WBKANSSKE280,https://basket-17.wbbasket.ru/vol2726/part272607/272607650/images/big/1.webp
WBKANSSKE281,https://basket-16.wbbasket.ru/vol2510/part251011/251011879/images/big/1.webp
WBKANSSKE282,https://basket-40.wbbasket.ru/vol9458/part945894/945894505/images/big/1.webp
WBKANSSKE283,https://basket-03.wbbasket.ru/vol345/part34529/34529082/images/big/1.webp
WBKANSSKE284,https://basket-04.wbbasket.ru/vol626/part62631/62631952/images/big/1.webp
WBKANSSKE285,https://basket-12.wbbasket.ru/vol1800/part180098/180098936/images/big/1.webp
WBKANSSKE286,https://basket-14.wbbasket.ru/vol2048/part204882/204882085/images/big/1.webp
WBKANSSKE287,https://basket-26.wbbasket.ru/vol4656/part465658/465658241/images/big/1.webp
WBKANSSKE288,https://basket-39.wbbasket.ru/vol9085/part908516/908516995/images/big/1.webp
WBKANSSKE289,https://basket-02.wbbasket.ru/vol233/part23384/23384451/images/big/1.webp
WBKANSSKE290,https://basket-12.wbbasket.ru/vol1893/part189397/189397468/images/big/1.webp
WBKANSSKE291,https://basket-16.wbbasket.ru/vol2433/part243384/243384637/images/big/1.webp
WBKANSSKE292,https://basket-19.wbbasket.ru/vol3208/part320857/320857718/images/big/1.webp
WBKANSSKE293,https://basket-15.wbbasket.ru/vol2373/part237395/237395136/images/big/1.webp
WBKANSSKE294,https://basket-29.wbbasket.ru/vol5773/part577394/577394427/images/big/1.webp
WBKANSSKE295,https://basket-02.wbbasket.ru/vol175/part17523/17523644/images/big/1.webp
WBKANSSKE296,https://basket-18.wbbasket.ru/vol2886/part288633/288633105/images/big/1.webp
WBKANSSKE297,https://basket-13.wbbasket.ru/vol1977/part197796/197796847/images/big/1.webp
WBKANSSKE298,https://basket-04.wbbasket.ru/vol596/part59683/59683706/images/big/1.webp
WBKANSSKE299,https://basket-10.wbbasket.ru/vol1506/part150679/150679987/images/big/1.webp
WBKANSSKE300,https://basket-12.wbbasket.ru/vol1850/part185060/185060139/images/big/1.webp
WBKANSSKE301,https://basket-41.wbbasket.ru/vol10007/part1000722/1000722638/images/big/1.webp
WBKANSSKE302,https://basket-20.wbbasket.ru/vol3325/part332569/332569011/images/big/1.webp
WBKANSSKE303,https://basket-12.wbbasket.ru/vol1868/part186835/186835118/images/big/1.webp
WBKANSSKE304,https://basket-02.wbbasket.ru/vol248/part24820/24820261/images/big/1.webp
WBKANSSKE305,https://basket-16.wbbasket.ru/vol2433/part243384/243384639/images/big/1.webp
WBKANSSKE306,https://basket-21.wbbasket.ru/vol3676/part367681/367681721/images/big/1.webp
WBKANSSKE307,https://basket-14.wbbasket.ru/vol2089/part208949/208949176/images/big/1.webp
WBKANSSKE308,https://basket-10.wbbasket.ru/vol1521/part152185/152185034/images/big/1.webp
WBKANSSKE309,https://basket-27.wbbasket.ru/vol4975/part497561/497561234/images/big/1.webp
WBKANSSKE311,https://basket-29.wbbasket.ru/vol5597/part559775/559775496/images/big/1.webp
WBKANSSKE313,https://basket-14.wbbasket.ru/vol2089/part208947/208947990/images/big/1.webp
WBKANSSKE314,https://basket-10.wbbasket.ru/vol1522/part152272/152272386/images/big/1.webp
WBKANSSKE315,https://basket-12.wbbasket.ru/vol1685/part168569/168569159/images/big/1.webp
WBKANSSKE316,https://basket-12.wbbasket.ru/vol1868/part186835/186835089/images/big/1.webp
WBKANSSKE317,https://basket-38.wbbasket.ru/vol8335/part833513/833513241/images/big/1.webp
WBKANSSKE318,https://basket-23.wbbasket.ru/vol3937/part393799/393799395/images/big/1.webp
WBKANSSKE319,https://basket-19.wbbasket.ru/vol3249/part324983/324983928/images/big/1.webp
WBKANSSKE320,https://basket-38.wbbasket.ru/vol8513/part851313/851313288/images/big/1.webp
WBKANSSKE321,https://basket-16.wbbasket.ru/vol2568/part256851/256851989/images/big/1.webp
WBKANSSKE322,https://basket-23.wbbasket.ru/vol3985/part398562/398562763/images/big/1.webp
WBKANSSKE323,https://basket-12.wbbasket.ru/vol1897/part189756/189756978/images/big/1.webp
WBKANSSKE324,https://basket-37.wbbasket.ru/vol8006/part800606/800606210/images/big/1.webp
WBKANSSKE325,https://basket-13.wbbasket.ru/vol1966/part196626/196626688/images/big/1.webp
WBKANSSKE326,https://basket-23.wbbasket.ru/vol4006/part400686/400686427/images/big/1.webp
WBKANSSKE327,https://basket-04.wbbasket.ru/vol596/part59688/59688884/images/big/1.webp
WBKANSSKE328,https://basket-05.wbbasket.ru/vol799/part79983/79983360/images/big/1.webp
WBKANSSKE329,https://basket-12.wbbasket.ru/vol1868/part186835/186835119/images/big/1.webp
WBKANSSKE330,https://basket-12.wbbasket.ru/vol1868/part186835/186835107/images/big/1.webp
WBKANSSKE331,https://basket-35.wbbasket.ru/vol7682/part768215/768215931/images/big/1.webp
WBKANSSKE332,https://basket-28.wbbasket.ru/vol5252/part525204/525204091/images/big/1.webp
WBKANSSKE333,https://basket-10.wbbasket.ru/vol1498/part149826/149826416/images/big/1.webp
WBKANSSKE334,https://basket-14.wbbasket.ru/vol2049/part204955/204955474/images/big/1.webp
WBKANSSKE335,https://basket-14.wbbasket.ru/vol2048/part204882/204882120/images/big/1.webp
WBKANSSKE336,https://basket-41.wbbasket.ru/vol10227/part1022745/1022745092/images/big/1.webp
WBKANSSKE337,https://basket-10.wbbasket.ru/vol1444/part144478/144478580/images/big/1.webp
WBKANSSKE338,https://basket-12.wbbasket.ru/vol1700/part170067/170067124/images/big/1.webp
WBKANSSKE339,https://basket-12.wbbasket.ru/vol1868/part186835/186835116/images/big/1.webp
WBKANSSKE340,https://basket-29.wbbasket.ru/vol5597/part559775/559775495/images/big/1.webp
WBKANSSKE341,https://basket-04.wbbasket.ru/vol654/part65491/65491680/images/big/1.webp
WBKANSSKE342,https://basket-05.wbbasket.ru/vol799/part79984/79984995/images/big/1.webp
WBKANSSKE343,https://basket-05.wbbasket.ru/vol995/part99548/99548276/images/big/1.webp
WBKANSSKE344,https://basket-02.wbbasket.ru/vol265/part26593/26593982/images/big/1.webp
WBKANSSKE345,https://basket-18.wbbasket.ru/vol3033/part303354/303354213/images/big/1.webp
WBKANSSKE346,https://basket-27.wbbasket.ru/vol4903/part490382/490382218/images/big/1.webp
WBKANSSKE347,https://basket-17.wbbasket.ru/vol2647/part264724/264724294/images/big/1.webp
WBKANSSKE348,https://basket-20.wbbasket.ru/vol3312/part331290/331290786/images/big/1.webp
WBKANSSKE349,https://basket-10.wbbasket.ru/vol1562/part156281/156281783/images/big/1.webp
WBKANSSKE350,https://basket-17.wbbasket.ru/vol2726/part272607/272607668/images/big/1.webp
WBKANSSKE351,https://basket-22.wbbasket.ru/vol3702/part370281/370281793/images/big/1.webp
WBKANSSKE352,https://basket-04.wbbasket.ru/vol596/part59688/59688877/images/big/1.webp
WBKANSSKE353,https://basket-19.wbbasket.ru/vol3127/part312770/312770851/images/big/1.webp
WBKANSSKE354,https://basket-38.wbbasket.ru/vol8513/part851356/851356997/images/big/1.webp
WBKANSSKE355,https://basket-16.wbbasket.ru/vol2542/part254284/254284406/images/big/1.webp
WBKANSSKE357,https://basket-16.wbbasket.ru/vol2433/part243384/243384640/images/big/1.webp
WBKANSSKE358,https://basket-38.wbbasket.ru/vol8464/part846422/846422595/images/big/1.webp
WBKANSSKE359,https://basket-12.wbbasket.ru/vol1741/part174116/174116708/images/big/1.webp
WBKANSSKE360,https://basket-11.wbbasket.ru/vol1613/part161305/161305000/images/big/1.webp
WBKANSSKE361,https://basket-12.wbbasket.ru/vol1919/part191941/191941153/images/big/1.webp
WBKANSSKE362,https://basket-19.wbbasket.ru/vol3151/part315184/315184526/images/big/1.webp
WBKANSSKE363,https://basket-21.wbbasket.ru/vol3595/part359501/359501611/images/big/1.webp
WBKANSSKE364,https://basket-42.wbbasket.ru/vol11117/part1111719/1111719079/images/big/1.webp
WBKANSSKE365,https://basket-13.wbbasket.ru/vol2045/part204585/204585007/images/big/1.webp
WBKANSSKE366,https://basket-26.wbbasket.ru/vol4712/part471248/471248846/images/big/1.webp
WBKANSSKE367,https://basket-14.wbbasket.ru/vol2073/part207311/207311370/images/big/1.webp
WBKANSSKE368,https://basket-12.wbbasket.ru/vol1868/part186835/186835088/images/big/1.webp
WBKANSSKE369,https://basket-29.wbbasket.ru/vol5696/part569632/569632195/images/big/1.webp
WBKANSSKE370,https://basket-17.wbbasket.ru/vol2726/part272607/272607652/images/big/1.webp
WBKANSSKE371,https://basket-15.wbbasket.ru/vol2373/part237336/237336694/images/big/1.webp
WBKANSSKE372,https://basket-11.wbbasket.ru/vol1652/part165215/165215220/images/big/1.webp
WBKANSSKE373,https://basket-39.wbbasket.ru/vol8951/part895198/895198417/images/big/1.webp
WBKANSSKE374,https://basket-19.wbbasket.ru/vol3169/part316908/316908695/images/big/1.webp
WBKANSSKE375,https://basket-36.wbbasket.ru/vol7816/part781694/781694344/images/big/1.webp
WBKANSSKE376,https://basket-16.wbbasket.ru/vol2425/part242561/242561328/images/big/1.webp
WBKANSSKE377,https://basket-12.wbbasket.ru/vol1868/part186835/186835115/images/big/1.webp
WBKANSSKE378,https://basket-05.wbbasket.ru/vol799/part79983/79983362/images/big/1.webp
WBKANSSKE379,https://basket-38.wbbasket.ru/vol8739/part873907/873907186/images/big/1.webp
WBKANSSKE380,https://basket-19.wbbasket.ru/vol3151/part315184/315184525/images/big/1.webp
WBKANSSKE381,https://basket-27.wbbasket.ru/vol4966/part496643/496643225/images/big/1.webp
WBKANSSKE382,https://basket-03.wbbasket.ru/vol288/part28884/28884355/images/big/1.webp
WBKANSSKE383,https://basket-36.wbbasket.ru/vol7816/part781694/781694253/images/big/1.webp
WBKANSSKE384,https://basket-02.wbbasket.ru/vol233/part23384/23384429/images/big/1.webp
WBKANSSKE385,https://basket-02.wbbasket.ru/vol157/part15797/15797456/images/big/1.webp
WBKANSSKE387,https://basket-10.wbbasket.ru/vol1522/part152259/152259165/images/big/1.webp
WBKANSSKE388,https://basket-38.wbbasket.ru/vol8464/part846422/846422594/images/big/1.webp
WBKANSSKE389,https://basket-17.wbbasket.ru/vol2726/part272607/272607659/images/big/1.webp
WBKANSSKE390,https://basket-05.wbbasket.ru/vol799/part79984/79984994/images/big/1.webp
WBKANSSKE391,https://basket-12.wbbasket.ru/vol1742/part174231/174231571/images/big/1.webp
WBKANSSKE392,https://basket-25.wbbasket.ru/vol4478/part447809/447809818/images/big/1.webp
WBKANSSKE393,https://basket-07.wbbasket.ru/vol1100/part110046/110046316/images/big/1.webp
WBKANSSKE394,https://basket-38.wbbasket.ru/vol8740/part874062/874062555/images/big/1.webp
WBKANSSKE395,https://basket-14.wbbasket.ru/vol2089/part208948/208948471/images/big/1.webp
WBKANSSKE396,https://basket-19.wbbasket.ru/vol3208/part320835/320835820/images/big/1.webp
WBKANSSKE397,https://basket-05.wbbasket.ru/vol799/part79983/79983361/images/big/1.webp
WBKANSSKE398,https://basket-18.wbbasket.ru/vol2886/part288633/288633088/images/big/1.webp
WBKANSSKE399,https://basket-05.wbbasket.ru/vol969/part96957/96957221/images/big/1.webp
WBKANSSKE400,https://basket-27.wbbasket.ru/vol4975/part497561/497561235/images/big/1.webp
WBKANSTEP000,https://basket-35.wbbasket.ru/vol7604/part760439/760439375/images/big/1.webp
WBKANSTEP001,https://basket-27.wbbasket.ru/vol4885/part488533/488533090/images/big/1.webp
WBKANSTEP002,https://basket-18.wbbasket.ru/vol3004/part300425/300425213/images/big/1.webp
WBKANSTEP003,https://basket-01.wbbasket.ru/vol106/part10651/10651369/images/big/1.webp
WBKANSTEP004,https://basket-26.wbbasket.ru/vol4820/part482087/482087467/images/big/1.webp
WBKANSTEP005,https://basket-04.wbbasket.ru/vol714/part71476/71476624/images/big/1.webp
WBKANSTEP006,https://basket-02.wbbasket.ru/vol179/part17944/17944980/images/big/1.webp
WBKANSTEP007,https://basket-41.wbbasket.ru/vol9936/part993606/993606455/images/big/1.webp
WBKANSTEP008,https://basket-03.wbbasket.ru/vol351/part35181/35181858/images/big/1.webp
WBKANSTEP009,https://basket-01.wbbasket.ru/vol118/part11896/11896031/images/big/1.webp
WBKANSTEP011,https://basket-01.wbbasket.ru/vol130/part13076/13076801/images/big/1.webp
WBKANSTEP012,https://basket-31.wbbasket.ru/vol6238/part623836/623836823/images/big/1.webp
WBKANSTEP013,https://basket-03.wbbasket.ru/vol351/part35181/35181861/images/big/1.webp
WBKANSTEP014,https://basket-03.wbbasket.ru/vol430/part43082/43082349/images/big/1.webp
WBKANSTEP015,https://basket-03.wbbasket.ru/vol430/part43081/43081100/images/big/1.webp
WBKANSTEP016,https://basket-18.wbbasket.ru/vol2841/part284159/284159338/images/big/1.webp
WBKANSTEP017,https://basket-01.wbbasket.ru/vol106/part10651/10651370/images/big/1.webp
WBKANSTEP018,https://basket-41.wbbasket.ru/vol10134/part1013457/1013457059/images/big/1.webp
WBKANSTEP019,https://basket-02.wbbasket.ru/vol238/part23822/23822580/images/big/1.webp
WBKANSTEP020,https://basket-18.wbbasket.ru/vol3004/part300424/300424329/images/big/1.webp
WBKANSTEP021,https://basket-01.wbbasket.ru/vol139/part13985/13985161/images/big/1.webp
WBKANSTEP022,https://basket-37.wbbasket.ru/vol8069/part806972/806972503/images/big/1.webp
WBKANSTEP023,https://basket-37.wbbasket.ru/vol8150/part815045/815045384/images/big/1.webp
WBKANSTEP024,https://basket-01.wbbasket.ru/vol130/part13076/13076778/images/big/1.webp
WBKANSTEP025,https://basket-40.wbbasket.ru/vol9334/part933441/933441444/images/big/1.webp
WBKANSTEP026,https://basket-40.wbbasket.ru/vol9334/part933441/933441436/images/big/1.webp
WBKANSTEP029,https://basket-18.wbbasket.ru/vol3003/part300372/300372115/images/big/1.webp
WBKANSTEP030,https://basket-02.wbbasket.ru/vol159/part15902/15902350/images/big/1.webp
WBKANSTEP032,https://basket-01.wbbasket.ru/vol113/part11303/11303600/images/big/1.webp
WBKANSTEP033,https://basket-01.wbbasket.ru/vol118/part11896/11896067/images/big/1.webp
WBKANSTEP035,https://basket-01.wbbasket.ru/vol140/part14065/14065177/images/big/1.webp
WBKANSTEP036,https://basket-02.wbbasket.ru/vol152/part15246/15246616/images/big/1.webp
WBKANSTEP037,https://basket-01.wbbasket.ru/vol104/part10405/10405368/images/big/1.webp
WBKANSTEP038,https://basket-02.wbbasket.ru/vol248/part24825/24825707/images/big/1.webp
WBKANSTEP039,https://basket-02.wbbasket.ru/vol159/part15902/15902352/images/big/1.webp
WBKANSTEP040,https://basket-05.wbbasket.ru/vol801/part80101/80101928/images/big/1.webp
WBKANSTEP041,https://basket-19.wbbasket.ru/vol3182/part318206/318206416/images/big/1.webp
WBKANSTEP043,https://basket-01.wbbasket.ru/vol135/part13509/13509039/images/big/1.webp
WBKANSTEP044,https://basket-35.wbbasket.ru/vol7681/part768194/768194101/images/big/1.webp
WBKANSTEP047,https://basket-19.wbbasket.ru/vol3180/part318004/318004030/images/big/1.webp
WBKANSTEP048,https://basket-01.wbbasket.ru/vol118/part11896/11896066/images/big/1.webp
WBKANSTEP049,https://basket-41.wbbasket.ru/vol10134/part1013457/1013457061/images/big/1.webp
WBKANSTEP051,https://basket-08.wbbasket.ru/vol1116/part111634/111634007/images/big/1.webp
WBKANSTEP052,https://basket-38.wbbasket.ru/vol8322/part832232/832232528/images/big/1.webp
WBKANSTEP053,https://basket-17.wbbasket.ru/vol2804/part280447/280447941/images/big/1.webp
WBKANSTEP056,https://basket-35.wbbasket.ru/vol7604/part760439/760439381/images/big/1.webp
WBKANSTEP057,https://basket-08.wbbasket.ru/vol1116/part111635/111635989/images/big/1.webp
WBKANSTEP058,https://basket-26.wbbasket.ru/vol4820/part482087/482087481/images/big/1.webp
WBKANSTEP059,https://basket-02.wbbasket.ru/vol164/part16464/16464491/images/big/1.webp
WBKANSTEP060,https://basket-08.wbbasket.ru/vol1116/part111635/111635986/images/big/1.webp
WBKANSTEP062,https://basket-26.wbbasket.ru/vol4656/part465606/465606496/images/big/1.webp
WBKANSTEP064,https://basket-01.wbbasket.ru/vol84/part8429/8429202/images/big/1.webp
WBKANSTEP065,https://basket-01.wbbasket.ru/vol139/part13985/13985163/images/big/1.webp
WBKANSTEP069,https://basket-18.wbbasket.ru/vol3052/part305246/305246184/images/big/1.webp
WBKANSTEP070,https://basket-01.wbbasket.ru/vol118/part11895/11895989/images/big/1.webp
WBKANSTEP071,https://basket-18.wbbasket.ru/vol2841/part284159/284159340/images/big/1.webp
WBKANSTEP074,https://basket-08.wbbasket.ru/vol1116/part111634/111634006/images/big/1.webp
WBKANSTEP075,https://basket-38.wbbasket.ru/vol8322/part832232/832232474/images/big/1.webp
WBKANSTEP082,https://basket-01.wbbasket.ru/vol135/part13509/13509032/images/big/1.webp
WBKANSTEP083,https://basket-16.wbbasket.ru/vol2439/part243925/243925277/images/big/1.webp
WBKANSTEP087,https://basket-18.wbbasket.ru/vol3003/part300372/300372114/images/big/1.webp
WBKANSTEP088,https://basket-02.wbbasket.ru/vol164/part16464/16464490/images/big/1.webp
WBKANSTEP094,https://basket-01.wbbasket.ru/vol130/part13076/13076793/images/big/1.webp
WBKANSTEP095,https://basket-34.wbbasket.ru/vol7084/part708473/708473458/images/big/1.webp
WBKANSTEP096,https://basket-20.wbbasket.ru/vol3466/part346602/346602134/images/big/1.webp
WBKANSTEP097,https://basket-38.wbbasket.ru/vol8528/part852860/852860198/images/big/1.webp
WBKANSTEP098,https://basket-18.wbbasket.ru/vol3004/part300426/300426797/images/big/1.webp
WBKANSTEP101,https://basket-31.wbbasket.ru/vol6205/part620527/620527119/images/big/1.webp
WBKANSTEP102,https://basket-35.wbbasket.ru/vol7581/part758115/758115907/images/big/1.webp
WBKANSTEP104,https://basket-18.wbbasket.ru/vol3004/part300424/300424330/images/big/1.webp
WBKANSTEP105,https://basket-37.wbbasket.ru/vol8150/part815045/815045369/images/big/1.webp
WBKANSTEP107,https://basket-02.wbbasket.ru/vol264/part26452/26452213/images/big/1.webp
WBKANSTEP108,https://basket-33.wbbasket.ru/vol6922/part692248/692248399/images/big/1.webp
WBKANSTEP112,https://basket-07.wbbasket.ru/vol1115/part111566/111566382/images/big/1.webp
WBKANSTEP113,https://basket-13.wbbasket.ru/vol2002/part200252/200252194/images/big/1.webp
WBKANSTEP114,https://basket-08.wbbasket.ru/vol1116/part111635/111635407/images/big/1.webp
WBKANSTEP117,https://basket-01.wbbasket.ru/vol118/part11896/11896071/images/big/1.webp
WBKANSTEP120,https://basket-40.wbbasket.ru/vol9463/part946363/946363972/images/big/1.webp
WBKANSTEP123,https://basket-01.wbbasket.ru/vol140/part14065/14065164/images/big/1.webp
WBKANSTEP125,https://basket-07.wbbasket.ru/vol1115/part111566/111566380/images/big/1.webp
WBKANSTEP126,https://basket-01.wbbasket.ru/vol130/part13076/13076805/images/big/1.webp
WBKANSTEP129,https://basket-01.wbbasket.ru/vol130/part13076/13076789/images/big/1.webp
WBKANSTEP130,https://basket-36.wbbasket.ru/vol7812/part781271/781271816/images/big/1.webp
WBKANSTEP132,https://basket-21.wbbasket.ru/vol3657/part365798/365798100/images/big/1.webp
WBKANSTEP135,https://basket-01.wbbasket.ru/vol135/part13509/13509037/images/big/1.webp
WBKANSTEP138,https://basket-41.wbbasket.ru/vol10079/part1007938/1007938671/images/big/1.webp
WBKANSTEP139,https://basket-08.wbbasket.ru/vol1116/part111635/111635409/images/big/1.webp
WBKANSTEP142,https://basket-10.wbbasket.ru/vol1434/part143469/143469835/images/big/1.webp
WBKANSTEP143,https://basket-20.wbbasket.ru/vol3353/part335390/335390534/images/big/1.webp
WBKANSTEP144,https://basket-01.wbbasket.ru/vol130/part13076/13076779/images/big/1.webp
WBKANSTEP145,https://basket-31.wbbasket.ru/vol6205/part620527/620527120/images/big/1.webp
WBKANSTEP146,https://basket-18.wbbasket.ru/vol2841/part284159/284159341/images/big/1.webp
WBKANSTEP148,https://basket-02.wbbasket.ru/vol264/part26452/26452211/images/big/1.webp
WBKANSTEP149,https://basket-08.wbbasket.ru/vol1116/part111633/111633363/images/big/1.webp
WBKANSTEP151,https://basket-27.wbbasket.ru/vol4943/part494322/494322951/images/big/1.webp
WBKANSTEP152,https://basket-02.wbbasket.ru/vol161/part16134/16134918/images/big/1.webp
WBKANSTEP154,https://basket-07.wbbasket.ru/vol1115/part111566/111566379/images/big/1.webp
WBKANSTEP155,https://basket-02.wbbasket.ru/vol216/part21636/21636877/images/big/1.webp
WBKANSTEP157,https://basket-10.wbbasket.ru/vol1506/part150669/150669398/images/big/1.webp
WBKANSTEP159,https://basket-08.wbbasket.ru/vol1116/part111635/111635408/images/big/1.webp
WBKANSTEP160,https://basket-35.wbbasket.ru/vol7581/part758115/758115908/images/big/1.webp
WBKANSTEP161,https://basket-37.wbbasket.ru/vol8069/part806972/806972496/images/big/1.webp
WBKANSTEP162,https://basket-05.wbbasket.ru/vol821/part82137/82137303/images/big/1.webp
WBKANSTEP164,https://basket-01.wbbasket.ru/vol132/part13288/13288217/images/big/1.webp
WBKANSTEP165,https://basket-17.wbbasket.ru/vol2625/part262532/262532806/images/big/1.webp
WBKANSTEP166,https://basket-01.wbbasket.ru/vol112/part11212/11212512/images/big/1.webp
WBKANSTEP167,https://basket-02.wbbasket.ru/vol216/part21636/21636878/images/big/1.webp
WBKANSTEP168,https://basket-12.wbbasket.ru/vol1800/part180092/180092042/images/big/1.webp
WBKANSTEP169,https://basket-01.wbbasket.ru/vol118/part11896/11896070/images/big/1.webp
WBKANSTEP170,https://basket-10.wbbasket.ru/vol1507/part150762/150762540/images/big/1.webp
WBKANSTEP171,https://basket-07.wbbasket.ru/vol1115/part111565/111565139/images/big/1.webp
WBKANSTEP172,https://basket-02.wbbasket.ru/vol179/part17944/17944982/images/big/1.webp
WBKANSTEP173,https://basket-20.wbbasket.ru/vol3353/part335383/335383434/images/big/1.webp
WBKANSTEP175,https://basket-02.wbbasket.ru/vol155/part15501/15501765/images/big/1.webp
WBKANSTEP176,https://basket-21.wbbasket.ru/vol3494/part349456/349456325/images/big/1.webp
WBKANSTEP177,https://basket-13.wbbasket.ru/vol2002/part200252/200252188/images/big/1.webp
WBKANSTEP178,https://basket-13.wbbasket.ru/vol2002/part200252/200252177/images/big/1.webp
WBKANSTEP179,https://basket-32.wbbasket.ru/vol6498/part649899/649899888/images/big/1.webp
WBKANSTEP182,https://basket-37.wbbasket.ru/vol8069/part806972/806972491/images/big/1.webp
WBKANSTEP185,https://basket-10.wbbasket.ru/vol1507/part150761/150761966/images/big/1.webp
WBKANSTEP187,https://basket-01.wbbasket.ru/vol140/part14065/14065165/images/big/1.webp
WBKANSTEP190,https://basket-08.wbbasket.ru/vol1116/part111635/111635410/images/big/1.webp
WBKANSTEP191,https://basket-19.wbbasket.ru/vol3110/part311091/311091581/images/big/1.webp
WBKANSTEP192,https://basket-26.wbbasket.ru/vol4596/part459680/459680411/images/big/1.webp
WBKANSTEP195,https://basket-19.wbbasket.ru/vol3121/part312124/312124134/images/big/1.webp
WBKANSTEP196,https://basket-10.wbbasket.ru/vol1429/part142928/142928829/images/big/1.webp
WBKANSTEP198,https://basket-15.wbbasket.ru/vol2213/part221369/221369905/images/big/1.webp
WBKANSTS001,https://basket-15.wbbasket.ru/vol2290/part229071/229071034/images/big/1.webp
WBKANSTS002,https://basket-27.wbbasket.ru/vol4887/part488765/488765167/images/big/1.webp
WBKANSTS004,https://basket-35.wbbasket.ru/vol7566/part756667/756667605/images/big/1.webp
WBKANSTS005,https://basket-26.wbbasket.ru/vol4675/part467514/467514096/images/big/1.webp
WBKANSTS006,https://basket-16.wbbasket.ru/vol2509/part250981/250981763/images/big/1.webp
WBKANSTS007,https://basket-35.wbbasket.ru/vol7566/part756667/756667618/images/big/1.webp
WBKANSTS008,https://basket-35.wbbasket.ru/vol7566/part756667/756667620/images/big/1.webp
WBKANSTS009,https://basket-35.wbbasket.ru/vol7566/part756667/756667438/images/big/1.webp
WBKANSTS010,https://basket-28.wbbasket.ru/vol5357/part535721/535721910/images/big/1.webp
WBKANSTS011,https://basket-12.wbbasket.ru/vol1740/part174048/174048487/images/big/1.webp
WBKANSTS012,https://basket-01.wbbasket.ru/vol109/part10951/10951477/images/big/1.webp
WBKANSTS013,https://basket-37.wbbasket.ru/vol8149/part814995/814995794/images/big/1.webp
WBKANSTS014,https://basket-28.wbbasket.ru/vol5357/part535721/535721891/images/big/1.webp
WBKANSTS015,https://basket-03.wbbasket.ru/vol425/part42505/42505345/images/big/1.webp
WBKANSTS017,https://basket-17.wbbasket.ru/vol2827/part282783/282783789/images/big/1.webp
WBKANSTS018,https://basket-29.wbbasket.ru/vol5642/part564263/564263761/images/big/1.webp
WBKANSTS019,https://basket-12.wbbasket.ru/vol1740/part174048/174048484/images/big/1.webp
WBKANSTS020,https://basket-02.wbbasket.ru/vol222/part22274/22274340/images/big/1.webp
WBKANSTS021,https://basket-12.wbbasket.ru/vol1740/part174048/174048491/images/big/1.webp
WBKANSTS023,https://basket-28.wbbasket.ru/vol5357/part535721/535721952/images/big/1.webp
WBKANSTS024,https://basket-05.wbbasket.ru/vol728/part72843/72843224/images/big/1.webp
WBKANSTS025,https://basket-10.wbbasket.ru/vol1464/part146474/146474855/images/big/1.webp
WBKANSTS026,https://basket-18.wbbasket.ru/vol2994/part299437/299437810/images/big/1.webp
WBKANSTS027,https://basket-16.wbbasket.ru/vol2509/part250981/250981758/images/big/1.webp
WBKANSTS028,https://basket-17.wbbasket.ru/vol2827/part282783/282783836/images/big/1.webp
WBKANSTS029,https://basket-03.wbbasket.ru/vol425/part42564/42564465/images/big/1.webp
WBKANSTS031,https://basket-03.wbbasket.ru/vol425/part42505/42505350/images/big/1.webp
WBKANSTS032,https://basket-15.wbbasket.ru/vol2212/part221294/221294730/images/big/1.webp
WBKANSTS033,https://basket-20.wbbasket.ru/vol3376/part337684/337684698/images/big/1.webp
WBKANSTS034,https://basket-35.wbbasket.ru/vol7659/part765965/765965433/images/big/1.webp
WBKANSTS035,https://basket-17.wbbasket.ru/vol2827/part282783/282783810/images/big/1.webp
WBKANSTS036,https://basket-17.wbbasket.ru/vol2827/part282783/282783784/images/big/1.webp
WBKANSTS037,https://basket-25.wbbasket.ru/vol4564/part456426/456426392/images/big/1.webp
WBKANSTS038,https://basket-20.wbbasket.ru/vol3376/part337684/337684695/images/big/1.webp
WBKANSTS039,https://basket-25.wbbasket.ru/vol4497/part449733/449733699/images/big/1.webp
WBKANSTS040,https://basket-20.wbbasket.ru/vol3405/part340545/340545500/images/big/1.webp
WBKANSTS041,https://basket-27.wbbasket.ru/vol4965/part496510/496510207/images/big/1.webp
WBKANSTS042,https://basket-24.wbbasket.ru/vol4182/part418285/418285031/images/big/1.webp
WBKANSTS043,https://basket-14.wbbasket.ru/vol2115/part211567/211567163/images/big/1.webp
WBKANSTS044,https://basket-03.wbbasket.ru/vol425/part42564/42564464/images/big/1.webp
WBKANSTS045,https://basket-10.wbbasket.ru/vol1591/part159115/159115414/images/big/1.webp
WBKANSTS046,https://basket-01.wbbasket.ru/vol87/part8758/8758285/images/big/1.webp
WBKANSTS047,https://basket-29.wbbasket.ru/vol5642/part564263/564263762/images/big/1.webp
WBKANSTS048,https://basket-10.wbbasket.ru/vol1599/part159913/159913658/images/big/1.webp
WBKANSTS049,https://basket-10.wbbasket.ru/vol1464/part146474/146474834/images/big/1.webp
WBKANSTS050,https://basket-26.wbbasket.ru/vol4630/part463012/463012378/images/big/1.webp
WBKANSTS051,https://basket-35.wbbasket.ru/vol7582/part758231/758231570/images/big/1.webp
WBKANSTS052,https://basket-37.wbbasket.ru/vol8149/part814995/814995807/images/big/1.webp
WBKANSTS053,https://basket-40.wbbasket.ru/vol9331/part933188/933188381/images/big/1.webp
WBKANSTS055,https://basket-26.wbbasket.ru/vol4868/part486833/486833720/images/big/1.webp
WBKANSTS057,https://basket-40.wbbasket.ru/vol9330/part933097/933097848/images/big/1.webp
WBKANSTS058,https://basket-33.wbbasket.ru/vol6972/part697255/697255140/images/big/1.webp
WBKANSTS059,https://basket-20.wbbasket.ru/vol3279/part327922/327922655/images/big/1.webp
WBKANSTS060,https://basket-12.wbbasket.ru/vol1725/part172530/172530266/images/big/1.webp
WBKANSTS061,https://basket-15.wbbasket.ru/vol2191/part219107/219107336/images/big/1.webp
WBKANSTS062,https://basket-26.wbbasket.ru/vol4868/part486833/486833736/images/big/1.webp
WBKANSTS063,https://basket-27.wbbasket.ru/vol4986/part498637/498637769/images/big/1.webp
WBKANSTS064,https://basket-28.wbbasket.ru/vol5411/part541102/541102233/images/big/1.webp
WBKANSTS065,https://basket-26.wbbasket.ru/vol4625/part462529/462529348/images/big/1.webp
WBKANSTS068,https://basket-12.wbbasket.ru/vol1819/part181965/181965112/images/big/1.webp
WBKANSTS071,https://basket-23.wbbasket.ru/vol4033/part403325/403325430/images/big/1.webp
WBKANSTS072,https://basket-41.wbbasket.ru/vol10194/part1019410/1019410617/images/big/1.webp
WBKANSTS073,https://basket-10.wbbasket.ru/vol1464/part146474/146474835/images/big/1.webp
WBKANSTS074,https://basket-16.wbbasket.ru/vol2543/part254312/254312767/images/big/1.webp
WBKANSTS075,https://basket-15.wbbasket.ru/vol2221/part222146/222146105/images/big/1.webp
WBKANSTS076,https://basket-20.wbbasket.ru/vol3279/part327929/327929829/images/big/1.webp
WBKANSTS079,https://basket-20.wbbasket.ru/vol3385/part338585/338585499/images/big/1.webp
WBKANSTS081,https://basket-20.wbbasket.ru/vol3405/part340528/340528970/images/big/1.webp
WBKANSTS083,https://basket-13.wbbasket.ru/vol2017/part201790/201790395/images/big/1.webp
WBKANSTS084,https://basket-04.wbbasket.ru/vol706/part70651/70651350/images/big/1.webp
WBKANSTS085,https://basket-02.wbbasket.ru/vol264/part26410/26410372/images/big/1.webp
WBKANSTS086,https://basket-13.wbbasket.ru/vol2002/part200293/200293907/images/big/1.webp
WBKANSTS087,https://basket-11.wbbasket.ru/vol1619/part161929/161929809/images/big/1.webp
WBKANSTS088,https://basket-26.wbbasket.ru/vol4569/part456972/456972855/images/big/1.webp
WBKANSTS089,https://basket-03.wbbasket.ru/vol346/part34604/34604452/images/big/1.webp
WBKANSTS090,https://basket-23.wbbasket.ru/vol4021/part402127/402127880/images/big/1.webp
WBKANSTS091,https://basket-27.wbbasket.ru/vol4986/part498637/498637770/images/big/1.webp
WBKANSTS092,https://basket-20.wbbasket.ru/vol3407/part340720/340720402/images/big/1.webp
WBKANSTS093,https://basket-35.wbbasket.ru/vol7382/part738260/738260696/images/big/1.webp
WBKANSTS094,https://basket-07.wbbasket.ru/vol1107/part110741/110741442/images/big/1.webp
WBKANSTS095,https://basket-27.wbbasket.ru/vol4986/part498637/498637772/images/big/1.webp
WBKANSTS096,https://basket-12.wbbasket.ru/vol1746/part174656/174656771/images/big/1.webp
WBKANSTS098,https://basket-38.wbbasket.ru/vol8591/part859113/859113071/images/big/1.webp
WBKANSTS099,https://basket-16.wbbasket.ru/vol2419/part241989/241989892/images/big/1.webp
WBKANSTS100,https://basket-26.wbbasket.ru/vol4868/part486833/486833727/images/big/1.webp
WBKANSTS101,https://basket-26.wbbasket.ru/vol4868/part486833/486833721/images/big/1.webp
WBKANSTS102,https://basket-26.wbbasket.ru/vol4868/part486833/486833725/images/big/1.webp
WBKANSTS103,https://basket-26.wbbasket.ru/vol4868/part486833/486833733/images/big/1.webp
WBKANSTS104,https://basket-27.wbbasket.ru/vol4986/part498637/498637789/images/big/1.webp
WBKANSTS105,https://basket-23.wbbasket.ru/vol4033/part403339/403339705/images/big/1.webp
WBKANSTS106,https://basket-20.wbbasket.ru/vol3383/part338369/338369852/images/big/1.webp
WBKANSTS110,https://basket-35.wbbasket.ru/vol7429/part742950/742950796/images/big/1.webp
WBKANSTS111,https://basket-15.wbbasket.ru/vol2191/part219107/219107360/images/big/1.webp
WBKANSTS112,https://basket-38.wbbasket.ru/vol8591/part859113/859113053/images/big/1.webp
WBKANSTS113,https://basket-20.wbbasket.ru/vol3407/part340719/340719319/images/big/1.webp
WBKANSTS114,https://basket-26.wbbasket.ru/vol4868/part486833/486833717/images/big/1.webp
WBKANSTS115,https://basket-02.wbbasket.ru/vol179/part17943/17943202/images/big/1.webp
WBKANSTS117,https://basket-32.wbbasket.ru/vol6701/part670104/670104201/images/big/1.webp
WBKANSTS118,https://basket-36.wbbasket.ru/vol7687/part768727/768727433/images/big/1.webp
WBKANSTS119,https://basket-16.wbbasket.ru/vol2614/part261440/261440029/images/big/1.webp
WBKANSTS120,https://basket-16.wbbasket.ru/vol2434/part243455/243455439/images/big/1.webp
WBKANSTS121,https://basket-21.wbbasket.ru/vol3677/part367781/367781933/images/big/1.webp
WBKANSTS122,https://basket-20.wbbasket.ru/vol3279/part327927/327927240/images/big/1.webp
WBKANSTS124,https://basket-10.wbbasket.ru/vol1464/part146474/146474695/images/big/1.webp
WBKANSTS125,https://basket-40.wbbasket.ru/vol9332/part933251/933251145/images/big/1.webp
WBKANSTS127,https://basket-40.wbbasket.ru/vol9332/part933207/933207849/images/big/1.webp
WBKANSTS128,https://basket-26.wbbasket.ru/vol4868/part486833/486833718/images/big/1.webp
WBKANSTS130,https://basket-40.wbbasket.ru/vol9241/part924119/924119026/images/big/1.webp
WBKANSTS131,https://basket-12.wbbasket.ru/vol1839/part183918/183918910/images/big/1.webp
WBKANSTS132,https://basket-17.wbbasket.ru/vol2799/part279974/279974793/images/big/1.webp
WBKANSTS133,https://basket-20.wbbasket.ru/vol3385/part338598/338598070/images/big/1.webp
WBKANSTS134,https://basket-14.wbbasket.ru/vol2113/part211340/211340800/images/big/1.webp
WBKANSTS135,https://basket-13.wbbasket.ru/vol2002/part200293/200293900/images/big/1.webp
WBKANSTS136,https://basket-26.wbbasket.ru/vol4868/part486833/486833710/images/big/1.webp
WBKANSTS137,https://basket-03.wbbasket.ru/vol425/part42564/42564463/images/big/1.webp
WBKANSTS138,https://basket-26.wbbasket.ru/vol4630/part463087/463087085/images/big/1.webp
WBKANSTS139,https://basket-27.wbbasket.ru/vol4986/part498637/498637798/images/big/1.webp
WBKANSTS142,https://basket-20.wbbasket.ru/vol3384/part338489/338489723/images/big/1.webp
WBKANSTS143,https://basket-34.wbbasket.ru/vol7102/part710237/710237305/images/big/1.webp
WBKANSTS144,https://basket-14.wbbasket.ru/vol2146/part214670/214670524/images/big/1.webp
WBKANSTS145,https://basket-27.wbbasket.ru/vol4986/part498637/498637816/images/big/1.webp
WBKANSTS146,https://basket-02.wbbasket.ru/vol146/part14696/14696523/images/big/1.webp
WBKANSTS147,https://basket-22.wbbasket.ru/vol3901/part390151/390151437/images/big/1.webp
WBKANSTS148,https://basket-14.wbbasket.ru/vol2146/part214670/214670525/images/big/1.webp
WBKANSTS149,https://basket-19.wbbasket.ru/vol3074/part307407/307407665/images/big/1.webp
WBKANSTS150,https://basket-26.wbbasket.ru/vol4868/part486833/486833723/images/big/1.webp
WBKANSTS152,https://basket-40.wbbasket.ru/vol9272/part927248/927248357/images/big/1.webp
WBKANSTS153,https://basket-19.wbbasket.ru/vol3249/part324937/324937852/images/big/1.webp
WBKANSTS154,https://basket-16.wbbasket.ru/vol2419/part241989/241989622/images/big/1.webp
WBKANSTS155,https://basket-17.wbbasket.ru/vol2827/part282783/282783793/images/big/1.webp
WBKANSTS156,https://basket-18.wbbasket.ru/vol3040/part304030/304030418/images/big/1.webp
WBKANSTS157,https://basket-27.wbbasket.ru/vol4986/part498637/498637788/images/big/1.webp
WBKANSTS158,https://basket-38.wbbasket.ru/vol8505/part850528/850528914/images/big/1.webp
WBKANSTS159,https://basket-20.wbbasket.ru/vol3376/part337618/337618385/images/big/1.webp
WBKANSTS160,https://basket-15.wbbasket.ru/vol2368/part236803/236803346/images/big/1.webp
WBKANSTS161,https://basket-20.wbbasket.ru/vol3279/part327932/327932360/images/big/1.webp
WBKANSTS162,https://basket-27.wbbasket.ru/vol4986/part498637/498637814/images/big/1.webp
WBKANSTS163,https://basket-38.wbbasket.ru/vol8505/part850528/850528913/images/big/1.webp
WBKANSTS164,https://basket-26.wbbasket.ru/vol4868/part486833/486833716/images/big/1.webp
WBKANSTS165,https://basket-23.wbbasket.ru/vol4101/part410131/410131562/images/big/1.webp
WBKANSTS166,https://basket-40.wbbasket.ru/vol9272/part927248/927248365/images/big/1.webp
WBKANSTS168,https://basket-26.wbbasket.ru/vol4630/part463087/463087111/images/big/1.webp
WBKANSTS169,https://basket-40.wbbasket.ru/vol9333/part933385/933385961/images/big/1.webp
WBKANSTS170,https://basket-19.wbbasket.ru/vol3184/part318439/318439106/images/big/1.webp
WBKANSTS174,https://basket-27.wbbasket.ru/vol4986/part498637/498637793/images/big/1.webp
WBKANSTS175,https://basket-23.wbbasket.ru/vol4033/part403335/403335621/images/big/1.webp
WBKANSTS177,https://basket-25.wbbasket.ru/vol4509/part450999/450999472/images/big/1.webp
WBKANSTS178,https://basket-42.wbbasket.ru/vol10608/part1060857/1060857904/images/big/1.webp
WBKANSTS179,https://basket-40.wbbasket.ru/vol9272/part927248/927248369/images/big/1.webp
WBKANSTS181,https://basket-26.wbbasket.ru/vol4630/part463087/463087727/images/big/1.webp
WBKANSTS182,https://basket-14.wbbasket.ru/vol2188/part218851/218851162/images/big/1.webp
WBKANSTS183,https://basket-33.wbbasket.ru/vol6885/part688552/688552915/images/big/1.webp
WBKANSTS184,https://basket-41.wbbasket.ru/vol10307/part1030740/1030740250/images/big/1.webp
WBKANSTS185,https://basket-27.wbbasket.ru/vol4986/part498637/498637797/images/big/1.webp
WBKANSTS186,https://basket-10.wbbasket.ru/vol1432/part143259/143259176/images/big/1.webp
WBKANSTS187,https://basket-22.wbbasket.ru/vol3874/part387494/387494725/images/big/1.webp
WBKANSTS188,https://basket-27.wbbasket.ru/vol4986/part498637/498637766/images/big/1.webp
WBKANSTS190,https://basket-33.wbbasket.ru/vol6815/part681525/681525715/images/big/1.webp
WBKANSTS191,https://basket-40.wbbasket.ru/vol9272/part927248/927248351/images/big/1.webp
WBKANSTS192,https://basket-20.wbbasket.ru/vol3279/part327942/327942366/images/big/1.webp
WBKANSTS193,https://basket-37.wbbasket.ru/vol8125/part812576/812576824/images/big/1.webp
WBKANSTS194,https://basket-29.wbbasket.ru/vol5510/part551060/551060271/images/big/1.webp
WBKANSTS195,https://basket-14.wbbasket.ru/vol2168/part216848/216848507/images/big/1.webp
WBKANSTS197,https://basket-17.wbbasket.ru/vol2799/part279974/279974794/images/big/1.webp
WBKANSTS198,https://basket-41.wbbasket.ru/vol10245/part1024592/1024592192/images/big/1.webp
WBKANSTS199,https://basket-13.wbbasket.ru/vol2002/part200293/200293928/images/big/1.webp
WBKANSTS201,https://basket-27.wbbasket.ru/vol4986/part498637/498637771/images/big/1.webp
WBKANSTS202,https://basket-22.wbbasket.ru/vol3777/part377786/377786101/images/big/1.webp
WBKANSTS205,https://basket-27.wbbasket.ru/vol4983/part498300/498300261/images/big/1.webp
WBKANSTS206,https://basket-29.wbbasket.ru/vol5510/part551059/551059793/images/big/1.webp
WBKANSTS207,https://basket-28.wbbasket.ru/vol5388/part538858/538858643/images/big/1.webp
WBKANSTS209,https://basket-26.wbbasket.ru/vol4868/part486833/486833732/images/big/1.webp
WBKANSTS210,https://basket-14.wbbasket.ru/vol2146/part214670/214670523/images/big/1.webp
WBKANSTS211,https://basket-34.wbbasket.ru/vol7096/part709655/709655602/images/big/1.webp
WBKANSTS212,https://basket-26.wbbasket.ru/vol4868/part486833/486833735/images/big/1.webp
WBKANSTS213,https://basket-20.wbbasket.ru/vol3271/part327110/327110691/images/big/1.webp
WBKANSTS214,https://basket-20.wbbasket.ru/vol3279/part327943/327943825/images/big/1.webp
WBKANSTS215,https://basket-26.wbbasket.ru/vol4813/part481334/481334035/images/big/1.webp
WBKANSTS216,https://basket-20.wbbasket.ru/vol3376/part337684/337684696/images/big/1.webp
WBKANSTS217,https://basket-19.wbbasket.ru/vol3259/part325942/325942105/images/big/1.webp
WBKANSTS218,https://basket-42.wbbasket.ru/vol10626/part1062688/1062688309/images/big/1.webp
WBKANSTS221,https://basket-39.wbbasket.ru/vol8807/part880728/880728780/images/big/1.webp
WBKANSTS224,https://basket-20.wbbasket.ru/vol3383/part338329/338329012/images/big/1.webp
WBKANSTS225,https://basket-20.wbbasket.ru/vol3376/part337662/337662188/images/big/1.webp
WBKANSTS226,https://basket-27.wbbasket.ru/vol4965/part496510/496510212/images/big/1.webp
WBKANSTS227,https://basket-33.wbbasket.ru/vol7018/part701806/701806307/images/big/1.webp
WBKANSTS228,https://basket-40.wbbasket.ru/vol9368/part936874/936874560/images/big/1.webp
WBKANSTS229,https://basket-01.wbbasket.ru/vol33/part3392/3392600/images/big/1.webp
WBKANSTS230,https://basket-17.wbbasket.ru/vol2623/part262312/262312783/images/big/1.webp
WBKANSTS231,https://basket-03.wbbasket.ru/vol386/part38658/38658407/images/big/1.webp
WBKANSTS233,https://basket-25.wbbasket.ru/vol4532/part453288/453288297/images/big/1.webp
WBKANSTS240,https://basket-16.wbbasket.ru/vol2590/part259013/259013101/images/big/1.webp
WBKANSTS241,https://basket-40.wbbasket.ru/vol9459/part945955/945955216/images/big/1.webp
WBKANSTS244,https://basket-33.wbbasket.ru/vol6914/part691488/691488619/images/big/1.webp
WBKANSTS245,https://basket-05.wbbasket.ru/vol984/part98433/98433012/images/big/1.webp
WBKANSTS246,https://basket-19.wbbasket.ru/vol3259/part325942/325942039/images/big/1.webp
WBKANSTS248,https://basket-41.wbbasket.ru/vol9761/part976198/976198975/images/big/1.webp
WBKANSTS249,https://basket-41.wbbasket.ru/vol9799/part979980/979980361/images/big/1.webp
WBKANSTS250,https://basket-23.wbbasket.ru/vol4025/part402593/402593295/images/big/1.webp
WBKANSTS252,https://basket-20.wbbasket.ru/vol3383/part338321/338321808/images/big/1.webp
WBKANSTS253,https://basket-13.wbbasket.ru/vol2002/part200293/200293914/images/big/1.webp
WBKANSTS254,https://basket-13.wbbasket.ru/vol1983/part198353/198353434/images/big/1.webp
WBKANSTS255,https://basket-40.wbbasket.ru/vol9497/part949717/949717226/images/big/1.webp
WBKANSTS256,https://basket-10.wbbasket.ru/vol1432/part143256/143256879/images/big/1.webp
WBKANSTS257,https://basket-22.wbbasket.ru/vol3866/part386640/386640068/images/big/1.webp
WBKANSTS259,https://basket-33.wbbasket.ru/vol6830/part683028/683028852/images/big/1.webp
WBKANSTS262,https://basket-04.wbbasket.ru/vol502/part50280/50280409/images/big/1.webp
WBKANSTS264,https://resources.cdn-kaspi.kz/img/m/p/p5a/pf4/151859121.jpg?format=gallery-large
WBKANSTS265,https://basket-40.wbbasket.ru/vol9531/part953150/953150676/images/big/1.webp
WBKANSTS266,https://basket-10.wbbasket.ru/vol1430/part143087/143087682/images/big/1.webp
WBKANSTS269,https://basket-30.wbbasket.ru/vol5937/part593750/593750112/images/big/1.webp
WBKANSTS271,https://basket-41.wbbasket.ru/vol9669/part966962/966962130/images/big/1.webp
WBKANSTS274,https://basket-20.wbbasket.ru/vol3376/part337662/337662187/images/big/1.webp
WBKANSTS275,https://basket-25.wbbasket.ru/vol4481/part448134/448134001/images/big/1.webp
WBKANSTS276,https://basket-41.wbbasket.ru/vol10245/part1024536/1024536462/images/big/1.webp
WBKANSTS277,https://basket-23.wbbasket.ru/vol4128/part412815/412815128/images/big/1.webp
WBKANSTS279,https://basket-18.wbbasket.ru/vol2916/part291699/291699887/images/big/1.webp
WBKANSTS280,https://basket-24.wbbasket.ru/vol4299/part429959/429959511/images/big/1.webp
WBKANSTS281,https://basket-05.wbbasket.ru/vol726/part72637/72637039/images/big/1.webp
WBKANSTS284,https://basket-41.wbbasket.ru/vol9709/part970918/970918387/images/big/1.webp
WBKANSTS285,https://basket-13.wbbasket.ru/vol2017/part201790/201790396/images/big/1.webp
WBKANSTS287,https://basket-19.wbbasket.ru/vol3259/part325942/325942065/images/big/1.webp
WBKANSTS288,https://basket-19.wbbasket.ru/vol3259/part325942/325942090/images/big/1.webp
WBKANSTS290,https://basket-39.wbbasket.ru/vol8794/part879410/879410638/images/big/1.webp
WBKANSTS294,https://basket-26.wbbasket.ru/vol4671/part467199/467199333/images/big/1.webp
WBKANSTS295,https://basket-39.wbbasket.ru/vol9017/part901709/901709100/images/big/1.webp
WBKANSTS297,https://basket-25.wbbasket.ru/vol4481/part448133/448133849/images/big/1.webp
WBKANSTS299,https://basket-41.wbbasket.ru/vol9733/part973345/973345196/images/big/1.webp
WBKANSZER001,https://basket-10.wbbasket.ru/vol1523/part152309/152309087/images/big/1.webp
WBKANSZER002,https://basket-10.wbbasket.ru/vol1523/part152309/152309086/images/big/1.webp
WBKANSZER003,https://basket-30.wbbasket.ru/vol6088/part608868/608868582/images/big/1.webp
WBKANSZER005,https://basket-10.wbbasket.ru/vol1473/part147396/147396718/images/big/1.webp
WBKANSZER006,https://basket-17.wbbasket.ru/vol2715/part271522/271522273/images/big/1.webp
WBKANSZER007,https://basket-34.wbbasket.ru/vol7326/part732655/732655541/images/big/1.webp
WBKANSZER010,https://basket-12.wbbasket.ru/vol1800/part180002/180002620/images/big/1.webp
WBKANSZER011,https://basket-04.wbbasket.ru/vol545/part54555/54555941/images/big/1.webp
WBKANSZER012,https://basket-04.wbbasket.ru/vol545/part54555/54555942/images/big/1.webp
WBKANSZER013,https://basket-39.wbbasket.ru/vol9154/part915476/915476828/images/big/1.webp
WBKANSZER014,https://basket-01.wbbasket.ru/vol100/part10087/10087975/images/big/1.webp
WBKANSZER015,https://basket-39.wbbasket.ru/vol9154/part915476/915476822/images/big/1.webp
WBKANSZER016,https://basket-20.wbbasket.ru/vol3468/part346850/346850797/images/big/1.webp
WBKANSZER017,https://basket-10.wbbasket.ru/vol1439/part143920/143920297/images/big/1.webp
WBKANSZER018,https://basket-39.wbbasket.ru/vol9154/part915476/915476831/images/big/1.webp
WBKANSZER020,https://basket-17.wbbasket.ru/vol2715/part271522/271522280/images/big/1.webp
WBKANSZER021,https://basket-05.wbbasket.ru/vol822/part82212/82212146/images/big/1.webp
WBKANSZER022,https://basket-10.wbbasket.ru/vol1439/part143920/143920296/images/big/1.webp
WBKANSZER023,https://basket-11.wbbasket.ru/vol1632/part163295/163295250/images/big/1.webp
WBKANSZER024,https://basket-10.wbbasket.ru/vol1523/part152309/152309084/images/big/1.webp
WBKANSZER025,https://basket-10.wbbasket.ru/vol1523/part152309/152309079/images/big/1.webp
WBKANSZER026,https://basket-37.wbbasket.ru/vol8006/part800694/800694543/images/big/1.webp
WBKANSZER028,https://basket-05.wbbasket.ru/vol822/part82217/82217008/images/big/1.webp
WBKANSZER030,https://basket-10.wbbasket.ru/vol1523/part152309/152309072/images/big/1.webp
WBKANSZER031,https://basket-37.wbbasket.ru/vol8006/part800694/800694133/images/big/1.webp
WBKANSZER033,https://basket-37.wbbasket.ru/vol8006/part800694/800694535/images/big/1.webp
WBKANSZER034,https://basket-37.wbbasket.ru/vol8006/part800694/800694125/images/big/1.webp
WBKANSZER035,https://basket-10.wbbasket.ru/vol1523/part152309/152309088/images/big/1.webp
WBKANSZER038,https://basket-37.wbbasket.ru/vol8006/part800694/800694542/images/big/1.webp
WBKANSZER040,https://basket-37.wbbasket.ru/vol8006/part800694/800694898/images/big/1.webp
WBKANSZER041,https://basket-14.wbbasket.ru/vol2189/part218918/218918410/images/big/1.webp
WBKANSZER042,https://basket-37.wbbasket.ru/vol8006/part800694/800694638/images/big/1.webp
WBKANSZER044,https://basket-10.wbbasket.ru/vol1523/part152309/152309071/images/big/1.webp
WBKANSZER045,https://basket-37.wbbasket.ru/vol8006/part800694/800694557/images/big/1.webp
WBKANSZER046,https://basket-12.wbbasket.ru/vol1676/part167628/167628942/images/big/1.webp
WBKANSZER051,https://basket-37.wbbasket.ru/vol8006/part800695/800695032/images/big/1.webp
WBKANSZER053,https://basket-12.wbbasket.ru/vol1676/part167637/167637292/images/big/1.webp
WBKANSZER055,https://basket-37.wbbasket.ru/vol8006/part800694/800694776/images/big/1.webp
WBKANSZER056,https://basket-12.wbbasket.ru/vol1676/part167637/167637293/images/big/1.webp
WBKANSZER057,https://basket-37.wbbasket.ru/vol8006/part800694/800694459/images/big/1.webp
WBKANSZER058,https://basket-10.wbbasket.ru/vol1523/part152309/152309074/images/big/1.webp
WBKANSZER060,https://basket-05.wbbasket.ru/vol822/part82217/82217030/images/big/1.webp
WBKANSZER061,https://basket-37.wbbasket.ru/vol8006/part800694/800694545/images/big/1.webp
WBKANSZER062,https://basket-37.wbbasket.ru/vol8006/part800695/800695028/images/big/1.webp
WBKANSZER063,https://basket-37.wbbasket.ru/vol8006/part800694/800694630/images/big/1.webp
WBKANSZER065,https://basket-37.wbbasket.ru/vol8006/part800694/800694150/images/big/1.webp
WBKANSZER067,https://basket-37.wbbasket.ru/vol8006/part800694/800694761/images/big/1.webp
WBKANSZER068,https://basket-10.wbbasket.ru/vol1523/part152309/152309067/images/big/1.webp
WBKANSZER069,https://basket-37.wbbasket.ru/vol8006/part800694/800694531/images/big/1.webp
WBKANSZER070,https://basket-26.wbbasket.ru/vol4666/part466619/466619733/images/big/1.webp
WBKANSZER071,https://basket-10.wbbasket.ru/vol1523/part152309/152309068/images/big/1.webp
WBKANSZER074,https://basket-37.wbbasket.ru/vol8006/part800694/800694641/images/big/1.webp
WBKANSZER075,https://basket-37.wbbasket.ru/vol8006/part800694/800694639/images/big/1.webp
WBKANSZER078,https://basket-23.wbbasket.ru/vol3995/part399557/399557396/images/big/1.webp
WBKANSZER080,https://basket-37.wbbasket.ru/vol8006/part800694/800694130/images/big/1.webp
WBKANSZER084,https://basket-12.wbbasket.ru/vol1676/part167637/167637287/images/big/1.webp
WBKANSZER086,https://basket-37.wbbasket.ru/vol8006/part800694/800694650/images/big/1.webp
WBKANSZER087,https://basket-05.wbbasket.ru/vol822/part82217/82217018/images/big/1.webp
WBKANSZER088,https://basket-10.wbbasket.ru/vol1523/part152309/152309076/images/big/1.webp
WBKANSZER089,https://basket-13.wbbasket.ru/vol2030/part203071/203071710/images/big/1.webp
WBKANSZER090,https://basket-37.wbbasket.ru/vol8006/part800694/800694479/images/big/1.webp
WBKANSZER091,https://basket-16.wbbasket.ru/vol2578/part257826/257826573/images/big/1.webp
WBKANSZER092,https://basket-37.wbbasket.ru/vol8006/part800694/800694885/images/big/1.webp
WBKANSZER093,https://basket-37.wbbasket.ru/vol8006/part800694/800694458/images/big/1.webp
WBKANSZER094,https://basket-41.wbbasket.ru/vol9721/part972114/972114588/images/big/1.webp
WBKANSZER097,https://basket-12.wbbasket.ru/vol1676/part167637/167637273/images/big/1.webp
WBKANSZER100,https://basket-12.wbbasket.ru/vol1676/part167637/167637296/images/big/1.webp
WBKANSZER102,https://basket-33.wbbasket.ru/vol7015/part701564/701564886/images/big/1.webp
WBKANSZER110,https://basket-37.wbbasket.ru/vol8006/part800694/800694547/images/big/1.webp
WBKANSZER111,https://basket-37.wbbasket.ru/vol8006/part800694/800694473/images/big/1.webp
WBKANSZER112,https://basket-37.wbbasket.ru/vol8006/part800695/800695023/images/big/1.webp
WBKANSZER113,https://basket-37.wbbasket.ru/vol8006/part800694/800694753/images/big/1.webp
WBKANSZER116,https://basket-38.wbbasket.ru/vol8485/part848545/848545081/images/big/1.webp
WBKANSZER123,https://basket-38.wbbasket.ru/vol8485/part848545/848545077/images/big/1.webp
WBKANSZER124,https://basket-37.wbbasket.ru/vol8006/part800694/800694136/images/big/1.webp
WBKANSZER125,https://basket-37.wbbasket.ru/vol8006/part800694/800694484/images/big/1.webp
WBKANSZER128,https://basket-37.wbbasket.ru/vol8006/part800694/800694655/images/big/1.webp
WBKANSZER134,https://basket-37.wbbasket.ru/vol8006/part800694/800694394/images/big/1.webp
WBKANSZER137,https://basket-37.wbbasket.ru/vol8006/part800694/800694837/images/big/1.webp
WBKANSZER142,https://basket-37.wbbasket.ru/vol8006/part800695/800695158/images/big/1.webp
WBKANSZER149,https://basket-37.wbbasket.ru/vol8006/part800694/800694551/images/big/1.webp
WBKANSZER163,https://basket-37.wbbasket.ru/vol8006/part800694/800694644/images/big/1.webp
WBKANSZER164,https://basket-37.wbbasket.ru/vol8006/part800694/800694633/images/big/1.webp
WBKANSZER171,https://basket-04.wbbasket.ru/vol535/part53518/53518300/images/big/1.webp
WBKANSZER176,https://basket-37.wbbasket.ru/vol8006/part800695/800695157/images/big/1.webp
WBKANSZER177,https://basket-37.wbbasket.ru/vol8006/part800694/800694142/images/big/1.webp
WBKANSZER179,https://basket-37.wbbasket.ru/vol8006/part800694/800694908/images/big/1.webp
WBKANSZER194,https://basket-33.wbbasket.ru/vol7015/part701564/701564888/images/big/1.webp
WBKANSZER199,https://basket-37.wbbasket.ru/vol8006/part800695/800695175/images/big/1.webp
WBKANSZER200,https://basket-09.wbbasket.ru/vol1200/part120030/120030440/images/big/1.webp
WBKIDS02100,https://basket-44.wbbasket.ru/vol12018/part1201838/1201838376/images/big/1.webp
WBKIDS02101,https://basket-44.wbbasket.ru/vol12110/part1211092/1211092292/images/big/1.webp
WBKIDS02102,https://basket-44.wbbasket.ru/vol12018/part1201887/1201887437/images/big/1.webp
WBKIDS02103,https://basket-44.wbbasket.ru/vol12101/part1210164/1210164153/images/big/1.webp
WBKIDS02104,https://basket-40.wbbasket.ru/vol9568/part956821/956821719/images/big/1.webp
WBKIDS02105,https://basket-41.wbbasket.ru/vol9780/part978076/978076795/images/big/1.webp
WBKIDS02106,https://basket-42.wbbasket.ru/vol10670/part1067057/1067057235/images/big/1.webp
WBKIDS02107,https://basket-44.wbbasket.ru/vol12102/part1210205/1210205486/images/big/1.webp
WBKIDS02108,https://basket-41.wbbasket.ru/vol10220/part1022075/1022075634/images/big/1.webp
WBKIDS02109,https://basket-43.wbbasket.ru/vol11333/part1133338/1133338844/images/big/1.webp
WBKIDS30,https://basket-28.wbbasket.ru/vol5370/part537073/537073082/images/big/1.webp
WBKIDS31,https://basket-37.wbbasket.ru/vol8016/part801633/801633012/images/big/1.webp
WBKIDS32,https://basket-28.wbbasket.ru/vol5370/part537073/537073083/images/big/1.webp
WBKIDS33,https://basket-28.wbbasket.ru/vol5370/part537096/537096986/images/big/1.webp
WBKIDS34,https://basket-17.wbbasket.ru/vol2732/part273298/273298775/images/big/1.webp
WBKIDS35,https://basket-28.wbbasket.ru/vol5338/part533860/533860154/images/big/1.webp
WBKIDS36,https://basket-38.wbbasket.ru/vol8472/part847282/847282031/images/big/1.webp
WBKIDS37,https://basket-23.wbbasket.ru/vol3925/part392588/392588895/images/big/1.webp
WBKIDS38,https://basket-16.wbbasket.ru/vol2526/part252695/252695931/images/big/1.webp
WBKIDS39,https://basket-41.wbbasket.ru/vol9825/part982535/982535452/images/big/1.webp
WBKIDS40,https://basket-16.wbbasket.ru/vol2528/part252827/252827982/images/big/1.webp
WBKIDS41,https://basket-41.wbbasket.ru/vol9804/part980485/980485417/images/big/1.webp
WBKIDS43,https://basket-33.wbbasket.ru/vol6816/part681679/681679145/images/big/1.webp
WBKIDS43020,https://basket-39.wbbasket.ru/vol8852/part885269/885269609/images/big/1.webp
WBKIDS44,https://basket-18.wbbasket.ru/vol3052/part305240/305240503/images/big/1.webp
WBKIDS45,https://basket-30.wbbasket.ru/vol6083/part608358/608358646/images/big/1.webp
WBKIDS46,https://basket-10.wbbasket.ru/vol1508/part150857/150857011/images/big/1.webp
WBKIDS47,https://basket-34.wbbasket.ru/vol7272/part727215/727215466/images/big/1.webp
WBKIDS48,https://basket-03.wbbasket.ru/vol405/part40526/40526110/images/big/1.webp
WBKIDS49,https://basket-10.wbbasket.ru/vol1508/part150857/150857012/images/big/1.webp
WBKIDS50,https://basket-04.wbbasket.ru/vol494/part49416/49416067/images/big/1.webp
WBKIDS51,https://basket-04.wbbasket.ru/vol494/part49415/49415800/images/big/1.webp
WBKIDS52,https://basket-33.wbbasket.ru/vol6915/part691541/691541286/images/big/1.webp
WBKIDS53,https://basket-33.wbbasket.ru/vol6915/part691543/691543954/images/big/1.webp
WBKIDS54,https://basket-33.wbbasket.ru/vol6915/part691507/691507462/images/big/1.webp
WBKIDS55,https://basket-33.wbbasket.ru/vol6915/part691516/691516648/images/big/1.webp
WBKIDS56,https://basket-05.wbbasket.ru/vol727/part72797/72797038/images/big/1.webp
WBKIDS57,https://basket-05.wbbasket.ru/vol727/part72797/72797039/images/big/1.webp
WBKIDS58,https://basket-30.wbbasket.ru/vol6085/part608521/608521882/images/big/1.webp
WBKIDS59,https://basket-19.wbbasket.ru/vol3109/part310969/310969029/images/big/1.webp
WBKIDS60,https://basket-10.wbbasket.ru/vol1452/part145214/145214559/images/big/1.webp
WBKIDS61,https://basket-10.wbbasket.ru/vol1452/part145216/145216657/images/big/1.webp
WBKIDS62,https://basket-28.wbbasket.ru/vol5355/part535568/535568937/images/big/1.webp
WBKIDS63,https://basket-28.wbbasket.ru/vol5356/part535603/535603310/images/big/1.webp
WBKIDS64,https://basket-28.wbbasket.ru/vol5480/part548011/548011450/images/big/1.webp
WBKIDS6450,https://basket-04.wbbasket.ru/vol645/part64554/64554867/images/big/1.webp
WBKIDS6451,https://basket-04.wbbasket.ru/vol635/part63587/63587685/images/big/1.webp
WBKIDS6452,https://basket-10.wbbasket.ru/vol1434/part143465/143465129/images/big/1.webp
WBKIDS6453,https://basket-12.wbbasket.ru/vol1886/part188670/188670793/images/big/1.webp
WBKIDS6454,https://basket-12.wbbasket.ru/vol1827/part182721/182721104/images/big/1.webp
WBKIDS6455,https://basket-15.wbbasket.ru/vol2207/part220789/220789522/images/big/1.webp
WBKIDS6456,https://basket-15.wbbasket.ru/vol2228/part222858/222858532/images/big/1.webp
WBKIDS6457,https://basket-12.wbbasket.ru/vol1724/part172452/172452329/images/big/1.webp
WBKIDS6458,https://basket-01.wbbasket.ru/vol141/part14195/14195595/images/big/1.webp
WBKIDS6459,https://basket-12.wbbasket.ru/vol1724/part172452/172452307/images/big/1.webp
WBKIDS6460,https://basket-01.wbbasket.ru/vol141/part14195/14195596/images/big/1.webp
WBKIDS6461,https://basket-10.wbbasket.ru/vol1436/part143645/143645357/images/big/1.webp
WBKIDS6462,https://basket-26.wbbasket.ru/vol4816/part481692/481692604/images/big/1.webp
WBKIDS6463,https://basket-10.wbbasket.ru/vol1436/part143645/143645363/images/big/1.webp
WBKIDS6464,https://basket-27.wbbasket.ru/vol4905/part490544/490544020/images/big/1.webp
WBKIDS6465,https://basket-40.wbbasket.ru/vol9524/part952440/952440307/images/big/1.webp
WBKIDS6466,https://basket-30.wbbasket.ru/vol5988/part598836/598836170/images/big/1.webp
WBKIDS6467,https://basket-30.wbbasket.ru/vol5988/part598836/598836169/images/big/1.webp
WBKIDS6468,https://basket-20.wbbasket.ru/vol3413/part341356/341356237/images/big/1.webp
WBKIDS6469,https://basket-23.wbbasket.ru/vol4018/part401833/401833161/images/big/1.webp
WBKIDS6470,https://basket-23.wbbasket.ru/vol4111/part411114/411114316/images/big/1.webp
WBKIDS6471,https://basket-19.wbbasket.ru/vol3214/part321454/321454995/images/big/1.webp
WBKIDS6472,https://basket-23.wbbasket.ru/vol4018/part401814/401814457/images/big/1.webp
WBKIDS6473,https://basket-23.wbbasket.ru/vol4111/part411105/411105243/images/big/1.webp
WBKIDS6474,https://basket-23.wbbasket.ru/vol4110/part411095/411095766/images/big/1.webp
WBKIDS6475,https://basket-23.wbbasket.ru/vol4111/part411109/411109959/images/big/1.webp
WBKIDS65,https://basket-28.wbbasket.ru/vol5480/part548006/548006146/images/big/1.webp
WBKIDS66,https://basket-28.wbbasket.ru/vol5356/part535615/535615043/images/big/1.webp
WBKIDS67,https://basket-28.wbbasket.ru/vol5356/part535609/535609214/images/big/1.webp
WBKIDS68,https://basket-27.wbbasket.ru/vol4930/part493027/493027708/images/big/1.webp
WBKIDS69,https://basket-27.wbbasket.ru/vol4930/part493034/493034244/images/big/1.webp
WBKIDS70,https://basket-27.wbbasket.ru/vol4930/part493040/493040589/images/big/1.webp
WBKIDS71,https://basket-27.wbbasket.ru/vol4930/part493054/493054488/images/big/1.webp
WBKIDS900,https://basket-22.wbbasket.ru/vol3712/part371267/371267076/images/big/1.webp
WBKIDS901,https://basket-36.wbbasket.ru/vol7863/part786343/786343710/images/big/1.webp
WBKIDS902,https://basket-01.wbbasket.ru/vol23/part2360/2360953/images/big/1.webp
WBKIDS903,https://basket-12.wbbasket.ru/vol1900/part190001/190001879/images/big/1.webp
WBKIDS904,https://basket-28.wbbasket.ru/vol5278/part527860/527860298/images/big/1.webp
WBKIDS905,https://basket-24.wbbasket.ru/vol4232/part423266/423266593/images/big/1.webp
WBKIDS906,https://basket-05.wbbasket.ru/vol862/part86287/86287006/images/big/1.webp
WBKIDS907,https://basket-17.wbbasket.ru/vol2679/part267911/267911687/images/big/1.webp
WBKIDS908,https://basket-19.wbbasket.ru/vol3268/part326853/326853828/images/big/1.webp
WBKIDS909,https://basket-36.wbbasket.ru/vol7691/part769165/769165091/images/big/1.webp
WBKIDS910,https://basket-01.wbbasket.ru/vol22/part2244/2244059/images/big/1.webp
WBKIDS911,https://basket-20.wbbasket.ru/vol3408/part340801/340801335/images/big/1.webp
WBKIDS912,https://basket-22.wbbasket.ru/vol3703/part370352/370352721/images/big/1.webp
WBKIDS913,https://basket-29.wbbasket.ru/vol5564/part556440/556440352/images/big/1.webp
WBKIDS914,https://basket-01.wbbasket.ru/vol22/part2244/2244058/images/big/1.webp
WBKIDS915,https://basket-36.wbbasket.ru/vol7863/part786343/786343721/images/big/1.webp
WBKIDS916,https://basket-25.wbbasket.ru/vol4437/part443765/443765578/images/big/1.webp
WBKIDS917,https://basket-37.wbbasket.ru/vol8007/part800708/800708154/images/big/1.webp
WBKIDS918,https://basket-39.wbbasket.ru/vol8821/part882118/882118124/images/big/1.webp
WBKIDS920,https://basket-15.wbbasket.ru/vol2239/part223936/223936625/images/big/1.webp
WBKIDS921,https://basket-01.wbbasket.ru/vol118/part11813/11813827/images/big/1.webp
WBKIDS922,https://basket-20.wbbasket.ru/vol3279/part327923/327923078/images/big/1.webp
WBKIDS923,https://basket-15.wbbasket.ru/vol2233/part223353/223353482/images/big/1.webp
WBKIDS924,https://basket-01.wbbasket.ru/vol62/part6207/6207705/images/big/1.webp
WBKIDS925,https://basket-23.wbbasket.ru/vol4116/part411681/411681204/images/big/1.webp
WBKIDS926,https://basket-19.wbbasket.ru/vol3208/part320845/320845386/images/big/1.webp
WBKIDS927,https://basket-01.wbbasket.ru/vol129/part12996/12996447/images/big/1.webp
WBKIDS928,https://basket-08.wbbasket.ru/vol1150/part115035/115035584/images/big/1.webp
WBKIDS929,https://basket-37.wbbasket.ru/vol8040/part804027/804027077/images/big/1.webp
WBKIDS930,https://basket-24.wbbasket.ru/vol4344/part434474/434474035/images/big/1.webp
WBKIDS931,https://basket-10.wbbasket.ru/vol1437/part143765/143765641/images/big/1.webp
WBKIDS932,https://basket-05.wbbasket.ru/vol862/part86275/86275576/images/big/1.webp
WBKIDS933,https://basket-11.wbbasket.ru/vol1635/part163581/163581852/images/big/1.webp
WBKIDS934,https://basket-14.wbbasket.ru/vol2173/part217385/217385027/images/big/1.webp
WBKIDS935,https://basket-33.wbbasket.ru/vol6869/part686933/686933701/images/big/1.webp
WBKIDS936,https://basket-29.wbbasket.ru/vol5579/part557906/557906808/images/big/1.webp
WBKIDS937,https://basket-02.wbbasket.ru/vol156/part15610/15610541/images/big/1.webp
WBKIDS938,https://basket-01.wbbasket.ru/vol27/part2780/2780455/images/big/1.webp
WBKIDS939,https://basket-10.wbbasket.ru/vol1433/part143398/143398108/images/big/1.webp
WBKIDS940,https://basket-17.wbbasket.ru/vol2679/part267911/267911386/images/big/1.webp
WBKIDS941,https://basket-01.wbbasket.ru/vol105/part10525/10525964/images/big/1.webp
WBKIDS942,https://basket-16.wbbasket.ru/vol2447/part244704/244704686/images/big/1.webp
WBKIDS943,https://basket-19.wbbasket.ru/vol3064/part306435/306435715/images/big/1.webp
WBOOK22311,https://resources.cdn-kaspi.kz/img/m/p/p25/p55/143138854.jpg?format=gallery-large
WBOOK22315,https://resources.cdn-kaspi.kz/img/m/p/p4a/pbb/143284184.jpg?format=gallery-large
WBOOK22319,https://resources.cdn-kaspi.kz/img/m/p/p69/pb7/143283835.jpg?format=gallery-large
WBOOK22325,https://resources.cdn-kaspi.kz/img/m/p/p9b/p2b/103340343.jpg?format=gallery-large
WBOOK22329,https://resources.cdn-kaspi.kz/img/m/p/p5f/p67/143136913.jpg?format=gallery-large
WBOOK22333,https://resources.cdn-kaspi.kz/img/m/p/p13/pe2/143282930.jpg?format=gallery-large
WBOOK22336,https://resources.cdn-kaspi.kz/img/m/p/p97/p61/143135638.jpg?format=gallery-large
WBOOK22339,https://resources.cdn-kaspi.kz/img/m/p/p4a/p46/143282695.jpg?format=gallery-large
WBOOK22340,https://resources.cdn-kaspi.kz/img/m/p/p5e/pc4/143134590.jpg?format=gallery-large
WBOOK22347,https://resources.cdn-kaspi.kz/img/m/p/p78/p5b/143284707.jpg?format=gallery-large
WBOOK22363,https://resources.cdn-kaspi.kz/img/m/p/h1a/h08/86131878166558.jpg?format=gallery-large
WBOOK22390,https://resources.cdn-kaspi.kz/img/m/p/p2b/p9e/143263489.jpg?format=gallery-large
WBOOK22397,https://resources.cdn-kaspi.kz/img/m/p/p5f/p39/143251862.jpg?format=gallery-large
WBOOK22411,https://resources.cdn-kaspi.kz/img/m/p/p86/p48/143231938.jpg?format=gallery-large
WBOOK22414,https://basket-17.wbbasket.ru/vol2666/part266603/266603324/images/big/1.webp
WBOOK22419,https://resources.cdn-kaspi.kz/img/m/p/p1a/pde/143206026.jpg?format=gallery-large
WBOOK22420,https://basket-33.wbbasket.ru/vol7024/part702414/702414931/images/big/1.webp
WBOOK22421,https://resources.cdn-kaspi.kz/img/m/p/pe1/p37/143197952.jpg?format=gallery-large
WBOOK22423,https://resources.cdn-kaspi.kz/img/m/p/p8a/p4d/142883060.jpg?format=gallery-large
WBOOK22424,https://basket-40.wbbasket.ru/vol9331/part933172/933172286/images/big/1.webp
WBOOK22425,https://resources.cdn-kaspi.kz/img/m/p/p31/pd0/142882946.jpg?format=gallery-large
WBOOK22426,https://basket-03.wbbasket.ru/vol378/part37817/37817196/images/big/1.webp
WBOOK22427,https://resources.cdn-kaspi.kz/img/m/p/p25/pc9/142882968.jpg?format=gallery-large
WBOOK22428,https://resources.cdn-kaspi.kz/img/m/p/hf7/h09/86018926870558.jpg?format=gallery-large
WBOOK22429,https://resources.cdn-kaspi.kz/img/m/p/pd6/p51/142883078.jpg?format=gallery-large
WBOOK22430,https://resources.cdn-kaspi.kz/img/m/p/pb4/p38/143173719.jpg?format=gallery-large
WBOOK22450,https://resources.cdn-kaspi.kz/img/m/p/pc2/p15/143143184.jpg?format=gallery-large
WBOOK23120,https://basket-12.wbbasket.ru/vol1735/part173563/173563990/images/big/1.webp
WBOOK23121,https://basket-09.wbbasket.ru/vol1210/part121094/121094131/images/big/1.webp
WBOOK23122,https://basket-13.wbbasket.ru/vol1975/part197514/197514863/images/big/1.webp
WBOOK23123,https://basket-10.wbbasket.ru/vol1432/part143244/143244752/images/big/1.webp
WBOOK23124,https://basket-12.wbbasket.ru/vol1741/part174167/174167441/images/big/1.webp
WBOOK23127,https://basket-12.wbbasket.ru/vol1741/part174167/174167487/images/big/1.webp
WBOOK23128,https://basket-12.wbbasket.ru/vol1741/part174167/174167380/images/big/1.webp
WBOOK23129,https://basket-17.wbbasket.ru/vol2676/part267608/267608518/images/big/1.webp
WBOOK23130,https://resources.cdn-kaspi.kz/img/m/p/h19/h74/84529174052894.jpg?format=gallery-large
WBOOK23131,https://basket-10.wbbasket.ru/vol1413/part141371/141371360/images/big/1.webp
WBOOK23132,https://basket-02.wbbasket.ru/vol153/part15350/15350245/images/big/1.webp
WBOOK23133,https://basket-16.wbbasket.ru/vol2594/part259409/259409754/images/big/1.webp
WBOOK23134,https://basket-19.wbbasket.ru/vol3126/part312632/312632177/images/big/1.webp
WBOOK23135,https://basket-05.wbbasket.ru/vol822/part82268/82268486/images/big/1.webp
WBOOK23136,https://basket-02.wbbasket.ru/vol195/part19534/19534016/images/big/1.webp
WBOOK23137,https://basket-05.wbbasket.ru/vol822/part82268/82268497/images/big/1.webp
WBOOK23138,https://basket-06.wbbasket.ru/vol1033/part103367/103367860/images/big/1.webp
WBOOK24500,https://basket-38.wbbasket.ru/vol8458/part845822/845822669/images/big/1.webp
WBOOK24503,https://basket-19.wbbasket.ru/vol3112/part311206/311206148/images/big/1.webp
WBOOK24508,https://basket-12.wbbasket.ru/vol1793/part179369/179369138/images/big/1.webp
WBOOK24512,https://basket-19.wbbasket.ru/vol3112/part311217/311217364/images/big/1.webp
WBOOK24516,https://basket-16.wbbasket.ru/vol2519/part251945/251945297/images/big/1.webp
WBOOK24518,https://basket-16.wbbasket.ru/vol2519/part251950/251950469/images/big/1.webp
WBOOK24519,https://basket-15.wbbasket.ru/vol2224/part222439/222439598/images/big/1.webp
WBOOK24520,https://basket-10.wbbasket.ru/vol1518/part151895/151895006/images/big/1.webp
WBOOK24523,https://basket-10.wbbasket.ru/vol1518/part151896/151896402/images/big/1.webp
WBOOK24525,https://basket-15.wbbasket.ru/vol2224/part222437/222437697/images/big/1.webp
WBOOK24526,https://basket-12.wbbasket.ru/vol1667/part166725/166725560/images/big/1.webp
WBOOK24527,https://basket-15.wbbasket.ru/vol2224/part222439/222439916/images/big/1.webp
WBOOK24528,https://basket-10.wbbasket.ru/vol1518/part151899/151899947/images/big/1.webp
WBOOK24529,https://basket-15.wbbasket.ru/vol2224/part222437/222437230/images/big/1.webp
WBOOK24531,https://basket-10.wbbasket.ru/vol1593/part159350/159350296/images/big/1.webp
WBOOK24532,https://basket-11.wbbasket.ru/vol1654/part165463/165463114/images/big/1.webp
WBOOK24534,https://basket-12.wbbasket.ru/vol1793/part179362/179362279/images/big/1.webp
WBOOK24536,https://basket-12.wbbasket.ru/vol1793/part179359/179359588/images/big/1.webp
WBOOK24538,https://basket-11.wbbasket.ru/vol1641/part164142/164142778/images/big/1.webp
WBOOK24540,https://basket-10.wbbasket.ru/vol1593/part159346/159346146/images/big/1.webp
WBOOK24544,https://basket-12.wbbasket.ru/vol1775/part177582/177582441/images/big/1.webp
WBOOK24545,https://basket-09.wbbasket.ru/vol1193/part119392/119392934/images/big/1.webp
WBOOK24546,https://basket-10.wbbasket.ru/vol1522/part152202/152202596/images/big/1.webp
WBOOK24548,https://basket-10.wbbasket.ru/vol1522/part152204/152204917/images/big/1.webp
WBOOK24549,https://basket-16.wbbasket.ru/vol2519/part251949/251949195/images/big/1.webp
WBOOK24550,https://basket-16.wbbasket.ru/vol2618/part261889/261889649/images/big/1.webp
WBOOK24553,https://basket-20.wbbasket.ru/vol3309/part330933/330933290/images/big/1.webp
WBOOK24554,https://basket-12.wbbasket.ru/vol1798/part179850/179850577/images/big/1.webp
WBOOK24555,https://basket-03.wbbasket.ru/vol355/part35519/35519623/images/big/1.webp
WBOOK24557,https://basket-15.wbbasket.ru/vol2262/part226245/226245895/images/big/1.webp
WBOOK24559,https://basket-20.wbbasket.ru/vol3309/part330959/330959490/images/big/1.webp
WBOOK24560,https://basket-05.wbbasket.ru/vol796/part79601/79601849/images/big/1.webp
WBOOK24561,https://resources.cdn-kaspi.kz/img/m/p/pe1/pb0/140463398.jpg?format=gallery-large
WBOOK24562,https://basket-05.wbbasket.ru/vol796/part79601/79601861/images/big/1.webp
WBOOK24563,https://basket-29.wbbasket.ru/vol5669/part566974/566974604/images/big/1.webp
WBOOK24564,https://basket-10.wbbasket.ru/vol1574/part157430/157430109/images/big/1.webp
WBOOK24565,https://basket-10.wbbasket.ru/vol1406/part140644/140644093/images/big/1.webp
WBOOK24566,https://basket-16.wbbasket.ru/vol2618/part261841/261841431/images/big/1.webp
WBOOK24567,https://basket-12.wbbasket.ru/vol1667/part166765/166765174/images/big/1.webp
WBOOK24568,https://basket-34.wbbasket.ru/vol7293/part729395/729395253/images/big/1.webp
WBOOK24570,https://basket-19.wbbasket.ru/vol3093/part309397/309397484/images/big/1.webp
WBOOK24571,https://basket-28.wbbasket.ru/vol5229/part522940/522940397/images/big/1.webp
WBOOK24572,https://basket-12.wbbasket.ru/vol1775/part177578/177578987/images/big/1.webp
WBOOK24574,https://basket-15.wbbasket.ru/vol2262/part226243/226243185/images/big/1.webp
WBOOK24575,https://basket-12.wbbasket.ru/vol1667/part166764/166764314/images/big/1.webp
WBOOK24576,https://basket-15.wbbasket.ru/vol2262/part226239/226239326/images/big/1.webp
WBOOK24578,https://basket-29.wbbasket.ru/vol5614/part561482/561482485/images/big/1.webp
WBOOK24579,https://basket-19.wbbasket.ru/vol3094/part309401/309401751/images/big/1.webp
WBOOK24580,https://basket-10.wbbasket.ru/vol1376/part137688/137688367/images/big/1.webp
WBOOK24581,https://basket-02.wbbasket.ru/vol193/part19331/19331337/images/big/1.webp
WBOOK24582,https://basket-16.wbbasket.ru/vol2569/part256987/256987879/images/big/1.webp
WBOOK24583,https://basket-20.wbbasket.ru/vol3327/part332752/332752677/images/big/1.webp
WBOOK24584,https://basket-34.wbbasket.ru/vol7293/part729395/729395188/images/big/1.webp
WBOOK24595,https://basket-12.wbbasket.ru/vol1670/part167081/167081882/images/big/1.webp
WBOOK24596,https://basket-12.wbbasket.ru/vol1670/part167081/167081423/images/big/1.webp
WBOOK48200,https://basket-06.wbbasket.ru/vol1054/part105423/105423352/images/big/1.webp
WBOOK48201,https://basket-03.wbbasket.ru/vol412/part41288/41288648/images/big/1.webp
WBOOK48203,https://resources.cdn-kaspi.kz/img/m/p/pdb/p50/138378979.jpg?format=gallery-large
WBOOK48204,https://basket-02.wbbasket.ru/vol216/part21645/21645437/images/big/1.webp
WBOOK48205,https://basket-03.wbbasket.ru/vol407/part40761/40761076/images/big/1.webp
WBOOK48206,https://basket-04.wbbasket.ru/vol562/part56227/56227234/images/big/1.webp
WBOOK48207,https://basket-30.wbbasket.ru/vol5848/part584828/584828717/images/big/1.webp
WBOOK48208,https://basket-27.wbbasket.ru/vol4895/part489543/489543073/images/big/1.webp
WBOOK48210,https://resources.cdn-kaspi.kz/img/m/p/p1b/p23/138378399.jpg?format=gallery-large
WBOOK48211,https://basket-02.wbbasket.ru/vol163/part16386/16386061/images/big/1.webp
WBOOK48212,https://basket-09.wbbasket.ru/vol1192/part119279/119279679/images/big/1.webp
WBOOK48213,https://basket-19.wbbasket.ru/vol3174/part317458/317458980/images/big/1.webp
WBOOK48214,https://basket-14.wbbasket.ru/vol2114/part211422/211422612/images/big/1.webp
WBOOK48215,https://basket-25.wbbasket.ru/vol4406/part440693/440693144/images/big/1.webp
WBRAMADAN01,https://resources.cdn-kaspi.kz/img/m/p/pf2/pd5/97951121.jpeg?format=gallery-large
WBRAMADAN04,https://resources.cdn-kaspi.kz/img/m/p/pa3/p3e/97784059.jpeg?format=gallery-large
WBRAMADAN05,https://resources.cdn-kaspi.kz/img/m/p/p4b/pc7/97782991.jpeg?format=gallery-large
WBRAMADAN06,https://resources.cdn-kaspi.kz/img/m/p/pd4/pcc/98169421.jpeg?format=gallery-large
WBRAMADAN07,https://resources.cdn-kaspi.kz/img/m/p/pd5/p29/97800225.jpeg?format=gallery-large
WBRAMADAN08,https://resources.cdn-kaspi.kz/img/m/p/p85/p9f/97950934.jpeg?format=gallery-large
WBRAMADAN09,https://resources.cdn-kaspi.kz/img/m/p/pd8/p64/97781917.jpeg?format=gallery-large
WBRAMADAN10,https://resources.cdn-kaspi.kz/img/m/p/p10/ped/98501967.jpeg?format=gallery-large
WBRAMADAN11,https://resources.cdn-kaspi.kz/img/m/p/pfa/p41/97951147.jpeg?format=gallery-large
WBRAMADAN12,https://resources.cdn-kaspi.kz/img/m/p/p36/p69/97781493.jpeg?format=gallery-large
WBRAMADAN14,https://resources.cdn-kaspi.kz/img/m/p/p73/pf5/97782404.jpeg?format=gallery-large
WBRAMADAN15,https://resources.cdn-kaspi.kz/img/m/p/p36/p91/98126643.jpeg?format=gallery-large
WBRAMADAN18,https://resources.cdn-kaspi.kz/img/m/p/p57/pa7/98166702.jpeg?format=gallery-large
